{
  "deltas": [
    0.8556486368179321,
    0.9998757839202881,
    1.1625436544418335,
    1.1413992643356323,
    1.23582923412323,
    1.4790189266204834,
    1.50247061252594,
    0.8342540860176086,
    2.4780609607696533,
    1.4637545347213745
  ],
  "eta": 1.0439201593399048,
  "a": [
    -0.11977553367614746,
    -0.27329376339912415,
    0.01046476699411869,
    0.6305046677589417,
    0.9994192719459534,
    0.8035014271736145,
    1.0776560306549072,
    0.7351582646369934,
    0.9502850770950317,
    1.3407721519470215
  ]
}