{
  "deltas": [
    0.8854855298995972,
    0.9951570630073547,
    1.008866786956787,
    1.0681872367858887,
    1.0485738515853882,
    1.2108733654022217,
    1.40171480178833,
    0.9416428208351135,
    2.6185555458068848,
    2.0809426307678223
  ],
  "eta": 1.1645859479904175
}