{
  "deltas": [
    1.3423404693603516,
    1.35431706905365,
    1.2801040410995483,
    1.27512526512146,
    1.3200280666351318,
    1.3902983665466309,
    1.4416500329971313,
    1.425541639328003,
    1.4853590726852417,
    1.1908237934112549
  ],
  "eta": 1.2124487161636353,
  "a": [
    0.0320955365896225,
    -0.03385525569319725,
    0.17247366905212402,
    0.32716870307922363,
    0.38481560349464417,
    0.43967270851135254,
    0.5442982912063599,
    0.6604055762290955,
    0.8092434406280518,
    1.2519068717956543
  ]
}