{
  "deltas": [
    0.9189682006835938,
    0.9747540950775146,
    0.9648066163063049,
    0.9518560171127319,
    1.0352555513381958,
    1.0723356008529663,
    0.9976226687431335,
    1.0674877166748047,
    1.1553345918655396,
    1.089425802230835,
    1.3508226871490479,
    1.2516738176345825,
    1.3884766101837158,
    1.3965924978256226,
    1.403256893157959
  ],
  "eta": 1.0430810451507568,
  "a": [
    0.044320520013570786,
    0.005452250130474567,
    0.14667187631130219,
    0.1922440230846405,
    0.2778700888156891,
    0.437966525554657,
    0.4955933392047882,
    0.3853743076324463,
    0.5415957570075989,
    0.7541067004203796,
    0.8413504362106323,
    0.9200950264930725,
    0.8902719020843506,
    0.9418603181838989,
    0.8714914917945862
  ]
}