{
    "J": [
        [
            9
        ],
        [
            1
        ],
        [
            1,
            4
        ],
        [
            1,
            5
        ],
        [
            2,
            5
        ],
        [
            0,
            2
        ],
        [
            3,
            10
        ],
        [
            0,
            9
        ],
        [
            3
        ],
        [
            5,
            11
        ],
        [
            7,
            9
        ],
        [
            0,
            5
        ],
        [
            8,
            11
        ],
        [
            2,
            11
        ],
        [
            5
        ],
        [
            4,
            9
        ],
        [
            2,
            10
        ],
        [
            5,
            6
        ],
        [
            2,
            7
        ],
        [
            4,
            6
        ],
        [
            0,
            7
        ],
        [
            6,
            8
        ],
        [
            2
        ]
    ],
    "c": [
        9.238880166962273,
        10.662287087998283,
        0.6056935638330372,
        9.059071772398333,
        9.676466644247087,
        1.3283994935907177,
        10.061445303127181,
        0.7040480214484268,
        10.393183361461041,
        2.4859116316802856,
        9.233919679161858,
        8.712928414188326,
        1.5318914757667332,
        10.677923348097314,
        10.042838630287743,
        9.900900505926415,
        10.77481762537358,
        0.7767281301617344,
        1.7539644973882074,
        11.116316965803092,
        12.452071754147436,
        10.469662797441044,
        -0.5077800423250389
    ],
    "label": {
        "x": [
            0.0,
            0.0,
            0.0,
            0.0,
            1.0,
            1.0,
            0.0,
            1.0,
            1.0,
            0.0,
            1.0,
            1.0
        ],
        "z": [
            -1.0,
            -1.0,
            -1.0,
            -1.0,
            1.0,
            1.0,
            -1.0,
            1.0,
            1.0,
            -1.0,
            1.0,
            1.0
        ],
        "obj_val": -128.96539232261722
    }
}