{
    "J": [
        [
            8,
            9
        ],
        [
            1,
            11
        ],
        [
            5,
            10
        ],
        [
            11
        ],
        [
            4,
            8
        ],
        [
            5
        ],
        [
            9,
            11
        ],
        [
            2,
            6
        ],
        [
            6,
            7
        ],
        [
            1,
            7
        ],
        [
            2,
            10
        ],
        [
            4,
            11
        ],
        [
            5,
            11
        ],
        [
            8,
            10
        ],
        [
            5,
            6
        ],
        [
            1,
            10
        ],
        [
            2,
            9
        ],
        [
            5,
            9
        ],
        [
            4,
            5
        ],
        [
            9
        ],
        [
            4
        ],
        [
            3,
            9
        ],
        [
            3,
            10
        ]
    ],
    "c": [
        1.2858067239797228,
        1.1636614252537665,
        11.39163172610379,
        2.4731815643926147,
        1.195011063157015,
        1.3107704574688812,
        1.8803906330008573,
        10.079290460831396,
        11.39713553627084,
        0.6001852901823561,
        -0.37029851953017445,
        9.075958110485278,
        0.4117769452348491,
        9.586855367360217,
        0.14185204900909787,
        3.2561728269035366,
        0.6068529056692571,
        10.924347749590698,
        7.854932620391541,
        10.387813420428012,
        1.3022240566024987,
        -0.0484334135924267,
        10.198749314903194
    ],
    "label": {
        "x": [
            0.0,
            1.0,
            0.0,
            1.0,
            0.0,
            1.0,
            1.0,
            0.0,
            1.0,
            0.0,
            0.0,
            1.0
        ],
        "z": [
            -1.0,
            1.0,
            -1.0,
            1.0,
            -1.0,
            1.0,
            1.0,
            -1.0,
            1.0,
            -1.0,
            -1.0,
            1.0
        ],
        "obj_val": -94.63027465910025
    }
}