{
    "J": [
        [
            7,
            9
        ],
        [
            0,
            4
        ],
        [
            5,
            8
        ],
        [
            1,
            7
        ],
        [
            4,
            8
        ],
        [
            2,
            4
        ],
        [
            8,
            11
        ],
        [
            3
        ],
        [
            3,
            10
        ],
        [
            1,
            6
        ],
        [
            0,
            1
        ],
        [
            1,
            8
        ],
        [
            10
        ],
        [
            5,
            6
        ],
        [
            9,
            11
        ],
        [
            2,
            6
        ],
        [
            1
        ],
        [
            6,
            11
        ],
        [
            1,
            3
        ],
        [
            3,
            11
        ],
        [
            0,
            8
        ],
        [
            7,
            8
        ],
        [
            6,
            9
        ],
        [
            9,
            10
        ],
        [
            6,
            10
        ],
        [
            2,
            9
        ],
        [
            4,
            9
        ],
        [
            8,
            10
        ],
        [
            3,
            6
        ],
        [
            1,
            4
        ],
        [
            6
        ],
        [
            7,
            11
        ],
        [
            4,
            7
        ],
        [
            3,
            7
        ],
        [
            0,
            5
        ],
        [
            3,
            8
        ],
        [
            3,
            5
        ],
        [
            5,
            11
        ],
        [
            7
        ],
        [
            0
        ],
        [
            5,
            10
        ],
        [
            2,
            10
        ],
        [
            3,
            4
        ],
        [
            0,
            6
        ],
        [
            4,
            6
        ],
        [
            1,
            11
        ]
    ],
    "c": [
        -0.4037030523533012,
        1.1258808498251482,
        8.850561761154218,
        8.057511673202967,
        -0.7805051541916792,
        9.373410088322338,
        2.4047675539706237,
        9.698131884481965,
        -1.1709986826411858,
        -0.7923550531256613,
        11.74232591886698,
        11.671589763823008,
        10.773068289865861,
        11.263159222200926,
        2.358907868820305,
        10.002208656734119,
        0.8760576759844602,
        -0.7384988991806187,
        0.5681654568440425,
        10.510964738590165,
        9.060950802310506,
        -0.34045458029622844,
        9.134429188658215,
        0.4570598705888381,
        -0.3391695073787411,
        0.6733721822816052,
        10.516024972231849,
        0.09929079598758705,
        9.87523827404891,
        1.3624948981087308,
        11.105233041017,
        11.064286040300777,
        10.687321790926038,
        9.606088346937499,
        1.6478170702843804,
        1.981922012061129,
        11.055354199567619,
        8.602539830993804,
        1.3801293710414253,
        0.4693533290884945,
        0.7024373104723175,
        9.975667870895501,
        1.161163569984306,
        -0.8474356204465217,
        2.5063902159588256,
        0.7106765197320383
    ],
    "label": {
        "x": [
            1.0,
            0.0,
            1.0,
            0.0,
            0.0,
            1.0,
            0.0,
            1.0,
            0.0,
            1.0,
            0.0,
            0.0
        ],
        "z": [
            1.0,
            -1.0,
            1.0,
            -1.0,
            -1.0,
            1.0,
            -1.0,
            1.0,
            -1.0,
            1.0,
            -1.0,
            -1.0
        ],
        "obj_val": -142.10262155068244
    }
}