{
    "J": [
        [
            7,
            11
        ],
        [
            2,
            3
        ],
        [
            1,
            9
        ],
        [
            6
        ],
        [
            2,
            5
        ],
        [
            0,
            9
        ],
        [
            4
        ],
        [
            9
        ],
        [
            9,
            11
        ],
        [
            3,
            10
        ],
        [
            4,
            11
        ],
        [
            3,
            5
        ],
        [
            10,
            11
        ],
        [
            5,
            11
        ],
        [
            2,
            8
        ],
        [
            2,
            7
        ],
        [
            6,
            9
        ],
        [
            6,
            7
        ],
        [
            0
        ],
        [
            7,
            9
        ],
        [
            4,
            7
        ],
        [
            7,
            8
        ],
        [
            2,
            9
        ],
        [
            9,
            10
        ],
        [
            4,
            10
        ],
        [
            0,
            10
        ],
        [
            4,
            8
        ],
        [
            1
        ],
        [
            5,
            7
        ],
        [
            8,
            11
        ],
        [
            0,
            11
        ],
        [
            3,
            11
        ],
        [
            1,
            2
        ],
        [
            1,
            10
        ],
        [
            1,
            4
        ],
        [
            5,
            9
        ],
        [
            1,
            7
        ],
        [
            3,
            8
        ],
        [
            0,
            3
        ],
        [
            6,
            8
        ],
        [
            4,
            5
        ],
        [
            3,
            4
        ],
        [
            2,
            10
        ],
        [
            1,
            3
        ],
        [
            0,
            6
        ],
        [
            5
        ]
    ],
    "c": [
        0.5430607239641736,
        11.970065229153528,
        9.741444046226542,
        0.03331144643794415,
        9.366739157076669,
        10.549359374033939,
        10.950478122705649,
        8.161575473007375,
        10.810839041281243,
        9.298245779784262,
        1.171829677038207,
        -0.10185247057029012,
        2.950854550766877,
        1.3234937860673581,
        8.560659101288618,
        2.1777399532338153,
        8.839236574414961,
        2.9668329663304958,
        9.43978290133705,
        8.985306605649587,
        9.846938264615014,
        1.9709538275879575,
        10.183470517374023,
        1.3206131782062513,
        12.214052107909344,
        10.73174115227247,
        9.855851440713655,
        0.9173050698216465,
        9.604545941173948,
        10.255135757260481,
        0.024991596368080793,
        8.796047226093751,
        0.6315379801993984,
        0.49755414701633605,
        -0.28321977337632487,
        9.571543411216332,
        2.131381779449436,
        7.827625567688699,
        1.3944180836094606,
        9.821903595287191,
        9.692958339233643,
        10.878682317593329,
        0.9827312212611111,
        0.8546147503428729,
        9.839353288964,
        9.460377005742576
    ],
    "label": {
        "x": [
            0.0,
            0.0,
            0.0,
            1.0,
            0.0,
            0.0,
            0.0,
            1.0,
            1.0,
            1.0,
            1.0,
            0.0
        ],
        "z": [
            -1.0,
            -1.0,
            -1.0,
            1.0,
            -1.0,
            -1.0,
            -1.0,
            1.0,
            1.0,
            1.0,
            1.0,
            -1.0
        ],
        "obj_val": -148.0981008658624
    }
}