{
    "J": [
        [
            7,
            11
        ],
        [
            10
        ],
        [
            5,
            10
        ],
        [
            0,
            11
        ],
        [
            6,
            11
        ],
        [
            0
        ],
        [
            3,
            9
        ],
        [
            3,
            10
        ],
        [
            1,
            8
        ],
        [
            8
        ],
        [
            7,
            10
        ],
        [
            4,
            6
        ],
        [
            0,
            1
        ],
        [
            5
        ],
        [
            0,
            4
        ],
        [
            3,
            11
        ],
        [
            0,
            2
        ],
        [
            1,
            3
        ],
        [
            6
        ],
        [
            1,
            5
        ],
        [
            3
        ],
        [
            2,
            9
        ],
        [
            1
        ],
        [
            2,
            5
        ],
        [
            1,
            11
        ],
        [
            4
        ],
        [
            5,
            11
        ],
        [
            6,
            9
        ],
        [
            6,
            10
        ],
        [
            4,
            5
        ],
        [
            4,
            10
        ],
        [
            3,
            7
        ],
        [
            0,
            3
        ],
        [
            2,
            10
        ],
        [
            1,
            4
        ],
        [
            7,
            9
        ],
        [
            8,
            11
        ],
        [
            2,
            3
        ],
        [
            10,
            11
        ],
        [
            2,
            8
        ],
        [
            7
        ],
        [
            2,
            4
        ],
        [
            8,
            10
        ],
        [
            9,
            10
        ],
        [
            2,
            7
        ],
        [
            6,
            7
        ]
    ],
    "c": [
        0.9076098226599346,
        0.8123801834525479,
        9.991343726067667,
        -0.056724555719629866,
        10.205053650259071,
        1.7862083523080545,
        0.950462429787839,
        -0.1541176585534325,
        2.0634817778402788,
        9.743654400986085,
        9.830460824690794,
        9.342290242895762,
        0.6892438489541284,
        2.5926455785569904,
        9.609104539709438,
        8.708708635328886,
        9.354815950239006,
        0.2432509396931627,
        1.9109040117002285,
        0.4343373060251434,
        8.606764270864348,
        0.4238907049640419,
        0.9026711985982443,
        1.2936037704823924,
        -0.03929114206681117,
        7.364158707275273,
        11.403163883123055,
        1.7820186031632321,
        0.6279173233640587,
        8.913649229948541,
        8.722327378186346,
        8.621355056241779,
        9.221616861961566,
        9.191726968729688,
        0.17826540347381503,
        1.1142483758693686,
        0.9821112451742489,
        0.3772367562628224,
        0.9907739751515087,
        2.283309944067677,
        0.2237735489053122,
        1.6093490394076917,
        9.953786843117946,
        2.6323531971331597,
        0.35893949107953005,
        10.413079785232865
    ],
    "label": {
        "x": [
            0.0,
            1.0,
            1.0,
            0.0,
            1.0,
            0.0,
            0.0,
            1.0,
            0.0,
            1.0,
            0.0,
            1.0
        ],
        "z": [
            -1.0,
            1.0,
            1.0,
            -1.0,
            1.0,
            -1.0,
            -1.0,
            1.0,
            -1.0,
            1.0,
            -1.0,
            1.0
        ],
        "obj_val": -111.74958993434532
    }
}