{
    "J": [
        [
            4,
            7
        ],
        [
            9,
            10
        ],
        [
            7,
            9
        ],
        [
            0
        ],
        [
            5,
            11
        ],
        [
            8,
            10
        ],
        [
            0,
            2
        ],
        [
            11
        ],
        [
            0,
            9
        ],
        [
            4
        ],
        [
            2
        ],
        [
            6,
            9
        ],
        [
            0,
            5
        ],
        [
            6,
            8
        ],
        [
            9
        ],
        [
            0,
            6
        ],
        [
            4,
            10
        ],
        [
            4,
            8
        ],
        [
            3,
            8
        ],
        [
            6,
            10
        ],
        [
            4,
            9
        ],
        [
            4,
            6
        ],
        [
            0,
            3
        ],
        [
            2,
            8
        ],
        [
            0,
            11
        ],
        [
            5,
            10
        ],
        [
            3,
            9
        ],
        [
            2,
            3
        ],
        [
            5,
            7
        ],
        [
            2,
            7
        ],
        [
            3,
            11
        ],
        [
            2,
            10
        ],
        [
            0,
            7
        ],
        [
            2,
            5
        ],
        [
            2,
            9
        ],
        [
            1,
            11
        ],
        [
            0,
            8
        ],
        [
            1
        ],
        [
            8,
            11
        ],
        [
            5,
            9
        ],
        [
            1,
            9
        ],
        [
            7
        ],
        [
            6,
            11
        ],
        [
            9,
            11
        ],
        [
            3,
            7
        ],
        [
            7,
            11
        ]
    ],
    "c": [
        11.040917545130132,
        10.435995269258548,
        1.2858759397387993,
        9.240679904449687,
        -0.17522113370255088,
        -0.13096790259267355,
        10.230706717570985,
        10.101966696447255,
        10.507838511060593,
        10.127330827461268,
        10.117765075634479,
        9.443595745795099,
        0.835907081192905,
        1.947059236016463,
        1.3289435178837528,
        11.542650736805793,
        7.956754326184635,
        1.3420145390921325,
        9.348417661695693,
        10.981612511221819,
        1.8332448812982234,
        1.4821707169796539,
        8.34609440840821,
        1.373943086601262,
        1.5734489518896289,
        9.903638351531763,
        2.301091921628702,
        11.041154839661907,
        9.13994595407261,
        1.9598547441735983,
        9.973093560531149,
        9.631155495466762,
        1.1621099079220638,
        1.196046956851088,
        8.573410064484646,
        1.4512769927142972,
        10.46909654527466,
        0.5742295503363417,
        9.512516926459252,
        -0.36214306067030777,
        -0.08495008555975692,
        3.0422696068830963,
        10.553792215826999,
        10.662148038197513,
        9.233173712552384,
        10.272470901809537
    ],
    "label": {
        "x": [
            0.0,
            1.0,
            0.0,
            1.0,
            0.0,
            0.0,
            1.0,
            1.0,
            1.0,
            1.0,
            1.0,
            0.0
        ],
        "z": [
            -1.0,
            1.0,
            -1.0,
            1.0,
            -1.0,
            -1.0,
            1.0,
            1.0,
            1.0,
            1.0,
            1.0,
            -1.0
        ],
        "obj_val": -135.58965747434956
    }
}