{
    "J": [
        [
            1,
            6
        ],
        [
            11
        ],
        [
            5,
            6
        ],
        [
            7,
            8
        ],
        [
            1,
            7
        ],
        [
            6,
            9
        ],
        [
            2,
            11
        ],
        [
            0,
            1
        ],
        [
            1,
            5
        ],
        [
            4,
            7
        ],
        [
            8,
            9
        ],
        [
            3,
            8
        ],
        [
            0,
            10
        ],
        [
            4,
            5
        ],
        [
            0,
            7
        ],
        [
            7,
            11
        ],
        [
            2,
            10
        ],
        [
            4,
            11
        ],
        [
            5,
            10
        ],
        [
            0,
            8
        ],
        [
            7,
            10
        ],
        [
            3,
            6
        ],
        [
            4,
            10
        ],
        [
            1,
            2
        ],
        [
            2,
            3
        ],
        [
            6,
            11
        ],
        [
            1,
            10
        ],
        [
            1,
            9
        ],
        [
            2,
            6
        ],
        [
            2
        ],
        [
            9
        ],
        [
            0,
            3
        ],
        [
            2,
            5
        ],
        [
            5,
            8
        ],
        [
            2,
            4
        ],
        [
            3,
            7
        ],
        [
            8,
            11
        ],
        [
            10,
            11
        ],
        [
            9,
            10
        ],
        [
            7,
            9
        ],
        [
            2,
            8
        ],
        [
            6,
            7
        ],
        [
            5
        ],
        [
            9,
            11
        ],
        [
            1,
            11
        ],
        [
            5,
            7
        ]
    ],
    "c": [
        0.7461607615440904,
        0.9742941587869751,
        0.10352763277351584,
        2.5734498045787166,
        10.28224982946503,
        3.3369095117474328,
        7.952089457919935,
        9.729363550931735,
        10.11365130274884,
        9.752871149670803,
        11.14389763491123,
        8.59917629051509,
        11.561767474662068,
        1.1486034765195845,
        10.93988099506748,
        2.3506425474309314,
        0.2022318450566607,
        0.5712328654846119,
        9.808791402735832,
        1.5662882085324046,
        8.833837886607244,
        -0.14642768749195567,
        9.453674368598879,
        8.896011930026354,
        9.565187308798404,
        1.5071186051172107,
        0.3707916746301876,
        8.924472032863298,
        1.721534311646244,
        2.072680324546501,
        3.04389184480254,
        11.035096345555651,
        10.161716369341228,
        0.8964598778553549,
        9.368166971951386,
        11.237341673504107,
        9.639154885646612,
        0.17608501698390044,
        -0.6211361930669703,
        1.1241193497666657,
        10.523953836990959,
        1.6029565552957146,
        11.445107708221924,
        2.595802959592726,
        0.08883444479105318,
        10.928147278296786
    ],
    "label": {
        "x": [
            0.0,
            1.0,
            1.0,
            0.0,
            0.0,
            0.0,
            1.0,
            1.0,
            1.0,
            0.0,
            1.0,
            0.0
        ],
        "z": [
            -1.0,
            1.0,
            1.0,
            -1.0,
            -1.0,
            -1.0,
            1.0,
            1.0,
            1.0,
            -1.0,
            1.0,
            -1.0
        ],
        "obj_val": -131.54847076687435
    }
}