{
    "J": [
        [
            9
        ],
        [
            3,
            7
        ],
        [
            6,
            9
        ],
        [
            1,
            7
        ],
        [
            5,
            10
        ],
        [
            5,
            8
        ],
        [
            2,
            5
        ],
        [
            11
        ],
        [
            7,
            10
        ],
        [
            3,
            4
        ],
        [
            8,
            9
        ],
        [
            6,
            10
        ],
        [
            1,
            2
        ],
        [
            1,
            3
        ],
        [
            2,
            8
        ],
        [
            1,
            6
        ],
        [
            1,
            4
        ],
        [
            2,
            6
        ],
        [
            4,
            11
        ],
        [
            0,
            11
        ],
        [
            0,
            3
        ],
        [
            7
        ],
        [
            1,
            9
        ]
    ],
    "c": [
        1.7928901966475865,
        1.6944514530349843,
        -0.48334148550198264,
        8.844674224922873,
        10.697617005360753,
        10.60211877700878,
        0.4828573825182675,
        9.648563310105702,
        1.0300327873197177,
        10.885058963477714,
        1.543336668397739,
        11.10363325448599,
        2.1515913892637757,
        1.0803659190348005,
        1.2462972905684533,
        10.263265050249975,
        9.5753096338026,
        8.743496959288198,
        -0.7126403298438551,
        10.330061193199318,
        1.1382412846922734,
        1.7031682105254489,
        0.32577573937043613
    ],
    "label": {
        "x": [
            1.0,
            1.0,
            1.0,
            1.0,
            0.0,
            0.0,
            0.0,
            0.0,
            1.0,
            0.0,
            1.0,
            0.0
        ],
        "z": [
            1.0,
            1.0,
            1.0,
            1.0,
            -1.0,
            -1.0,
            -1.0,
            -1.0,
            1.0,
            -1.0,
            1.0,
            -1.0
        ],
        "obj_val": -104.84579674150262
    }
}