{
    "J": [
        [
            5,
            11
        ],
        [
            4,
            5
        ],
        [
            0
        ],
        [
            9,
            10
        ],
        [
            3,
            4
        ],
        [
            6
        ],
        [
            0,
            6
        ],
        [
            7,
            11
        ],
        [
            5,
            8
        ],
        [
            5,
            10
        ],
        [
            0,
            5
        ],
        [
            8,
            9
        ],
        [
            0,
            4
        ],
        [
            5
        ],
        [
            3,
            9
        ],
        [
            1,
            11
        ],
        [
            1,
            8
        ],
        [
            4,
            11
        ],
        [
            3,
            11
        ],
        [
            4,
            9
        ],
        [
            4,
            6
        ],
        [
            1,
            9
        ],
        [
            11
        ],
        [
            0,
            1
        ],
        [
            2,
            9
        ],
        [
            0,
            8
        ],
        [
            1,
            6
        ],
        [
            4,
            7
        ],
        [
            2,
            5
        ],
        [
            0,
            11
        ],
        [
            5,
            7
        ],
        [
            2,
            3
        ],
        [
            2,
            7
        ],
        [
            2,
            6
        ],
        [
            7
        ],
        [
            3,
            5
        ],
        [
            6,
            8
        ],
        [
            7,
            9
        ],
        [
            9,
            11
        ],
        [
            8,
            10
        ],
        [
            0,
            9
        ],
        [
            5,
            6
        ],
        [
            0,
            2
        ],
        [
            6,
            10
        ],
        [
            1,
            4
        ],
        [
            3,
            7
        ]
    ],
    "c": [
        9.572757337957615,
        9.644220152947568,
        9.450093450426577,
        9.228815730345927,
        8.580070971095184,
        11.130765232887175,
        0.23122958979293862,
        10.039033947523327,
        9.337770404059247,
        10.650333536486906,
        11.340303823382389,
        9.255482621837347,
        1.0677186096054065,
        0.6723722671890899,
        0.12787918330146197,
        1.2682320414470536,
        10.135247084110448,
        9.3937273616835,
        10.479577484396671,
        2.003176165675095,
        0.5332673276571649,
        2.2731469082285543,
        10.661559086367232,
        9.910023010678644,
        -0.8718356473022695,
        1.8362833212027798,
        -0.09439375015600038,
        1.894404130105051,
        0.5340929600386077,
        9.700960769433552,
        2.0969653886877637,
        11.843451596519031,
        8.608779239220954,
        2.8609271330798283,
        1.5718504061742875,
        10.846649445407195,
        1.698462954196311,
        0.04400628141659413,
        0.44965784543525356,
        10.93437132335188,
        10.793926772413286,
        2.1406238728271934,
        1.0772036550443744,
        0.8445754152182057,
        1.8267637301222914,
        11.14642727718694
    ],
    "label": {
        "x": [
            0.0,
            1.0,
            1.0,
            0.0,
            0.0,
            1.0,
            0.0,
            0.0,
            0.0,
            1.0,
            0.0,
            1.0
        ],
        "z": [
            -1.0,
            1.0,
            1.0,
            -1.0,
            -1.0,
            1.0,
            -1.0,
            -1.0,
            -1.0,
            1.0,
            -1.0,
            1.0
        ],
        "obj_val": -132.1173700111596
    }
}