{
    "J": [
        [
            0,
            11
        ],
        [
            9,
            10
        ],
        [
            2,
            8
        ],
        [
            3,
            10
        ],
        [
            7,
            8
        ],
        [
            10
        ],
        [
            2,
            6
        ],
        [
            11
        ],
        [
            0,
            4
        ],
        [
            5,
            10
        ],
        [
            3
        ],
        [
            7,
            9
        ],
        [
            3,
            4
        ],
        [
            6,
            7
        ],
        [
            4,
            11
        ],
        [
            5,
            6
        ],
        [
            1
        ],
        [
            1,
            5
        ],
        [
            1,
            4
        ],
        [
            4
        ],
        [
            1,
            10
        ],
        [
            6
        ],
        [
            6,
            8
        ]
    ],
    "c": [
        10.394604805177101,
        2.3554421973333044,
        12.307812605097025,
        0.4427016992693221,
        9.778498995591045,
        0.5867456306083605,
        9.606214037241521,
        10.446232837290509,
        10.027068808263953,
        0.039926045516477715,
        10.165748816209584,
        0.9666246744158277,
        1.2696586674723622,
        9.382264444133737,
        11.550903478860159,
        9.519490417073163,
        10.43766704663035,
        10.928480174058603,
        10.147444642199467,
        9.846638297600974,
        10.951970867012397,
        2.116085526436394,
        0.7140861828586531
    ],
    "label": {
        "x": [
            1.0,
            0.0,
            1.0,
            0.0,
            1.0,
            1.0,
            0.0,
            1.0,
            0.0,
            0.0,
            1.0,
            0.0
        ],
        "z": [
            1.0,
            -1.0,
            1.0,
            -1.0,
            1.0,
            1.0,
            -1.0,
            1.0,
            -1.0,
            -1.0,
            1.0,
            -1.0
        ],
        "obj_val": -121.55338096665345
    }
}