{
    "J": [
        [
            1,
            9
        ],
        [
            0,
            10
        ],
        [
            5,
            10
        ],
        [
            0,
            7
        ],
        [
            10,
            11
        ],
        [
            2,
            3
        ],
        [
            6,
            8
        ],
        [
            3
        ],
        [
            2,
            10
        ],
        [
            0,
            6
        ],
        [
            9
        ],
        [
            6,
            10
        ],
        [
            0,
            5
        ],
        [
            2,
            8
        ],
        [
            3,
            5
        ],
        [
            7,
            11
        ],
        [
            5,
            8
        ],
        [
            9,
            11
        ],
        [
            7,
            8
        ],
        [
            2,
            7
        ],
        [
            2
        ],
        [
            6,
            9
        ],
        [
            2,
            5
        ],
        [
            5,
            6
        ],
        [
            0,
            4
        ],
        [
            3,
            10
        ],
        [
            0
        ],
        [
            7
        ],
        [
            1,
            11
        ],
        [
            3,
            8
        ],
        [
            0,
            8
        ],
        [
            3,
            4
        ],
        [
            5,
            9
        ],
        [
            0,
            11
        ],
        [
            4,
            7
        ],
        [
            4,
            8
        ],
        [
            7,
            10
        ],
        [
            1,
            6
        ],
        [
            0,
            3
        ],
        [
            3,
            7
        ],
        [
            5,
            7
        ],
        [
            1,
            8
        ],
        [
            2,
            6
        ],
        [
            8,
            10
        ],
        [
            6,
            11
        ],
        [
            0,
            9
        ]
    ],
    "c": [
        0.1010494319390377,
        9.722017781681505,
        2.5969403303681835,
        3.4744106507710955,
        9.38886676147311,
        10.39217787500777,
        1.08188032153028,
        1.4092961619969535,
        0.8984781353383402,
        10.019675308990298,
        1.9607924966153667,
        10.563843853495321,
        -0.7210798357513091,
        -0.3323338475911479,
        1.917351701325892,
        0.6988412004086904,
        1.6841467874729092,
        -0.6101403408515893,
        10.227794524022073,
        1.2467536328358615,
        11.771394837775143,
        11.059126671650048,
        1.2748172341257802,
        10.991916064896728,
        11.809340681582967,
        11.047891630574483,
        9.754070687957679,
        1.9437917924814339,
        1.5836979056084168,
        1.4097323585785773,
        12.745168545762583,
        2.441944689784881,
        9.130221946001116,
        1.0626044920320818,
        9.937935996446322,
        10.20163083881096,
        10.777478407578153,
        9.736809759445519,
        0.9748735125218263,
        1.096253187056113,
        1.3277174808769745,
        0.4383055476220601,
        9.899557546711131,
        10.515766702720331,
        1.3549784318235598,
        11.238815585730567
    ],
    "label": {
        "x": [
            0.0,
            0.0,
            0.0,
            1.0,
            0.0,
            0.0,
            1.0,
            1.0,
            1.0,
            1.0,
            0.0,
            1.0
        ],
        "z": [
            -1.0,
            -1.0,
            -1.0,
            1.0,
            -1.0,
            -1.0,
            1.0,
            1.0,
            1.0,
            1.0,
            -1.0,
            1.0
        ],
        "obj_val": -136.82088320192014
    }
}