{
    "J": [
        [
            4,
            5
        ],
        [
            4,
            9
        ],
        [
            8,
            11
        ],
        [
            4,
            7
        ],
        [
            3,
            11
        ],
        [
            11
        ],
        [
            2,
            5
        ],
        [
            7
        ],
        [
            0,
            1
        ],
        [
            0,
            2
        ],
        [
            9,
            11
        ],
        [
            5,
            11
        ],
        [
            2,
            3
        ],
        [
            5,
            6
        ],
        [
            0,
            6
        ],
        [
            0,
            7
        ],
        [
            10
        ],
        [
            7,
            11
        ],
        [
            3,
            4
        ],
        [
            2,
            7
        ],
        [
            6,
            9
        ],
        [
            0,
            8
        ],
        [
            1,
            5
        ]
    ],
    "c": [
        10.410803834304991,
        2.9519075907029935,
        8.443696617523726,
        10.434979048455382,
        -0.6559487688668459,
        -0.6562704814599418,
        -0.47561493048526793,
        -0.14401844944502962,
        1.009552437068333,
        0.09312133055344618,
        0.9397221214046538,
        0.5487128671248347,
        0.9567751247529268,
        1.9901310335193858,
        2.457081230530916,
        9.16549662002621,
        9.054646388765484,
        9.659748640139899,
        10.65471804063188,
        10.562876942556693,
        1.3892750449650006,
        1.4087018556038786,
        1.2253187339292664
    ],
    "label": {
        "x": [
            1.0,
            1.0,
            1.0,
            0.0,
            1.0,
            0.0,
            1.0,
            0.0,
            0.0,
            0.0,
            0.0,
            1.0
        ],
        "z": [
            1.0,
            1.0,
            1.0,
            -1.0,
            1.0,
            -1.0,
            1.0,
            -1.0,
            -1.0,
            -1.0,
            -1.0,
            1.0
        ],
        "obj_val": -85.61844383891726
    }
}