{
    "J": [
        [
            5
        ],
        [
            4,
            5
        ],
        [
            7
        ],
        [
            6
        ],
        [
            1
        ],
        [
            3,
            5
        ],
        [
            0,
            2
        ],
        [
            6,
            8
        ],
        [
            0,
            11
        ],
        [
            4,
            10
        ],
        [
            7,
            10
        ],
        [
            1,
            8
        ],
        [
            6,
            9
        ],
        [
            11
        ],
        [
            4,
            11
        ],
        [
            0,
            4
        ],
        [
            1,
            7
        ],
        [
            4,
            7
        ],
        [
            7,
            8
        ],
        [
            0,
            5
        ],
        [
            2,
            3
        ],
        [
            4,
            6
        ],
        [
            7,
            9
        ],
        [
            3,
            8
        ],
        [
            3
        ],
        [
            8,
            10
        ],
        [
            0
        ],
        [
            9
        ],
        [
            0,
            8
        ],
        [
            9,
            10
        ],
        [
            2,
            4
        ],
        [
            0,
            7
        ],
        [
            2,
            7
        ],
        [
            8,
            11
        ],
        [
            3,
            6
        ],
        [
            6,
            10
        ],
        [
            5,
            7
        ],
        [
            2,
            6
        ],
        [
            1,
            11
        ],
        [
            3,
            7
        ],
        [
            4,
            8
        ],
        [
            1,
            6
        ],
        [
            1,
            9
        ],
        [
            1,
            10
        ],
        [
            3,
            10
        ],
        [
            5,
            9
        ]
    ],
    "c": [
        1.3904173063738563,
        11.101645552458898,
        1.4290043205976564,
        8.918866474995145,
        0.12205457031324118,
        9.068915515977507,
        11.686189782282401,
        0.6938879732048095,
        9.833752248089084,
        1.6209169940752974,
        1.8419533262916299,
        0.8072828616630511,
        9.781387710373307,
        9.677300226255321,
        9.678211985480841,
        1.2430757471180567,
        10.07254638699582,
        0.4165325875318636,
        8.779288468696684,
        10.079735373198858,
        9.766396964227328,
        10.301479681159734,
        0.8289052758690639,
        9.200576710541558,
        1.0395612546836237,
        1.1705657412592667,
        1.2582283030342007,
        9.90683041291573,
        9.645524659610697,
        2.1376286525217476,
        1.2449953809731809,
        11.291939893244097,
        9.54961026387427,
        8.891505800254638,
        10.003177276357327,
        10.356760956251144,
        0.19515447919812867,
        3.254719002822223,
        1.3927227914029916,
        10.303080244170296,
        10.747917271325448,
        0.37180194723320914,
        -0.7032880104785784,
        1.0129111370308326,
        1.6569586894662376,
        0.6401055058328415
    ],
    "label": {
        "x": [
            1.0,
            1.0,
            0.0,
            1.0,
            1.0,
            0.0,
            0.0,
            0.0,
            0.0,
            0.0,
            1.0,
            0.0
        ],
        "z": [
            1.0,
            1.0,
            -1.0,
            1.0,
            1.0,
            -1.0,
            -1.0,
            -1.0,
            -1.0,
            -1.0,
            1.0,
            -1.0
        ],
        "obj_val": -152.57219334505962
    }
}