{
    "J": [
        [
            3,
            7
        ],
        [
            0,
            10
        ],
        [
            4,
            11
        ],
        [
            0,
            8
        ],
        [
            3,
            5
        ],
        [
            0,
            9
        ],
        [
            7,
            9
        ],
        [
            1,
            3
        ],
        [
            5,
            6
        ],
        [
            2,
            9
        ],
        [
            4,
            10
        ],
        [
            0,
            3
        ],
        [
            0
        ],
        [
            6,
            11
        ],
        [
            4,
            5
        ],
        [
            1,
            5
        ],
        [
            6
        ],
        [
            6,
            8
        ],
        [
            1,
            11
        ],
        [
            5,
            11
        ],
        [
            4,
            6
        ],
        [
            0,
            1
        ],
        [
            11
        ],
        [
            10,
            11
        ],
        [
            6,
            9
        ],
        [
            6,
            7
        ],
        [
            4,
            9
        ],
        [
            9,
            11
        ],
        [
            3,
            10
        ],
        [
            3,
            8
        ],
        [
            6,
            10
        ],
        [
            2,
            7
        ],
        [
            1,
            2
        ],
        [
            2,
            4
        ],
        [
            8,
            9
        ],
        [
            0,
            7
        ],
        [
            0,
            5
        ],
        [
            1,
            6
        ],
        [
            9,
            10
        ],
        [
            2,
            8
        ],
        [
            1,
            9
        ],
        [
            0,
            11
        ],
        [
            1,
            10
        ],
        [
            5,
            7
        ],
        [
            8
        ],
        [
            1,
            7
        ]
    ],
    "c": [
        1.0928655871867705,
        -0.3007375071199889,
        0.4946565359375189,
        0.9875024410028047,
        10.91603856861281,
        1.3411571329858014,
        9.674920167372958,
        10.148637752553585,
        -0.8382744150475283,
        1.6986669481976113,
        11.010070812121608,
        3.812629461546804,
        9.141219558791892,
        1.201200452814146,
        1.639227240453736,
        9.523652136667751,
        11.776518706633974,
        4.407434623332929,
        1.2511311363736064,
        0.8484064962594129,
        10.158766394213329,
        9.82753242914525,
        10.771923034385882,
        0.4835595642029291,
        -1.6316854262251508,
        1.1866522034671474,
        1.381612556156075,
        0.17629228387619744,
        0.37686787651760834,
        9.09927786750582,
        1.43038618502117,
        10.78762984033225,
        -0.24859645218887128,
        -0.6054339870416179,
        0.5113262833740091,
        11.518398481380329,
        10.26332888634105,
        8.822434895857208,
        9.387479165863114,
        0.9816744376062407,
        -0.5260858776275581,
        -0.13011313536419644,
        9.860183276286758,
        -0.23974988485733273,
        10.009265421365956,
        0.4092617140063868
    ],
    "label": {
        "x": [
            0.0,
            1.0,
            0.0,
            0.0,
            1.0,
            1.0,
            0.0,
            1.0,
            1.0,
            0.0,
            0.0,
            0.0
        ],
        "z": [
            -1.0,
            1.0,
            -1.0,
            -1.0,
            1.0,
            1.0,
            -1.0,
            1.0,
            1.0,
            -1.0,
            -1.0,
            -1.0
        ],
        "obj_val": -125.5143926103731
    }
}