{
    "J": [
        [
            1,
            9
        ],
        [
            0,
            1
        ],
        [
            1
        ],
        [
            0,
            10
        ],
        [
            3,
            9
        ],
        [
            3,
            7
        ],
        [
            10,
            11
        ],
        [
            6
        ],
        [
            2,
            6
        ],
        [
            4,
            6
        ],
        [
            2,
            4
        ],
        [
            0,
            5
        ],
        [
            0,
            8
        ],
        [
            3,
            6
        ],
        [
            0,
            6
        ],
        [
            0,
            7
        ],
        [
            2,
            7
        ],
        [
            2,
            11
        ],
        [
            1,
            7
        ],
        [
            5,
            8
        ],
        [
            0,
            9
        ],
        [
            7,
            10
        ],
        [
            2,
            5
        ]
    ],
    "c": [
        7.193051954628391,
        2.1472166407284123,
        1.76863115551645,
        0.7570373223335494,
        2.168113086985489,
        1.4669012530186374,
        10.356616597554275,
        1.006313716857672,
        1.2565392248658542,
        1.2506654531379113,
        0.2979344685157055,
        8.960295789916888,
        10.914449862541073,
        1.8893040685856803,
        1.1712756367420936,
        10.018516995181102,
        0.4613107772140982,
        2.592667859237306,
        9.833354254991193,
        9.711178977929153,
        6.880003582418037,
        10.073902430254302,
        9.609338847387091
    ],
    "label": {
        "x": [
            0.0,
            0.0,
            0.0,
            0.0,
            0.0,
            1.0,
            1.0,
            1.0,
            1.0,
            1.0,
            0.0,
            1.0
        ],
        "z": [
            -1.0,
            -1.0,
            -1.0,
            -1.0,
            -1.0,
            1.0,
            1.0,
            1.0,
            1.0,
            1.0,
            -1.0,
            1.0
        ],
        "obj_val": -83.94525770381141
    }
}