{
    "J": [
        [
            7,
            8
        ],
        [
            5
        ],
        [
            3,
            4
        ],
        [
            2,
            3
        ],
        [
            4,
            6
        ],
        [
            0,
            11
        ],
        [
            2,
            4
        ],
        [
            4
        ],
        [
            2
        ],
        [
            1,
            10
        ],
        [
            1,
            6
        ],
        [
            0,
            10
        ],
        [
            7,
            10
        ],
        [
            5,
            7
        ],
        [
            9
        ],
        [
            3,
            10
        ],
        [
            1,
            4
        ],
        [
            3,
            7
        ],
        [
            7,
            11
        ],
        [
            1
        ],
        [
            0,
            8
        ],
        [
            4,
            10
        ],
        [
            6
        ],
        [
            3,
            5
        ],
        [
            7,
            9
        ],
        [
            1,
            11
        ],
        [
            8,
            9
        ],
        [
            2,
            11
        ],
        [
            8
        ],
        [
            4,
            8
        ],
        [
            0,
            5
        ],
        [
            1,
            2
        ],
        [
            11
        ],
        [
            8,
            10
        ],
        [
            10
        ],
        [
            7
        ],
        [
            0,
            9
        ],
        [
            5,
            6
        ],
        [
            5,
            10
        ],
        [
            4,
            9
        ],
        [
            1,
            7
        ],
        [
            0,
            3
        ],
        [
            2,
            10
        ],
        [
            0,
            1
        ],
        [
            4,
            7
        ],
        [
            6,
            7
        ]
    ],
    "c": [
        1.6933185318420763,
        1.3701155000327718,
        11.630520307389014,
        1.069751196057965,
        2.6990033192894494,
        8.238243000547966,
        10.202361942541339,
        1.0001731365034014,
        8.918542439296584,
        10.20639667485128,
        2.4672091303064523,
        1.0926558486034241,
        10.813257298886553,
        9.865782244916186,
        8.310270347648569,
        1.3736160999864155,
        0.5752885320165544,
        0.5498784682197437,
        2.4210814086865544,
        10.68128544650193,
        1.553143714907216,
        11.511806776622882,
        12.95439332177687,
        10.7536059067826,
        10.957456175381608,
        10.550190093181932,
        9.339009136047594,
        1.2021143417105051,
        0.6101417539745556,
        10.288394734590419,
        11.068988090537404,
        1.2006840439002848,
        -0.20567441534771702,
        9.54205154051861,
        10.749858359381912,
        2.0847989284637114,
        1.7628645000245022,
        8.935930198617902,
        10.442622546661974,
        10.220872947141501,
        11.63905861911989,
        10.685944533709968,
        1.7595049149440658,
        9.230548222531926,
        9.596072450002232,
        2.016654818726175
    ],
    "label": {
        "x": [
            0.0,
            1.0,
            0.0,
            0.0,
            1.0,
            1.0,
            0.0,
            0.0,
            1.0,
            0.0,
            0.0,
            1.0
        ],
        "z": [
            -1.0,
            1.0,
            -1.0,
            -1.0,
            1.0,
            1.0,
            -1.0,
            -1.0,
            1.0,
            -1.0,
            -1.0,
            1.0
        ],
        "obj_val": -141.7267898560463
    }
}