{
    "J": [
        [
            4,
            6
        ],
        [
            4,
            10
        ],
        [
            11
        ],
        [
            2
        ],
        [
            7,
            10
        ],
        [
            1,
            8
        ],
        [
            0,
            3
        ],
        [
            8,
            9
        ],
        [
            4
        ],
        [
            8,
            10
        ],
        [
            2,
            6
        ],
        [
            0,
            2
        ],
        [
            3,
            10
        ],
        [
            7
        ],
        [
            2,
            8
        ],
        [
            6
        ],
        [
            4,
            8
        ],
        [
            6,
            11
        ],
        [
            1,
            4
        ],
        [
            1,
            6
        ],
        [
            7,
            11
        ],
        [
            5
        ],
        [
            0,
            11
        ],
        [
            6,
            8
        ],
        [
            2,
            3
        ],
        [
            0
        ],
        [
            7,
            9
        ],
        [
            9,
            11
        ],
        [
            1,
            7
        ],
        [
            1,
            9
        ],
        [
            4,
            9
        ],
        [
            8,
            11
        ],
        [
            3,
            8
        ],
        [
            6,
            7
        ],
        [
            10,
            11
        ],
        [
            3,
            11
        ],
        [
            1,
            2
        ],
        [
            5,
            10
        ],
        [
            2,
            9
        ],
        [
            10
        ],
        [
            2,
            7
        ],
        [
            5,
            6
        ],
        [
            3,
            7
        ],
        [
            1,
            10
        ],
        [
            5,
            11
        ],
        [
            1,
            3
        ]
    ],
    "c": [
        -1.4411195846744658,
        0.8482073824756559,
        1.3622435783516897,
        10.281752570605208,
        0.690473453227008,
        10.304464449522321,
        0.7166996430708157,
        9.378243536201145,
        1.617514308088111,
        9.61927585855061,
        9.491585175028373,
        2.6397153409490546,
        1.2462048958398808,
        -1.673707360774558,
        8.389600589171375,
        1.472043402464389,
        8.162281672842079,
        1.5614368084932087,
        0.5330744782112673,
        2.0672705225978296,
        12.021796661517339,
        10.416455267362327,
        1.9170789546209115,
        0.25062949116097266,
        11.356570898951224,
        2.100276947732146,
        8.79196123485656,
        0.7438051238007717,
        0.6232751402810242,
        8.068581608402821,
        9.348074292250528,
        10.75122211023937,
        0.06065128208510506,
        0.28722475208932197,
        10.862762190060316,
        9.582416315243163,
        9.858989381062614,
        1.4923092052363391,
        1.911541478277225,
        1.586840399480821,
        0.23962535938577734,
        9.170198759277634,
        10.803135375559059,
        9.085445239725642,
        0.36541237084245803,
        1.6417710795816736
    ],
    "label": {
        "x": [
            1.0,
            0.0,
            0.0,
            1.0,
            0.0,
            0.0,
            1.0,
            0.0,
            1.0,
            1.0,
            1.0,
            0.0
        ],
        "z": [
            1.0,
            -1.0,
            -1.0,
            1.0,
            -1.0,
            -1.0,
            1.0,
            -1.0,
            1.0,
            1.0,
            1.0,
            -1.0
        ],
        "obj_val": -120.4592339435514
    }
}