{
    "J": [
        [
            0,
            8
        ],
        [
            10
        ],
        [
            11
        ],
        [
            1,
            4
        ],
        [
            2,
            5
        ],
        [
            5,
            7
        ],
        [
            8,
            9
        ],
        [
            4,
            9
        ],
        [
            5,
            9
        ],
        [
            3,
            6
        ],
        [
            1,
            11
        ],
        [
            6,
            7
        ],
        [
            4,
            11
        ],
        [
            1,
            6
        ],
        [
            7
        ],
        [
            0,
            5
        ],
        [
            8,
            11
        ],
        [
            1,
            3
        ],
        [
            2,
            6
        ],
        [
            2
        ],
        [
            2,
            8
        ],
        [
            8
        ],
        [
            5,
            11
        ]
    ],
    "c": [
        1.8788530086383013,
        9.884042241051892,
        9.170798704495498,
        1.3046105223468953,
        10.529113557662683,
        11.544805616275035,
        9.691291923633019,
        8.445989857041717,
        1.9899707566211038,
        0.6040931225192752,
        9.65715591520974,
        0.5188263320147368,
        10.917958906696285,
        1.6855668526102137,
        2.201484737573643,
        8.62138869893344,
        10.201315402552178,
        1.4603706198705506,
        -0.9155906714241584,
        9.270102765352435,
        0.10712770325327747,
        0.5632049884701129,
        1.2269246244456327
    ],
    "label": {
        "x": [
            0.0,
            1.0,
            0.0,
            0.0,
            1.0,
            1.0,
            0.0,
            0.0,
            1.0,
            0.0,
            0.0,
            0.0
        ],
        "z": [
            -1.0,
            1.0,
            -1.0,
            -1.0,
            1.0,
            1.0,
            -1.0,
            -1.0,
            1.0,
            -1.0,
            -1.0,
            -1.0
        ],
        "obj_val": -116.40911759798976
    }
}