{
    "J": [
        [
            4,
            5
        ],
        [
            3
        ],
        [
            0,
            5
        ],
        [
            5,
            7
        ],
        [
            0
        ],
        [
            1,
            9
        ],
        [
            3,
            4
        ],
        [
            7
        ],
        [
            2,
            3
        ],
        [
            4,
            9
        ],
        [
            0,
            9
        ],
        [
            0,
            4
        ],
        [
            5,
            10
        ],
        [
            0,
            10
        ],
        [
            7,
            10
        ],
        [
            4,
            11
        ],
        [
            2,
            7
        ],
        [
            0,
            8
        ],
        [
            3,
            5
        ],
        [
            5
        ],
        [
            4,
            10
        ],
        [
            7,
            11
        ],
        [
            9
        ]
    ],
    "c": [
        2.299751858147819,
        10.459230453427587,
        10.793805650718523,
        0.9353623050075726,
        1.397891795253897,
        1.5490958929892358,
        1.650788179111145,
        9.3381999040157,
        -0.7097826178453248,
        7.955068025047291,
        9.896050638585237,
        1.2670407303730764,
        9.767078427774985,
        11.187746284496342,
        10.332271508025158,
        0.9771495716670705,
        -1.5554798041944902,
        10.979867258886124,
        8.987006685753222,
        0.8684025258215292,
        7.761339442242176,
        2.6201982732836506,
        1.4835630387743173
    ],
    "label": {
        "x": [
            0.0,
            0.0,
            0.0,
            0.0,
            0.0,
            1.0,
            0.0,
            0.0,
            1.0,
            1.0,
            1.0,
            1.0
        ],
        "z": [
            -1.0,
            -1.0,
            -1.0,
            -1.0,
            -1.0,
            1.0,
            -1.0,
            -1.0,
            1.0,
            1.0,
            1.0,
            1.0
        ],
        "obj_val": -94.69842506773139
    }
}