{
    "J": [
        [
            3
        ],
        [
            6,
            8
        ],
        [
            8,
            10
        ],
        [
            4,
            7
        ],
        [
            4
        ],
        [
            1,
            5
        ],
        [
            8,
            9
        ],
        [
            7,
            11
        ],
        [
            1,
            6
        ],
        [
            0,
            7
        ],
        [
            4,
            11
        ],
        [
            0,
            8
        ],
        [
            2,
            3
        ],
        [
            1
        ],
        [
            0,
            1
        ],
        [
            2,
            7
        ],
        [
            7,
            9
        ],
        [
            6,
            7
        ],
        [
            5,
            8
        ],
        [
            9
        ],
        [
            11
        ],
        [
            4,
            9
        ],
        [
            3,
            5
        ],
        [
            0,
            4
        ],
        [
            3,
            8
        ],
        [
            0,
            9
        ],
        [
            0,
            5
        ],
        [
            4,
            10
        ],
        [
            8
        ],
        [
            4,
            8
        ],
        [
            2,
            10
        ],
        [
            8,
            11
        ],
        [
            1,
            2
        ],
        [
            5,
            7
        ],
        [
            1,
            4
        ],
        [
            0,
            3
        ],
        [
            2,
            8
        ],
        [
            1,
            7
        ],
        [
            5,
            6
        ],
        [
            9,
            10
        ],
        [
            1,
            11
        ],
        [
            3,
            6
        ],
        [
            6,
            11
        ],
        [
            7,
            10
        ],
        [
            3,
            10
        ],
        [
            3,
            4
        ]
    ],
    "c": [
        0.01655012389506738,
        10.343500720211567,
        2.0958723360953875,
        9.686311225911107,
        0.8612474732241191,
        8.682870835181992,
        1.6637894971030465,
        1.130494105081751,
        1.2665368428717996,
        1.254266346077222,
        1.9341156598350144,
        0.5860755089550026,
        1.213132479681491,
        11.115360498188702,
        1.479259227233457,
        8.424835647965782,
        9.553725258677865,
        10.956292876329853,
        9.83762854039496,
        11.017244936074361,
        12.172058473693756,
        1.7099057557185344,
        12.346303178192697,
        9.890089782472463,
        1.9888411057614017,
        7.971140332591384,
        0.04983753098014554,
        11.024419168720216,
        11.01202615543902,
        0.010181993675366319,
        0.6843398888193921,
        -0.6317898223113216,
        10.211332241486456,
        1.816418122545279,
        10.84238600626962,
        10.76496467012965,
        10.620599991914451,
        10.089309600344581,
        11.223356126250057,
        10.936003774041227,
        9.50965896936512,
        1.4824980492354278,
        8.987310916481542,
        9.65499443270958,
        0.6332819384762629,
        9.678106494576577
    ],
    "label": {
        "x": [
            1.0,
            0.0,
            1.0,
            0.0,
            1.0,
            1.0,
            1.0,
            0.0,
            0.0,
            0.0,
            1.0,
            0.0
        ],
        "z": [
            1.0,
            -1.0,
            1.0,
            -1.0,
            1.0,
            1.0,
            1.0,
            -1.0,
            -1.0,
            -1.0,
            1.0,
            -1.0
        ],
        "obj_val": -153.72204764759073
    }
}