{
    "J": [
        [
            9
        ],
        [
            8,
            11
        ],
        [
            0,
            4
        ],
        [
            3,
            4
        ],
        [
            0,
            8
        ],
        [
            6,
            8
        ],
        [
            4
        ],
        [
            0,
            3
        ],
        [
            7,
            9
        ],
        [
            0,
            6
        ],
        [
            4,
            11
        ],
        [
            3,
            5
        ],
        [
            2,
            8
        ],
        [
            3,
            7
        ],
        [
            1,
            4
        ],
        [
            4,
            7
        ],
        [
            2,
            6
        ],
        [
            3,
            6
        ],
        [
            0,
            2
        ],
        [
            2,
            9
        ],
        [
            8
        ],
        [
            2,
            10
        ],
        [
            4,
            6
        ],
        [
            6,
            7
        ],
        [
            3,
            11
        ],
        [
            5,
            9
        ],
        [
            1,
            9
        ],
        [
            7,
            10
        ],
        [
            3,
            8
        ],
        [
            10,
            11
        ],
        [
            0,
            5
        ],
        [
            2,
            7
        ],
        [
            6
        ],
        [
            0,
            7
        ],
        [
            4,
            5
        ],
        [
            0
        ],
        [
            0,
            11
        ],
        [
            1,
            2
        ],
        [
            3,
            10
        ],
        [
            5,
            10
        ],
        [
            8,
            9
        ],
        [
            8,
            10
        ],
        [
            7,
            8
        ],
        [
            4,
            8
        ],
        [
            9,
            11
        ],
        [
            4,
            9
        ]
    ],
    "c": [
        12.167296918796197,
        0.437742645216217,
        10.7447171860234,
        7.972246896834384,
        1.1768371148083174,
        10.249455655679164,
        0.9650032321969007,
        10.410759990836011,
        9.35587441136734,
        8.820470356384115,
        -0.5528060817783007,
        11.490091744465515,
        0.5949753804823767,
        2.1345051514568145,
        0.6150454227441607,
        8.264725600911062,
        9.148790058998479,
        -1.0765091349569653,
        0.20037066640482692,
        0.42534972484633915,
        -0.02615341469470822,
        0.19069621235002754,
        8.400397829342861,
        2.509315850049889,
        9.090462196230996,
        9.913974668976273,
        0.6486080422535733,
        -0.060648997158699425,
        1.3799276052173537,
        0.2382893571921667,
        2.1408378463038673,
        1.6543207428016304,
        1.4439499967860594,
        0.9432657169030184,
        0.4263912720253974,
        1.6914210150858056,
        3.018204308957257,
        1.3196200419601798,
        -0.27575875307330056,
        1.1061624005209973,
        0.5954974427823043,
        10.50968191710141,
        8.283739366734475,
        1.8927150240589041,
        1.3290255639643471,
        8.12261529139913
    ],
    "label": {
        "x": [
            1.0,
            0.0,
            1.0,
            0.0,
            1.0,
            1.0,
            0.0,
            0.0,
            1.0,
            0.0,
            0.0,
            1.0
        ],
        "z": [
            1.0,
            -1.0,
            1.0,
            -1.0,
            1.0,
            1.0,
            -1.0,
            -1.0,
            1.0,
            -1.0,
            -1.0,
            1.0
        ],
        "obj_val": -108.14021595572979
    }
}