{
    "J": [
        [
            5,
            6
        ],
        [
            3,
            6
        ],
        [
            1,
            8
        ],
        [
            5,
            10
        ],
        [
            4,
            5
        ],
        [
            3,
            5
        ],
        [
            11
        ],
        [
            5,
            7
        ],
        [
            6
        ],
        [
            8,
            11
        ],
        [
            8,
            10
        ],
        [
            1,
            10
        ],
        [
            6,
            7
        ],
        [
            1,
            5
        ],
        [
            1,
            6
        ],
        [
            3
        ],
        [
            0,
            4
        ],
        [
            8,
            9
        ],
        [
            0
        ],
        [
            2,
            9
        ],
        [
            9,
            10
        ],
        [
            6,
            8
        ],
        [
            7
        ],
        [
            7,
            8
        ],
        [
            1,
            7
        ],
        [
            2
        ],
        [
            2,
            3
        ],
        [
            2,
            10
        ],
        [
            5,
            9
        ],
        [
            1,
            3
        ],
        [
            9
        ],
        [
            9,
            11
        ],
        [
            4,
            9
        ],
        [
            4,
            8
        ],
        [
            5,
            8
        ],
        [
            1
        ],
        [
            1,
            4
        ],
        [
            5,
            11
        ],
        [
            0,
            10
        ],
        [
            2,
            6
        ],
        [
            6,
            9
        ],
        [
            7,
            11
        ],
        [
            5
        ],
        [
            6,
            10
        ],
        [
            4,
            6
        ],
        [
            2,
            7
        ]
    ],
    "c": [
        10.253527361846771,
        11.051604494467107,
        9.167716958348734,
        10.62316822501772,
        8.094986513968967,
        2.795011992181699,
        10.77833144221423,
        -0.41631624554283886,
        0.7987487799828865,
        1.5891590437242722,
        9.188076253851795,
        9.970880082193322,
        10.196850770472267,
        8.976111783971696,
        10.82628074468105,
        -0.16238462164892997,
        10.39210739910378,
        1.9577175075359583,
        1.0985317729826893,
        2.3988155168980407,
        2.400422500852896,
        0.7216543142789666,
        -1.2257897803830318,
        2.299751858147819,
        10.459230453427587,
        10.793805650718523,
        0.9353623050075726,
        1.397891795253897,
        1.5490958929892358,
        1.650788179111145,
        9.3381999040157,
        -0.7097826178453248,
        7.955068025047291,
        9.896050638585237,
        1.2670407303730764,
        9.767078427774985,
        11.187746284496342,
        10.332271508025158,
        0.9771495716670705,
        -1.5554798041944902,
        10.979867258886124,
        8.987006685753222,
        0.8684025258215292,
        7.761339442242176,
        2.6201982732836506,
        1.4835630387743173
    ],
    "label": {
        "x": [
            0.0,
            0.0,
            0.0,
            1.0,
            1.0,
            1.0,
            0.0,
            1.0,
            0.0,
            0.0,
            1.0,
            0.0
        ],
        "z": [
            -1.0,
            -1.0,
            -1.0,
            1.0,
            1.0,
            1.0,
            -1.0,
            1.0,
            -1.0,
            -1.0,
            1.0,
            -1.0
        ],
        "obj_val": -139.81080377490505
    }
}