{
    "J": [
        [
            0,
            11
        ],
        [
            6,
            7
        ],
        [
            2,
            7
        ],
        [
            5,
            7
        ],
        [
            0,
            4
        ],
        [
            9,
            10
        ],
        [
            10
        ],
        [
            2,
            6
        ],
        [
            0,
            2
        ],
        [
            0,
            10
        ],
        [
            1,
            7
        ],
        [
            11
        ],
        [
            6,
            11
        ],
        [
            3,
            5
        ],
        [
            4
        ],
        [
            2,
            9
        ],
        [
            7,
            11
        ],
        [
            3,
            7
        ],
        [
            2,
            10
        ],
        [
            2,
            4
        ],
        [
            5,
            6
        ],
        [
            1,
            5
        ],
        [
            1,
            4
        ],
        [
            9
        ],
        [
            1,
            10
        ],
        [
            0,
            9
        ],
        [
            4,
            9
        ],
        [
            2,
            8
        ],
        [
            3,
            8
        ],
        [
            7,
            9
        ],
        [
            3,
            6
        ],
        [
            4,
            8
        ],
        [
            0,
            7
        ],
        [
            8,
            10
        ],
        [
            9,
            11
        ],
        [
            5,
            10
        ],
        [
            1
        ],
        [
            0
        ],
        [
            3,
            10
        ],
        [
            4,
            5
        ],
        [
            4,
            7
        ],
        [
            6,
            10
        ],
        [
            4,
            10
        ],
        [
            7,
            10
        ],
        [
            2
        ],
        [
            5,
            8
        ]
    ],
    "c": [
        9.561926034131934,
        11.9505100720338,
        0.7188931366206905,
        0.899698998010892,
        2.1368639861856344,
        10.92143149880917,
        7.747438021429179,
        9.888132197085591,
        11.381903638224594,
        8.63729923028798,
        0.689575524793427,
        1.1280077262158619,
        0.44105610190488187,
        9.782170297114249,
        10.489908798494376,
        11.750205184770573,
        10.99163896721809,
        1.8199693567406587,
        10.145174737955326,
        0.6006573956930545,
        9.0741394351721,
        -1.1970063135399287,
        10.651557936940295,
        1.811856636800794,
        10.279726403529873,
        1.927094076614864,
        1.4182844078982537,
        10.277885595773277,
        11.35483288184999,
        10.174738755621219,
        1.4830893794962676,
        1.5327082044310851,
        1.6588758620943598,
        1.2905773668719829,
        0.5987462136166521,
        -0.013600974100634655,
        9.968504662718232,
        9.183845363078825,
        8.79453652522111,
        10.248450750606015,
        0.009793505373395184,
        11.54292520377426,
        0.7212381326687423,
        9.050098679861778,
        9.605113085758315,
        11.140021295789332
    ],
    "label": {
        "x": [
            0.0,
            0.0,
            0.0,
            0.0,
            1.0,
            0.0,
            1.0,
            0.0,
            1.0,
            1.0,
            1.0,
            1.0
        ],
        "z": [
            -1.0,
            -1.0,
            -1.0,
            -1.0,
            1.0,
            -1.0,
            1.0,
            -1.0,
            1.0,
            1.0,
            1.0,
            1.0
        ],
        "obj_val": -133.47397635169207
    }
}