{
    "J": [
        [
            8,
            11
        ],
        [
            2,
            8
        ],
        [
            2,
            9
        ],
        [
            2,
            3
        ],
        [
            1,
            10
        ],
        [
            2,
            4
        ],
        [
            1
        ],
        [
            7,
            9
        ],
        [
            8,
            10
        ],
        [
            6,
            10
        ],
        [
            0,
            11
        ],
        [
            5,
            8
        ],
        [
            4
        ],
        [
            0,
            4
        ],
        [
            1,
            5
        ],
        [
            5,
            6
        ],
        [
            3,
            9
        ],
        [
            7,
            10
        ],
        [
            3,
            5
        ],
        [
            0,
            9
        ],
        [
            6,
            11
        ],
        [
            3,
            7
        ],
        [
            0,
            2
        ],
        [
            4,
            11
        ],
        [
            0,
            6
        ],
        [
            0
        ],
        [
            6
        ],
        [
            5
        ],
        [
            0,
            10
        ],
        [
            1,
            3
        ],
        [
            7
        ],
        [
            7,
            11
        ],
        [
            4,
            7
        ],
        [
            4,
            10
        ],
        [
            10
        ],
        [
            2,
            6
        ],
        [
            8,
            9
        ],
        [
            2,
            10
        ],
        [
            1,
            4
        ],
        [
            0,
            5
        ],
        [
            5,
            11
        ],
        [
            4,
            6
        ],
        [
            1,
            8
        ],
        [
            9,
            11
        ],
        [
            3,
            4
        ],
        [
            0,
            3
        ]
    ],
    "c": [
        0.6073981328739574,
        10.512412584856293,
        7.501875058497733,
        10.567525425055296,
        10.380736774370158,
        7.76321360355281,
        0.1298757331595901,
        1.141047238057935,
        -0.2795972013053232,
        11.090814138863832,
        10.606758652413545,
        10.34335118089173,
        9.775649074234785,
        9.622100584232525,
        8.638201643349955,
        -0.07212523346043254,
        1.99735430452183,
        1.24582525443238,
        10.818057805416045,
        9.436256000240384,
        10.677832529384164,
        -0.3446781576162803,
        9.458130564569379,
        9.534123165542258,
        9.28093499144484,
        0.7538459152870123,
        10.540143879774469,
        11.849773324912496,
        1.6953085305512219,
        -1.431053546855606,
        10.590449781798954,
        2.080718512977135,
        9.580087745419855,
        0.6636376283171092,
        8.644879034731662,
        2.142513087742588,
        -0.14261964992712461,
        9.897732224812962,
        1.3631974446397392,
        8.797396788314352,
        -0.16845889077683407,
        0.17225445751219715,
        10.652837020471464,
        1.4601157514305723,
        -0.17134135931634087,
        9.874432988989954
    ],
    "label": {
        "x": [
            1.0,
            1.0,
            1.0,
            0.0,
            0.0,
            0.0,
            0.0,
            0.0,
            0.0,
            0.0,
            0.0,
            1.0
        ],
        "z": [
            1.0,
            1.0,
            1.0,
            -1.0,
            -1.0,
            -1.0,
            -1.0,
            -1.0,
            -1.0,
            -1.0,
            -1.0,
            1.0
        ],
        "obj_val": -135.29756648391327
    }
}