{
    "J": [
        [
            3,
            4
        ],
        [
            1,
            8
        ],
        [
            9,
            10
        ],
        [
            3,
            9
        ],
        [
            7,
            9
        ],
        [
            2,
            11
        ],
        [
            2,
            6
        ],
        [
            2,
            3
        ],
        [
            4,
            10
        ],
        [
            1,
            3
        ],
        [
            5,
            10
        ],
        [
            3,
            7
        ],
        [
            6,
            7
        ],
        [
            4,
            8
        ],
        [
            0,
            6
        ],
        [
            1,
            7
        ],
        [
            0,
            8
        ],
        [
            0,
            4
        ],
        [
            10,
            11
        ],
        [
            2,
            10
        ],
        [
            0
        ],
        [
            1,
            10
        ],
        [
            2,
            7
        ]
    ],
    "c": [
        1.0928655871867705,
        -0.3007375071199889,
        0.4946565359375189,
        0.9875024410028047,
        10.91603856861281,
        1.3411571329858014,
        9.674920167372958,
        10.148637752553585,
        -0.8382744150475283,
        1.6986669481976113,
        11.010070812121608,
        3.812629461546804,
        9.141219558791892,
        1.201200452814146,
        1.639227240453736,
        9.523652136667751,
        11.776518706633974,
        4.407434623332929,
        1.2511311363736064,
        0.8484064962594129,
        10.158766394213329,
        9.82753242914525,
        10.771923034385882
    ],
    "label": {
        "x": [
            0.0,
            1.0,
            1.0,
            0.0,
            1.0,
            1.0,
            1.0,
            0.0,
            1.0,
            1.0,
            0.0,
            0.0
        ],
        "z": [
            -1.0,
            1.0,
            1.0,
            -1.0,
            1.0,
            1.0,
            1.0,
            -1.0,
            1.0,
            1.0,
            -1.0,
            -1.0
        ],
        "obj_val": -89.30685827244756
    }
}