{
    "J": [
        [
            3,
            6
        ],
        [
            9
        ],
        [
            5,
            8
        ],
        [
            8,
            10
        ],
        [
            9,
            11
        ],
        [
            3,
            7
        ],
        [
            4,
            11
        ],
        [
            0,
            8
        ],
        [
            0,
            11
        ],
        [
            7
        ],
        [
            11
        ],
        [
            5,
            11
        ],
        [
            3
        ],
        [
            9,
            10
        ],
        [
            0,
            2
        ],
        [
            5,
            6
        ],
        [
            2,
            11
        ],
        [
            10,
            11
        ],
        [
            1,
            2
        ],
        [
            2,
            9
        ],
        [
            5,
            7
        ],
        [
            0,
            5
        ],
        [
            2,
            3
        ],
        [
            4,
            10
        ],
        [
            7,
            8
        ],
        [
            3,
            8
        ],
        [
            2,
            7
        ],
        [
            3,
            11
        ],
        [
            7,
            10
        ],
        [
            8
        ],
        [
            1,
            9
        ],
        [
            0,
            10
        ],
        [
            0
        ],
        [
            1,
            11
        ],
        [
            2,
            8
        ],
        [
            6,
            9
        ],
        [
            1,
            6
        ],
        [
            1,
            3
        ],
        [
            7,
            11
        ],
        [
            2,
            10
        ],
        [
            2,
            6
        ],
        [
            3,
            4
        ],
        [
            3,
            10
        ],
        [
            4,
            5
        ],
        [
            0,
            7
        ],
        [
            6
        ]
    ],
    "c": [
        9.159820333874189,
        2.521696708125426,
        2.598749490339188,
        1.5147216274171775,
        9.39045629364147,
        -1.1746213253763957,
        10.74203352427855,
        2.862082086561024,
        1.9184901783032517,
        11.165931727095959,
        9.908068397087867,
        0.01866330684936679,
        8.453255200933372,
        -0.434952738388781,
        0.09995096071201537,
        1.1369280862675464,
        1.4971880192438296,
        10.25374472654906,
        1.2103771177306843,
        8.86853090153992,
        12.166507761772007,
        1.8432022282112834,
        0.843852854179789,
        9.152297425574575,
        1.0633915634644993,
        1.2276186395832196,
        9.666865942088561,
        2.399513838097968,
        0.6669462896644136,
        -0.8016779879850271,
        9.286912179423355,
        1.3378743507528954,
        0.04578435869043884,
        0.9545238892759281,
        0.9000588171461266,
        9.421359940189152,
        8.534832773668862,
        8.671551881514002,
        1.3251201460513018,
        0.7199915622833266,
        1.0280536763613684,
        10.475123749636818,
        9.528277635446004,
        11.65193527861653,
        9.212609440917014,
        1.3039057255223805
    ],
    "label": {
        "x": [
            1.0,
            1.0,
            1.0,
            0.0,
            1.0,
            0.0,
            1.0,
            0.0,
            1.0,
            0.0,
            1.0,
            0.0
        ],
        "z": [
            1.0,
            1.0,
            1.0,
            -1.0,
            1.0,
            -1.0,
            1.0,
            -1.0,
            1.0,
            -1.0,
            1.0,
            -1.0
        ],
        "obj_val": -110.26976355198835
    }
}