{
    "J": [
        [
            5,
            10
        ],
        [
            4,
            8
        ],
        [
            4,
            7
        ],
        [
            0,
            8
        ],
        [
            8
        ],
        [
            2,
            3
        ],
        [
            8,
            10
        ],
        [
            0
        ],
        [
            8,
            11
        ],
        [
            0,
            3
        ],
        [
            6
        ],
        [
            7,
            8
        ],
        [
            1,
            9
        ],
        [
            5,
            8
        ],
        [
            2,
            10
        ],
        [
            0,
            10
        ],
        [
            4,
            6
        ],
        [
            6,
            9
        ],
        [
            1,
            3
        ],
        [
            2,
            7
        ],
        [
            3,
            11
        ],
        [
            0,
            5
        ],
        [
            5,
            11
        ],
        [
            7,
            10
        ],
        [
            7,
            9
        ],
        [
            3,
            7
        ],
        [
            0,
            6
        ],
        [
            1,
            4
        ],
        [
            7
        ],
        [
            6,
            10
        ],
        [
            9,
            11
        ],
        [
            2,
            8
        ],
        [
            4
        ],
        [
            1,
            10
        ],
        [
            5
        ],
        [
            0,
            2
        ],
        [
            3,
            8
        ],
        [
            3,
            6
        ],
        [
            7,
            11
        ],
        [
            6,
            7
        ],
        [
            0,
            11
        ],
        [
            3,
            9
        ],
        [
            11
        ],
        [
            9,
            10
        ],
        [
            3,
            10
        ],
        [
            8,
            9
        ]
    ],
    "c": [
        9.525910033128818,
        9.180925042218266,
        10.529903872968568,
        0.03022475819544823,
        0.9177915000973564,
        1.3954419261383402,
        10.212250407022168,
        11.636207743404984,
        10.452749827828665,
        0.7015234510150505,
        1.7123678478060205,
        10.258782526575228,
        9.450841450734536,
        10.498093780707082,
        11.185905117459873,
        10.26308750608118,
        0.8121820651097285,
        0.9134227780151309,
        10.228470363479962,
        9.225962287525004,
        1.6917037741097802,
        9.449801780660811,
        2.973274439998959,
        1.2974541941694089,
        2.956567271264067,
        8.80086921435432,
        9.308978782508833,
        11.490455939202171,
        1.4337993593649643,
        1.2562419028419538,
        9.961952964581775,
        0.6677685197745624,
        9.72464597084954,
        0.42684913545948866,
        1.8164731614432674,
        1.5991827170758492,
        1.12884999542202,
        10.503568824508173,
        9.325279332738424,
        0.23506180504556973,
        9.37561268503575,
        11.201651482377496,
        10.195565443573855,
        11.073516242019561,
        2.2228699537802727,
        0.9278094486002939
    ],
    "label": {
        "x": [
            0.0,
            1.0,
            0.0,
            0.0,
            0.0,
            1.0,
            1.0,
            1.0,
            0.0,
            0.0,
            1.0,
            1.0
        ],
        "z": [
            -1.0,
            1.0,
            -1.0,
            -1.0,
            -1.0,
            1.0,
            1.0,
            1.0,
            -1.0,
            -1.0,
            1.0,
            1.0
        ],
        "obj_val": -146.11454063349646
    }
}