{
    "J": [
        [
            8,
            9
        ],
        [
            4,
            7
        ],
        [
            0,
            3
        ],
        [
            7,
            11
        ],
        [
            3,
            7
        ],
        [
            0
        ],
        [
            1,
            4
        ],
        [
            4
        ],
        [
            2,
            3
        ],
        [
            2,
            11
        ],
        [
            0,
            11
        ],
        [
            3,
            8
        ],
        [
            10,
            11
        ],
        [
            7,
            10
        ],
        [
            1,
            2
        ],
        [
            2,
            5
        ],
        [
            3,
            4
        ],
        [
            0,
            10
        ],
        [
            8,
            11
        ],
        [
            1
        ],
        [
            4,
            6
        ],
        [
            1,
            6
        ],
        [
            0,
            8
        ]
    ],
    "c": [
        10.656474477038289,
        9.89327056303651,
        0.4262695339133664,
        9.615276525556947,
        11.4673929428116,
        9.666430141188199,
        1.5852789322120613,
        10.35711332010292,
        1.415370069696039,
        1.1132040661914222,
        1.7984087970864857,
        9.244499106568332,
        1.0863909652322532,
        1.9939587564591996,
        0.9249262985598643,
        10.39788163330803,
        2.2083315829464656,
        10.418921454837628,
        2.7952911565323224,
        0.8908297877783677,
        0.5167595730865753,
        2.2767459871203144,
        8.267529399402536
    ],
    "label": {
        "x": [
            0.0,
            0.0,
            1.0,
            0.0,
            0.0,
            0.0,
            1.0,
            1.0,
            1.0,
            0.0,
            1.0,
            0.0
        ],
        "z": [
            -1.0,
            -1.0,
            1.0,
            -1.0,
            -1.0,
            -1.0,
            1.0,
            1.0,
            1.0,
            -1.0,
            1.0,
            -1.0
        ],
        "obj_val": -102.99205986543056
    }
}