{
    "J": [
        [
            1,
            6
        ],
        [
            7,
            9
        ],
        [
            8
        ],
        [
            3
        ],
        [
            1,
            5
        ],
        [
            5,
            9
        ],
        [
            2,
            6
        ],
        [
            2,
            8
        ],
        [
            2,
            9
        ],
        [
            1,
            2
        ],
        [
            9,
            10
        ],
        [
            7,
            10
        ],
        [
            0,
            11
        ],
        [
            2,
            11
        ],
        [
            6
        ],
        [
            0
        ],
        [
            4
        ],
        [
            5,
            8
        ],
        [
            1,
            3
        ],
        [
            5,
            11
        ],
        [
            9
        ],
        [
            1
        ],
        [
            5,
            7
        ]
    ],
    "c": [
        9.612008774978683,
        2.1208712193744725,
        8.792065735228746,
        1.743979717918272,
        7.356104577431864,
        1.9683176114915013,
        9.2288936530368,
        0.686782227651368,
        9.531939845512904,
        0.9298855753878846,
        -0.25782070956983283,
        -0.0385439492912929,
        11.729134038018973,
        8.94581710065627,
        9.903536038128621,
        8.597323935475028,
        1.3800494261091003,
        1.5171982289978048,
        11.076963137389205,
        9.692014772291984,
        1.3827112203505854,
        11.077367704357005,
        0.6902270411406666
    ],
    "label": {
        "x": [
            1.0,
            0.0,
            1.0,
            1.0,
            0.0,
            1.0,
            0.0,
            1.0,
            0.0,
            0.0,
            0.0,
            0.0
        ],
        "z": [
            1.0,
            -1.0,
            1.0,
            1.0,
            -1.0,
            1.0,
            -1.0,
            1.0,
            -1.0,
            -1.0,
            -1.0,
            -1.0
        ],
        "obj_val": -86.895389402181
    }
}