{
    "J": [
        [
            9,
            10
        ],
        [
            3,
            4
        ],
        [
            7
        ],
        [
            2,
            3
        ],
        [
            4,
            9
        ],
        [
            0,
            9
        ],
        [
            0,
            4
        ],
        [
            5,
            10
        ],
        [
            0,
            10
        ],
        [
            10,
            11
        ],
        [
            2,
            9
        ],
        [
            10
        ],
        [
            0,
            8
        ],
        [
            8,
            11
        ],
        [
            1,
            8
        ],
        [
            7,
            11
        ],
        [
            4,
            8
        ],
        [
            0,
            2
        ],
        [
            4,
            6
        ],
        [
            1,
            11
        ],
        [
            3,
            9
        ],
        [
            1
        ],
        [
            5
        ],
        [
            5,
            7
        ],
        [
            4
        ],
        [
            2,
            11
        ],
        [
            1,
            6
        ],
        [
            9
        ],
        [
            3,
            6
        ],
        [
            2,
            10
        ],
        [
            6,
            7
        ],
        [
            1,
            3
        ],
        [
            3
        ],
        [
            1,
            9
        ],
        [
            7,
            8
        ],
        [
            3,
            10
        ],
        [
            8,
            10
        ],
        [
            2,
            7
        ],
        [
            0,
            5
        ],
        [
            4,
            7
        ],
        [
            5,
            8
        ],
        [
            2,
            4
        ],
        [
            2,
            8
        ],
        [
            1,
            4
        ],
        [
            7,
            9
        ],
        [
            8,
            9
        ]
    ],
    "c": [
        11.71933309584231,
        9.323071285560694,
        3.3797273309285103,
        10.211277831272401,
        9.882677322912185,
        10.357615607062943,
        1.8580265816022208,
        9.514307306724367,
        9.726222412881057,
        1.0747266468838301,
        12.66134502312423,
        0.03254864544257918,
        1.313498242091232,
        2.343095624872231,
        8.57963717031684,
        3.036482631928682,
        1.71880882011483,
        10.270017519333168,
        10.891566909541304,
        9.081998273027455,
        8.16077445611077,
        0.801424710844928,
        9.959982051986765,
        1.0188898668777104,
        1.525655131437084,
        -0.9061321562674596,
        0.9599627040087156,
        8.935262334931092,
        9.10575651632383,
        10.992497737873501,
        9.737702264893652,
        10.60836954411359,
        9.979223185381636,
        1.358421414292211,
        -0.5383702333119786,
        10.805101118524751,
        9.453590874280541,
        11.624340018557891,
        9.296167359061913,
        9.730859336023167,
        1.2820583625084112,
        10.271720995430895,
        2.3210173216885446,
        0.6242561042151145,
        3.469062755888005,
        0.03312417293342307
    ],
    "label": {
        "x": [
            1.0,
            1.0,
            0.0,
            0.0,
            1.0,
            0.0,
            0.0,
            1.0,
            0.0,
            0.0,
            1.0,
            0.0
        ],
        "z": [
            1.0,
            1.0,
            -1.0,
            -1.0,
            1.0,
            -1.0,
            -1.0,
            1.0,
            -1.0,
            -1.0,
            1.0,
            -1.0
        ],
        "obj_val": -141.80462741818974
    }
}