{
    "J": [
        [
            10,
            11
        ],
        [
            4,
            6
        ],
        [
            3,
            4
        ],
        [
            2,
            11
        ],
        [
            7,
            9
        ],
        [
            5
        ],
        [
            4,
            7
        ],
        [
            2,
            5
        ],
        [
            0,
            6
        ],
        [
            8,
            9
        ],
        [
            5,
            7
        ],
        [
            2,
            8
        ],
        [
            2,
            6
        ],
        [
            5,
            6
        ],
        [
            5,
            10
        ],
        [
            10
        ],
        [
            6,
            8
        ],
        [
            2,
            9
        ],
        [
            0,
            2
        ],
        [
            8,
            11
        ],
        [
            2,
            4
        ],
        [
            0,
            10
        ],
        [
            3,
            7
        ]
    ],
    "c": [
        11.71933309584231,
        9.323071285560694,
        3.3797273309285103,
        10.211277831272401,
        9.882677322912185,
        10.357615607062943,
        1.8580265816022208,
        9.514307306724367,
        9.726222412881057,
        1.0747266468838301,
        12.66134502312423,
        0.03254864544257918,
        1.313498242091232,
        2.343095624872231,
        8.57963717031684,
        3.036482631928682,
        1.71880882011483,
        10.270017519333168,
        10.891566909541304,
        9.081998273027455,
        8.16077445611077,
        0.801424710844928,
        9.959982051986765
    ],
    "label": {
        "x": [
            0.0,
            0.0,
            1.0,
            0.0,
            0.0,
            0.0,
            1.0,
            1.0,
            1.0,
            0.0,
            1.0,
            0.0
        ],
        "z": [
            -1.0,
            -1.0,
            1.0,
            -1.0,
            -1.0,
            -1.0,
            1.0,
            1.0,
            1.0,
            -1.0,
            1.0,
            -1.0
        ],
        "obj_val": -136.93603415939393
    }
}