{
    "J": [
        [
            1,
            7
        ],
        [
            6,
            7
        ],
        [
            8,
            10
        ],
        [
            3
        ],
        [
            6,
            10
        ],
        [
            4,
            8
        ],
        [
            0,
            4
        ],
        [
            1,
            10
        ],
        [
            5,
            11
        ],
        [
            1,
            8
        ],
        [
            4,
            5
        ],
        [
            0,
            10
        ],
        [
            9
        ],
        [
            6,
            9
        ],
        [
            6,
            8
        ],
        [
            1,
            5
        ],
        [
            1,
            6
        ],
        [
            7,
            9
        ],
        [
            4,
            10
        ],
        [
            8,
            9
        ],
        [
            0
        ],
        [
            0,
            1
        ],
        [
            4,
            6
        ],
        [
            1,
            3
        ],
        [
            3,
            5
        ],
        [
            6,
            11
        ],
        [
            4,
            9
        ],
        [
            7,
            10
        ],
        [
            7,
            8
        ],
        [
            5,
            8
        ],
        [
            2,
            3
        ],
        [
            3,
            4
        ],
        [
            1,
            11
        ],
        [
            0,
            8
        ],
        [
            0,
            5
        ],
        [
            1,
            2
        ],
        [
            2,
            8
        ],
        [
            0,
            7
        ],
        [
            0,
            6
        ],
        [
            2
        ],
        [
            1,
            9
        ],
        [
            0,
            2
        ],
        [
            11
        ],
        [
            3,
            11
        ],
        [
            0,
            3
        ],
        [
            4,
            7
        ]
    ],
    "c": [
        11.08424912229058,
        0.6091158887814654,
        1.9782235530925454,
        1.2465098914597292,
        10.246499168129931,
        1.7571471718841218,
        -0.2838444179770938,
        10.80113194821598,
        10.049945810845317,
        1.584970264661939,
        11.431159147201178,
        7.196027082842653,
        -0.7132880979131913,
        10.103672160655531,
        0.8159448757024436,
        8.085828956762064,
        0.3352129374553645,
        10.800171220824476,
        9.891713702438434,
        1.123880139587488,
        1.5578629174802114,
        8.376286999761144,
        10.262273824434306,
        9.893588842223789,
        11.488475229062228,
        10.404424304005495,
        11.265347440998244,
        10.902939922748951,
        9.26827959055552,
        9.909998522290659,
        1.8636947300783016,
        1.5242938313388885,
        11.518048625845568,
        1.070535478788722,
        12.054821246142742,
        8.639397245718326,
        0.5489996712368561,
        10.49527310888846,
        0.10072165617084294,
        1.0104748278967268,
        0.6031297570310141,
        9.705739525668104,
        11.250568863529093,
        10.445584361150635,
        13.00339571416926,
        9.791468916953502
    ],
    "label": {
        "x": [
            0.0,
            0.0,
            1.0,
            1.0,
            0.0,
            1.0,
            1.0,
            1.0,
            0.0,
            0.0,
            1.0,
            0.0
        ],
        "z": [
            -1.0,
            -1.0,
            1.0,
            1.0,
            -1.0,
            1.0,
            1.0,
            1.0,
            -1.0,
            -1.0,
            1.0,
            -1.0
        ],
        "obj_val": -156.33347344363153
    }
}