{
    "J": [
        [
            0,
            8
        ],
        [
            2,
            9
        ],
        [
            6,
            8
        ],
        [
            5,
            7
        ],
        [
            4,
            9
        ],
        [
            4,
            8
        ],
        [
            3,
            4
        ],
        [
            7,
            11
        ],
        [
            0,
            4
        ],
        [
            1,
            10
        ],
        [
            10,
            11
        ],
        [
            1,
            11
        ],
        [
            0,
            3
        ],
        [
            7,
            10
        ],
        [
            1,
            8
        ],
        [
            3,
            9
        ],
        [
            9
        ],
        [
            7,
            8
        ],
        [
            2,
            11
        ],
        [
            11
        ],
        [
            3,
            6
        ],
        [
            6,
            10
        ],
        [
            2,
            10
        ]
    ],
    "c": [
        9.890089782472463,
        1.9888411057614017,
        7.971140332591384,
        0.04983753098014554,
        11.024419168720216,
        11.01202615543902,
        0.010181993675366319,
        0.6843398888193921,
        -0.6317898223113216,
        10.211332241486456,
        1.816418122545279,
        10.84238600626962,
        10.76496467012965,
        10.620599991914451,
        10.089309600344581,
        11.223356126250057,
        10.936003774041227,
        9.50965896936512,
        1.4824980492354278,
        8.987310916481542,
        9.65499443270958,
        0.6332819384762629,
        9.678106494576577
    ],
    "label": {
        "x": [
            1.0,
            1.0,
            1.0,
            0.0,
            1.0,
            0.0,
            1.0,
            1.0,
            0.0,
            0.0,
            0.0,
            0.0
        ],
        "z": [
            1.0,
            1.0,
            1.0,
            -1.0,
            1.0,
            -1.0,
            1.0,
            1.0,
            -1.0,
            -1.0,
            -1.0,
            -1.0
        ],
        "obj_val": -133.63333861700585
    }
}