{
    "J": [
        [
            3
        ],
        [
            3,
            11
        ],
        [
            3,
            7
        ],
        [
            3,
            8
        ],
        [
            6,
            7
        ],
        [
            1,
            11
        ],
        [
            4,
            9
        ],
        [
            11
        ],
        [
            2,
            4
        ],
        [
            8,
            10
        ],
        [
            5,
            6
        ],
        [
            9,
            11
        ],
        [
            7,
            9
        ],
        [
            0,
            4
        ],
        [
            1,
            3
        ],
        [
            6,
            9
        ],
        [
            6
        ],
        [
            3,
            10
        ],
        [
            2,
            7
        ],
        [
            10,
            11
        ],
        [
            2,
            6
        ],
        [
            0,
            6
        ],
        [
            5,
            9
        ],
        [
            2
        ],
        [
            0,
            9
        ],
        [
            2,
            5
        ],
        [
            5,
            10
        ],
        [
            1
        ],
        [
            6,
            10
        ],
        [
            0,
            2
        ],
        [
            1,
            6
        ],
        [
            4,
            11
        ],
        [
            2,
            10
        ],
        [
            8,
            11
        ],
        [
            5,
            8
        ],
        [
            1,
            2
        ],
        [
            9
        ],
        [
            2,
            8
        ],
        [
            0,
            1
        ],
        [
            2,
            11
        ],
        [
            0,
            11
        ],
        [
            4,
            8
        ],
        [
            1,
            5
        ],
        [
            5
        ],
        [
            0,
            5
        ],
        [
            2,
            9
        ]
    ],
    "c": [
        9.95820233896018,
        10.061623144737354,
        -0.3202833941219525,
        1.7283103330047516,
        10.84560159501636,
        0.2993295811359047,
        1.3552449723101543,
        9.878305509415643,
        0.9181225155112492,
        10.032095899242853,
        1.7729554724616596,
        1.8821834504967132,
        9.732990275733401,
        9.258690633824406,
        10.838037344075993,
        1.315465420031606,
        11.263291506532266,
        -1.4504806554760523,
        0.7758721488981769,
        9.374001247236784,
        9.941193354240564,
        12.128093833327654,
        0.811592105444908,
        10.964821908334322,
        10.452798302524101,
        1.8905618610286976,
        9.276430715624915,
        1.918558670914241,
        2.2350343976389047,
        2.874837124069466,
        10.743332648596223,
        8.243328591372347,
        1.0167298210069498,
        0.8024581927648282,
        0.26025575060778017,
        9.582416304202987,
        9.811249966218078,
        10.604524146338253,
        10.555253777394157,
        11.074032108557013,
        9.765207096518385,
        -0.19070090748224322,
        10.564650920493726,
        10.548603409281188,
        8.721445178422753,
        8.92775415875871
    ],
    "label": {
        "x": [
            1.0,
            0.0,
            1.0,
            1.0,
            0.0,
            0.0,
            0.0,
            1.0,
            0.0,
            0.0,
            1.0,
            0.0
        ],
        "z": [
            1.0,
            -1.0,
            1.0,
            1.0,
            -1.0,
            -1.0,
            -1.0,
            1.0,
            -1.0,
            -1.0,
            1.0,
            -1.0
        ],
        "obj_val": -169.68443179541697
    }
}