{
    "J": [
        [
            0,
            8
        ],
        [
            2,
            9
        ],
        [
            3,
            11
        ],
        [
            0,
            2
        ],
        [
            9,
            10
        ],
        [
            1
        ],
        [
            9,
            11
        ],
        [
            5,
            6
        ],
        [
            7,
            9
        ],
        [
            1,
            10
        ],
        [
            6,
            7
        ],
        [
            1,
            3
        ],
        [
            3,
            4
        ],
        [
            6,
            9
        ],
        [
            1,
            5
        ],
        [
            3
        ],
        [
            4,
            7
        ],
        [
            8,
            11
        ],
        [
            8
        ],
        [
            7,
            8
        ],
        [
            5,
            10
        ],
        [
            1,
            2
        ],
        [
            1,
            9
        ],
        [
            3,
            9
        ],
        [
            0,
            5
        ],
        [
            0,
            4
        ],
        [
            2,
            11
        ],
        [
            3,
            5
        ],
        [
            6,
            11
        ],
        [
            0,
            6
        ],
        [
            4,
            8
        ],
        [
            4,
            9
        ],
        [
            3,
            10
        ],
        [
            3,
            7
        ],
        [
            1,
            4
        ],
        [
            0,
            11
        ],
        [
            5,
            8
        ],
        [
            11
        ],
        [
            0,
            7
        ],
        [
            5
        ],
        [
            2,
            10
        ],
        [
            10,
            11
        ],
        [
            6,
            10
        ],
        [
            2,
            4
        ],
        [
            2,
            8
        ],
        [
            7,
            11
        ]
    ],
    "c": [
        10.394604805177101,
        2.3554421973333044,
        12.307812605097025,
        0.4427016992693221,
        9.778498995591045,
        0.5867456306083605,
        9.606214037241521,
        10.446232837290509,
        10.027068808263953,
        0.039926045516477715,
        10.165748816209584,
        0.9666246744158277,
        1.2696586674723622,
        9.382264444133737,
        11.550903478860159,
        9.519490417073163,
        10.43766704663035,
        10.928480174058603,
        10.147444642199467,
        9.846638297600974,
        10.951970867012397,
        2.116085526436394,
        0.7140861828586531,
        8.902410280387201,
        0.2713720742567468,
        8.660792157546078,
        0.5278405305644536,
        0.5608956844752491,
        9.051550850535385,
        9.353334868186424,
        10.073439399859769,
        1.1604297242859702,
        0.22558077536780752,
        10.08570293158272,
        0.55434879693945,
        10.594857649838156,
        2.4911802057546013,
        3.3316096593213747,
        1.188008138163928,
        10.080494638394631,
        1.1414000848222683,
        10.54721538242019,
        1.5730121867214621,
        -1.1168375142317655,
        1.661398232471916,
        9.318892433693339
    ],
    "label": {
        "x": [
            1.0,
            0.0,
            1.0,
            0.0,
            0.0,
            1.0,
            0.0,
            1.0,
            0.0,
            1.0,
            0.0,
            1.0
        ],
        "z": [
            1.0,
            -1.0,
            1.0,
            -1.0,
            -1.0,
            1.0,
            -1.0,
            1.0,
            -1.0,
            1.0,
            -1.0,
            1.0
        ],
        "obj_val": -129.32705524243994
    }
}