{
    "J": [
        [
            4,
            7
        ],
        [
            0,
            9
        ],
        [
            1,
            3
        ],
        [
            6,
            8
        ],
        [
            4,
            11
        ],
        [
            2,
            5
        ],
        [
            1,
            8
        ],
        [
            2,
            8
        ],
        [
            9,
            11
        ],
        [
            3,
            6
        ],
        [
            4,
            9
        ],
        [
            0,
            6
        ],
        [
            5,
            7
        ],
        [
            7,
            8
        ],
        [
            2,
            3
        ],
        [
            5,
            6
        ],
        [
            0,
            7
        ],
        [
            8
        ],
        [
            7
        ],
        [
            5,
            11
        ],
        [
            5,
            9
        ],
        [
            5
        ],
        [
            10,
            11
        ],
        [
            0,
            2
        ],
        [
            4,
            8
        ],
        [
            6,
            10
        ],
        [
            0,
            4
        ],
        [
            5,
            10
        ],
        [
            8,
            9
        ],
        [
            2,
            9
        ],
        [
            4,
            5
        ],
        [
            2,
            6
        ],
        [
            2,
            4
        ],
        [
            6,
            11
        ],
        [
            2,
            10
        ],
        [
            1,
            2
        ],
        [
            3,
            5
        ],
        [
            2,
            11
        ],
        [
            1,
            9
        ],
        [
            0,
            8
        ],
        [
            10
        ],
        [
            4
        ],
        [
            0,
            10
        ],
        [
            9,
            10
        ],
        [
            1,
            4
        ],
        [
            5,
            8
        ]
    ],
    "c": [
        9.719381769037167,
        2.0367549661790063,
        -0.2335951805778218,
        9.008779533797963,
        11.601726131725139,
        8.773641035891785,
        9.973978782423979,
        0.5959938249550678,
        1.9852651120927862,
        10.627277250493215,
        10.26793520456497,
        2.8823506625179127,
        9.943585580433618,
        1.522071247472975,
        1.1777497536491377,
        -0.02368180845977874,
        3.205749914797898,
        10.702895467895926,
        8.905734854350705,
        1.7352377036329965,
        9.275963447912808,
        11.279023074254777,
        8.975839193783097,
        0.314027341394575,
        9.386223575826584,
        10.287511014813537,
        10.347451519405531,
        10.585114078235176,
        10.970377438784846,
        -0.6046424056180926,
        0.4544011594146118,
        9.538514259337628,
        0.9626432983787193,
        0.24706857294486628,
        -0.5345532813439415,
        9.23740940374218,
        2.2832975322378224,
        10.02189391694065,
        10.587467797319992,
        9.549819222020544,
        9.895559301534117,
        1.2105979938718632,
        2.119285762224825,
        -0.4866328305217671,
        1.135587538384029,
        10.66394183845503
    ],
    "label": {
        "x": [
            1.0,
            1.0,
            0.0,
            0.0,
            1.0,
            1.0,
            1.0,
            0.0,
            0.0,
            0.0,
            0.0,
            1.0
        ],
        "z": [
            1.0,
            1.0,
            -1.0,
            -1.0,
            1.0,
            1.0,
            1.0,
            -1.0,
            -1.0,
            -1.0,
            -1.0,
            1.0
        ],
        "obj_val": -165.09176898046834
    }
}