{
    "J": [
        [
            0,
            3
        ],
        [
            3,
            5
        ],
        [
            7,
            9
        ],
        [
            1,
            4
        ],
        [
            4,
            10
        ],
        [
            9,
            10
        ],
        [
            2,
            7
        ],
        [
            11
        ],
        [
            3,
            7
        ],
        [
            1,
            8
        ],
        [
            6,
            8
        ],
        [
            8,
            9
        ],
        [
            2,
            9
        ],
        [
            9
        ],
        [
            7
        ],
        [
            5,
            10
        ],
        [
            1,
            7
        ],
        [
            6,
            9
        ],
        [
            7,
            11
        ],
        [
            4,
            11
        ],
        [
            6
        ],
        [
            3,
            6
        ],
        [
            0,
            2
        ]
    ],
    "c": [
        7.965407182935962,
        1.8435507150572321,
        0.05983850189083806,
        2.2600044003759727,
        2.546425672968061,
        0.909572324018525,
        10.687149429809674,
        10.3474195589251,
        10.062795196986464,
        9.13221302007371,
        9.901458232493077,
        0.473404765416777,
        11.489604306772254,
        11.52586990615388,
        9.814510179041278,
        11.224579778377718,
        8.829050748843581,
        10.117710895642473,
        9.292887838674389,
        11.012746354497922,
        0.9212393570712775,
        10.026577941355876,
        1.245026927709605
    ],
    "label": {
        "x": [
            0.0,
            1.0,
            1.0,
            1.0,
            0.0,
            0.0,
            1.0,
            0.0,
            0.0,
            0.0,
            1.0,
            1.0
        ],
        "z": [
            -1.0,
            1.0,
            1.0,
            1.0,
            -1.0,
            -1.0,
            1.0,
            -1.0,
            -1.0,
            -1.0,
            1.0,
            1.0
        ],
        "obj_val": -118.03208298577192
    }
}