{
    "J": [
        [
            6
        ],
        [
            0,
            6
        ],
        [
            1,
            8
        ],
        [
            8
        ],
        [
            9,
            11
        ],
        [
            3,
            11
        ],
        [
            3,
            8
        ],
        [
            4,
            9
        ],
        [
            10,
            11
        ],
        [
            7,
            9
        ],
        [
            0,
            11
        ],
        [
            8,
            10
        ],
        [
            0,
            7
        ],
        [
            2,
            10
        ],
        [
            9
        ],
        [
            4,
            7
        ],
        [
            6,
            7
        ],
        [
            3
        ],
        [
            4,
            8
        ],
        [
            3,
            7
        ],
        [
            3,
            9
        ],
        [
            1,
            9
        ],
        [
            0,
            1
        ],
        [
            9,
            10
        ],
        [
            7,
            11
        ],
        [
            2,
            7
        ],
        [
            7
        ],
        [
            1,
            3
        ],
        [
            2
        ],
        [
            4,
            6
        ],
        [
            2,
            11
        ],
        [
            1,
            2
        ],
        [
            5
        ],
        [
            1,
            6
        ],
        [
            4,
            10
        ],
        [
            7,
            10
        ],
        [
            2,
            6
        ],
        [
            5,
            6
        ],
        [
            6,
            10
        ],
        [
            6,
            9
        ],
        [
            4,
            5
        ],
        [
            5,
            11
        ],
        [
            1,
            7
        ],
        [
            5,
            10
        ],
        [
            0,
            10
        ],
        [
            2,
            8
        ]
    ],
    "c": [
        10.067386471069932,
        -0.5820193115039205,
        11.17661184221785,
        11.473580981586176,
        -0.17627274355466693,
        1.3542512647586156,
        9.235680846343568,
        1.4676461301515513,
        0.5324153189213812,
        11.487148358001694,
        11.625321055134757,
        0.6115934483624892,
        0.35597833213914065,
        9.905192794790686,
        11.870214753770822,
        10.778426396699505,
        10.565942126929032,
        1.6155811353954053,
        0.33699347691444415,
        9.655361993799866,
        10.020004322012309,
        -2.0696106170101642,
        9.774834682341169,
        0.04246478047194646,
        11.492438361014173,
        9.812553713243187,
        -0.5595580261959314,
        10.079335695707611,
        0.7938714251555742,
        2.3814649026068873,
        3.0992437124562113,
        11.411064148646371,
        8.731286820380527,
        2.3140111936736387,
        11.278880257189023,
        1.6519692823833423,
        2.0419261110519544,
        11.56551748913298,
        9.753189381149747,
        8.025855860022737,
        1.7128088034286966,
        9.7543674978419,
        0.4771600370015152,
        8.980632134195126,
        10.116016596484942,
        9.63081198696079
    ],
    "label": {
        "x": [
            1.0,
            0.0,
            1.0,
            1.0,
            1.0,
            0.0,
            1.0,
            0.0,
            0.0,
            0.0,
            0.0,
            1.0
        ],
        "z": [
            1.0,
            -1.0,
            1.0,
            1.0,
            1.0,
            -1.0,
            1.0,
            -1.0,
            -1.0,
            -1.0,
            -1.0,
            1.0
        ],
        "obj_val": -156.1595831597762
    }
}