{
    "J": [
        [
            10,
            11
        ],
        [
            6,
            10
        ],
        [
            10
        ],
        [
            2,
            6
        ],
        [
            2
        ],
        [
            2,
            3
        ],
        [
            1,
            3
        ],
        [
            1,
            11
        ],
        [
            6,
            7
        ],
        [
            2,
            5
        ],
        [
            3,
            8
        ],
        [
            7
        ],
        [
            5
        ],
        [
            5,
            6
        ],
        [
            7,
            11
        ],
        [
            4,
            6
        ],
        [
            1,
            5
        ],
        [
            9,
            11
        ],
        [
            0,
            10
        ],
        [
            2,
            4
        ],
        [
            0,
            1
        ],
        [
            3,
            6
        ],
        [
            3,
            7
        ],
        [
            6,
            11
        ],
        [
            1,
            6
        ],
        [
            2,
            7
        ],
        [
            3,
            10
        ],
        [
            5,
            7
        ],
        [
            3,
            5
        ],
        [
            3,
            9
        ],
        [
            0,
            7
        ],
        [
            2,
            9
        ],
        [
            6,
            9
        ],
        [
            4,
            11
        ],
        [
            0,
            11
        ],
        [
            0,
            3
        ],
        [
            7,
            8
        ],
        [
            2,
            11
        ],
        [
            7,
            10
        ],
        [
            3,
            11
        ],
        [
            0,
            8
        ],
        [
            4
        ],
        [
            3
        ],
        [
            1,
            7
        ],
        [
            6
        ],
        [
            0,
            2
        ]
    ],
    "c": [
        7.965407182935962,
        1.8435507150572321,
        0.05983850189083806,
        2.2600044003759727,
        2.546425672968061,
        0.909572324018525,
        10.687149429809674,
        10.3474195589251,
        10.062795196986464,
        9.13221302007371,
        9.901458232493077,
        0.473404765416777,
        11.489604306772254,
        11.52586990615388,
        9.814510179041278,
        11.224579778377718,
        8.829050748843581,
        10.117710895642473,
        9.292887838674389,
        11.012746354497922,
        0.9212393570712775,
        10.026577941355876,
        1.245026927709605,
        10.224083809855815,
        9.859220612684538,
        9.79279193443661,
        0.46309638544173715,
        1.1586943788225461,
        10.937153879562974,
        11.282688026876716,
        1.4286627934482152,
        10.724135884421973,
        10.122038347417481,
        10.281116550027079,
        0.7550865752354408,
        11.405701472217686,
        10.751321474061594,
        0.8882584397377168,
        9.767169629435779,
        8.871300223681917,
        10.724951139689123,
        2.2033439007423885,
        8.967233242798006,
        1.084299270465023,
        -0.9655090489076188,
        11.243474660721049
    ],
    "label": {
        "x": [
            0.0,
            0.0,
            1.0,
            1.0,
            0.0,
            0.0,
            1.0,
            0.0,
            1.0,
            0.0,
            1.0,
            1.0
        ],
        "z": [
            -1.0,
            -1.0,
            1.0,
            1.0,
            -1.0,
            -1.0,
            1.0,
            -1.0,
            1.0,
            -1.0,
            1.0,
            1.0
        ],
        "obj_val": -168.8928676732579
    }
}