{
    "J": [
        [
            0,
            10
        ],
        [
            1,
            8
        ],
        [
            3,
            9
        ],
        [
            7,
            8
        ],
        [
            1,
            5
        ],
        [
            2,
            6
        ],
        [
            2,
            5
        ],
        [
            3,
            8
        ],
        [
            4,
            10
        ],
        [
            4,
            9
        ],
        [
            4
        ],
        [
            3,
            5
        ],
        [
            2,
            4
        ],
        [
            1,
            7
        ],
        [
            1,
            3
        ],
        [
            8,
            9
        ],
        [
            6,
            9
        ],
        [
            10
        ],
        [
            11
        ],
        [
            6,
            11
        ],
        [
            0
        ],
        [
            9,
            10
        ],
        [
            5,
            10
        ],
        [
            5,
            9
        ],
        [
            2,
            8
        ],
        [
            4,
            8
        ],
        [
            3,
            7
        ],
        [
            2,
            7
        ],
        [
            2,
            3
        ],
        [
            3,
            4
        ],
        [
            2,
            11
        ],
        [
            6,
            8
        ],
        [
            3,
            6
        ],
        [
            7,
            11
        ],
        [
            0,
            4
        ],
        [
            5,
            7
        ],
        [
            0,
            5
        ],
        [
            8,
            10
        ],
        [
            8
        ],
        [
            4,
            11
        ],
        [
            5
        ],
        [
            2,
            10
        ],
        [
            7,
            10
        ],
        [
            4,
            6
        ],
        [
            2,
            9
        ],
        [
            3,
            10
        ]
    ],
    "c": [
        9.419766939939125,
        8.285674615600083,
        0.45149042470417244,
        9.61105505209125,
        2.626839035223182,
        10.115853933664845,
        10.134198981691766,
        -0.3911724706667594,
        0.5400480398949552,
        0.7552283599146217,
        -0.6413929128008413,
        0.9173656996563334,
        -0.0390704434311957,
        1.5351367737080568,
        9.583913515427415,
        9.922445713902972,
        9.40933341529636,
        7.469501657345788,
        1.3967147660258483,
        1.6073308738713714,
        1.4993440092377444,
        1.6299441791798572,
        0.05722333300109894,
        1.7813939756879278,
        1.987582624822323,
        10.460181701612075,
        1.3855674484752474,
        11.270989085167729,
        9.348865085740082,
        1.3149106637107675,
        11.7229099046865,
        9.62548401351577,
        9.628149985034655,
        10.890773662632592,
        8.758552105147684,
        1.6260953966117702,
        1.2242063883596561,
        -0.9961784150251298,
        11.475760863102659,
        0.13006727423648978,
        1.2111302113327387,
        9.045585607818568,
        0.4708769425387188,
        -0.4960582391884967,
        1.3982890421770988,
        3.3011083761654842
    ],
    "label": {
        "x": [
            1.0,
            1.0,
            1.0,
            0.0,
            1.0,
            0.0,
            1.0,
            1.0,
            0.0,
            1.0,
            0.0,
            0.0
        ],
        "z": [
            1.0,
            1.0,
            1.0,
            -1.0,
            1.0,
            -1.0,
            1.0,
            1.0,
            -1.0,
            1.0,
            -1.0,
            -1.0
        ],
        "obj_val": -119.5539138927916
    }
}