{
    "J": [
        [
            4,
            8
        ],
        [
            5,
            7
        ],
        [
            5,
            10
        ],
        [
            8
        ],
        [
            1,
            5
        ],
        [
            3
        ],
        [
            1,
            9
        ],
        [
            2
        ],
        [
            10
        ],
        [
            2,
            11
        ],
        [
            2,
            4
        ],
        [
            0,
            10
        ],
        [
            4,
            6
        ],
        [
            11
        ],
        [
            5,
            8
        ],
        [
            0,
            5
        ],
        [
            1,
            3
        ],
        [
            8,
            11
        ],
        [
            4,
            9
        ],
        [
            4,
            5
        ],
        [
            5
        ],
        [
            0,
            8
        ],
        [
            0,
            2
        ],
        [
            3,
            9
        ],
        [
            0
        ],
        [
            6,
            11
        ],
        [
            10,
            11
        ],
        [
            3,
            4
        ],
        [
            3,
            6
        ],
        [
            1,
            4
        ],
        [
            0,
            6
        ],
        [
            3,
            11
        ],
        [
            1,
            6
        ],
        [
            4,
            10
        ],
        [
            6
        ],
        [
            1,
            10
        ],
        [
            5,
            6
        ],
        [
            8,
            9
        ],
        [
            6,
            10
        ],
        [
            0,
            3
        ],
        [
            0,
            7
        ],
        [
            6,
            7
        ],
        [
            3,
            8
        ],
        [
            2,
            6
        ],
        [
            3,
            5
        ],
        [
            2,
            8
        ]
    ],
    "c": [
        -1.2145795718892805,
        10.616611095192177,
        8.906089965088233,
        10.945789588318114,
        -0.2064876192828864,
        9.719294454461384,
        1.6573391498932428,
        -0.23117758776105268,
        1.4495484888193972,
        0.14768755646776643,
        -0.6048892115758762,
        9.686108344777479,
        10.045129818091063,
        9.884441649391785,
        2.591762937458955,
        1.1528463780570855,
        0.612280641580384,
        1.1303121201912278,
        2.7602856030232648,
        9.819422258756202,
        1.462205662903631,
        9.111197482178676,
        8.54864277852115,
        1.5009284374559155,
        1.3866424833554425,
        10.889218090920778,
        0.41290547713052594,
        9.930629750842417,
        7.936025985240525,
        11.345180197090919,
        9.468704078212816,
        1.7886040548189994,
        9.621108420171238,
        0.4479982131717588,
        9.348533159460183,
        0.7102518177608517,
        2.0821879196083755,
        0.5807347199537873,
        8.554208492853542,
        9.098515223685967,
        10.656624412757758,
        11.199430546867058,
        10.200828865459828,
        -0.4135832498702545,
        10.994857706549977,
        10.822494765704626
    ],
    "label": {
        "x": [
            1.0,
            1.0,
            1.0,
            0.0,
            0.0,
            1.0,
            1.0,
            0.0,
            0.0,
            1.0,
            0.0,
            0.0
        ],
        "z": [
            1.0,
            1.0,
            1.0,
            -1.0,
            -1.0,
            1.0,
            1.0,
            -1.0,
            -1.0,
            1.0,
            -1.0,
            -1.0
        ],
        "obj_val": -123.40557058587626
    }
}