{
    "J": [
        [
            0
        ],
        [
            1
        ],
        [
            8,
            10
        ],
        [
            5,
            11
        ],
        [
            6
        ],
        [
            4,
            8
        ],
        [
            6,
            8
        ],
        [
            6,
            7
        ],
        [
            1,
            9
        ],
        [
            2,
            10
        ],
        [
            9
        ],
        [
            5
        ],
        [
            2,
            8
        ],
        [
            2,
            5
        ],
        [
            0,
            11
        ],
        [
            4,
            7
        ],
        [
            5,
            7
        ],
        [
            7
        ],
        [
            3,
            8
        ],
        [
            6,
            10
        ],
        [
            3,
            7
        ],
        [
            8,
            11
        ],
        [
            0,
            1
        ]
    ],
    "c": [
        9.21598980030403,
        10.92723023175574,
        1.252315361074217,
        1.4652704908461192,
        0.7078213610802346,
        10.159182342990292,
        11.545622845526907,
        10.02396575303514,
        -1.4530271291364145,
        2.29536185177915,
        9.652913393156137,
        0.03684568952328149,
        0.5148845112156153,
        0.3120221082595037,
        9.260954016110176,
        0.029895280267221658,
        0.11274366336975405,
        1.8831799461738905,
        9.88038150183712,
        0.7377925309099764,
        11.116432246610774,
        2.1651898491284296,
        0.7528354847526338
    ],
    "label": {
        "x": [
            0.0,
            0.0,
            1.0,
            1.0,
            1.0,
            0.0,
            1.0,
            0.0,
            0.0,
            0.0,
            0.0,
            1.0
        ],
        "z": [
            -1.0,
            -1.0,
            1.0,
            1.0,
            1.0,
            -1.0,
            1.0,
            -1.0,
            -1.0,
            -1.0,
            -1.0,
            1.0
        ],
        "obj_val": -99.85042564828908
    }
}