{
    "J": [
        [
            3,
            7
        ],
        [
            7,
            8
        ],
        [
            5
        ],
        [
            2,
            3
        ],
        [
            5,
            11
        ],
        [
            2,
            7
        ],
        [
            9,
            10
        ],
        [
            6,
            8
        ],
        [
            0,
            6
        ],
        [
            7,
            9
        ],
        [
            1,
            8
        ],
        [
            5,
            9
        ],
        [
            8
        ],
        [
            1,
            6
        ],
        [
            4,
            8
        ],
        [
            1,
            3
        ],
        [
            4
        ],
        [
            6
        ],
        [
            3,
            6
        ],
        [
            5,
            10
        ],
        [
            1,
            7
        ],
        [
            3,
            4
        ],
        [
            2,
            10
        ],
        [
            2,
            8
        ],
        [
            2,
            11
        ],
        [
            4,
            7
        ],
        [
            2,
            9
        ],
        [
            9
        ],
        [
            0
        ],
        [
            1,
            5
        ],
        [
            8,
            10
        ],
        [
            2,
            5
        ],
        [
            1
        ],
        [
            0,
            3
        ],
        [
            11
        ],
        [
            8,
            9
        ],
        [
            1,
            4
        ],
        [
            7,
            11
        ],
        [
            6,
            11
        ],
        [
            1,
            10
        ],
        [
            0,
            2
        ],
        [
            0,
            8
        ],
        [
            10,
            11
        ],
        [
            8,
            11
        ],
        [
            10
        ],
        [
            0,
            1
        ]
    ],
    "c": [
        2.0849582266622715,
        10.121228231122712,
        -0.27361272083782096,
        10.67781511888359,
        9.247978425374138,
        11.36521087539374,
        0.5049924916749047,
        0.164263315316865,
        0.823399986188283,
        2.511817280499757,
        9.84562078101309,
        11.284255436258182,
        9.321218376487057,
        9.642951754016519,
        0.6348056327760436,
        1.2748649980637417,
        0.7767510201508949,
        9.41699772911248,
        1.2612871055842012,
        1.2925526855615888,
        0.9576346793805052,
        0.35682408634067886,
        8.675613685142222,
        2.998612479233201,
        0.8720072212708407,
        0.8253688031883538,
        11.220747599752617,
        2.6562452564067582,
        0.48033441933404164,
        8.713532367529295,
        0.993688347564263,
        9.7885393603748,
        0.11220667445946442,
        10.160502543439902,
        0.7775684290570005,
        10.387534969184397,
        10.909287648215294,
        0.7346693946003404,
        10.088554815695742,
        9.469019968586016,
        0.6980987853841638,
        0.15745581357893645,
        11.271829275028601,
        1.5520174267247064,
        7.509187701297103,
        3.253505018732778
    ],
    "label": {
        "x": [
            0.0,
            1.0,
            0.0,
            1.0,
            0.0,
            0.0,
            0.0,
            1.0,
            0.0,
            1.0,
            0.0,
            1.0
        ],
        "z": [
            -1.0,
            1.0,
            -1.0,
            1.0,
            -1.0,
            -1.0,
            -1.0,
            1.0,
            -1.0,
            1.0,
            -1.0,
            1.0
        ],
        "obj_val": -152.9259534583038
    }
}