{
    "J": [
        [
            6,
            11
        ],
        [
            6,
            9
        ],
        [
            0,
            4
        ],
        [
            10
        ],
        [
            11
        ],
        [
            9,
            11
        ],
        [
            10,
            11
        ],
        [
            7
        ],
        [
            9
        ],
        [
            6
        ],
        [
            5,
            7
        ],
        [
            0,
            9
        ],
        [
            4,
            6
        ],
        [
            3,
            10
        ],
        [
            0,
            1
        ],
        [
            0,
            6
        ],
        [
            8,
            10
        ],
        [
            0,
            5
        ],
        [
            0,
            8
        ],
        [
            0,
            2
        ],
        [
            2,
            5
        ],
        [
            8,
            11
        ],
        [
            5,
            8
        ],
        [
            1,
            7
        ],
        [
            7,
            8
        ],
        [
            0,
            7
        ],
        [
            2,
            6
        ],
        [
            1,
            8
        ],
        [
            2
        ],
        [
            3
        ],
        [
            8,
            9
        ],
        [
            3,
            4
        ],
        [
            2,
            8
        ],
        [
            7,
            10
        ],
        [
            7,
            11
        ],
        [
            4,
            11
        ],
        [
            1
        ],
        [
            5,
            10
        ],
        [
            7,
            9
        ],
        [
            1,
            5
        ],
        [
            1,
            9
        ],
        [
            3,
            6
        ],
        [
            6,
            7
        ],
        [
            2,
            3
        ],
        [
            9,
            10
        ],
        [
            3,
            9
        ]
    ],
    "c": [
        9.318347241099689,
        11.488101072358571,
        2.684174734550342,
        2.5132738151683647,
        10.365024136470318,
        7.9935088356674955,
        -0.00036034849779453815,
        9.923633096269308,
        10.362608161385,
        1.6335724009806276,
        9.30317578468849,
        10.616098775339795,
        9.94686120753148,
        11.131349231608787,
        10.313490312233409,
        1.77765590942359,
        10.161905363651623,
        -0.33001960029894817,
        1.431000022157321,
        9.826392068333273,
        0.8008817035402633,
        0.7140193688087781,
        8.962379670994013,
        11.724263272093703,
        0.8195581715440251,
        2.512964322101971,
        0.5600541690846175,
        1.9962906069138397,
        0.7554187197838921,
        11.651286534324845,
        11.088849558660433,
        -0.19989367955998683,
        2.0659797334094288,
        -0.5118392682480408,
        1.3582729148574373,
        8.756750027063939,
        1.2095492790759188,
        1.4775900501923687,
        11.622914555394566,
        -0.16158931904254148,
        10.691997774046577,
        0.35510373053318633,
        0.3853769863686337,
        0.9890166537195457,
        8.47147488374195,
        0.6702506829331966
    ],
    "label": {
        "x": [
            0.0,
            1.0,
            1.0,
            0.0,
            1.0,
            1.0,
            0.0,
            0.0,
            0.0,
            1.0,
            1.0,
            0.0
        ],
        "z": [
            -1.0,
            1.0,
            1.0,
            -1.0,
            1.0,
            1.0,
            -1.0,
            -1.0,
            -1.0,
            1.0,
            1.0,
            -1.0
        ],
        "obj_val": -129.6397058528844
    }
}