{
    "J": [
        [
            1,
            6
        ],
        [
            0,
            4
        ],
        [
            7,
            8
        ],
        [
            1,
            2
        ],
        [
            7,
            10
        ],
        [
            0,
            1
        ],
        [
            0,
            5
        ],
        [
            8,
            9
        ],
        [
            0,
            8
        ],
        [
            11
        ],
        [
            1,
            11
        ],
        [
            8,
            11
        ],
        [
            5,
            9
        ],
        [
            0,
            3
        ],
        [
            1,
            7
        ],
        [
            6,
            7
        ],
        [
            2,
            4
        ],
        [
            9,
            11
        ],
        [
            6,
            11
        ],
        [
            0,
            10
        ],
        [
            3,
            8
        ],
        [
            2,
            3
        ],
        [
            3,
            6
        ]
    ],
    "c": [
        10.055425110882743,
        1.3542732654520897,
        11.877621793874471,
        9.153299613877206,
        8.966893438668444,
        2.1601166519333863,
        7.911343402416737,
        9.600439753121357,
        8.271662827472074,
        10.73184384858702,
        9.753771397881238,
        1.1635834465043147,
        1.3660213210748726,
        10.410780208439526,
        1.8719162076226983,
        2.242848752503651,
        11.184677533907124,
        1.9841211846291356,
        1.7643620874233488,
        10.795287137875487,
        0.2617825869877428,
        9.441622487641986,
        9.278770111652829
    ],
    "label": {
        "x": [
            0.0,
            1.0,
            0.0,
            1.0,
            1.0,
            1.0,
            0.0,
            0.0,
            1.0,
            0.0,
            1.0,
            0.0
        ],
        "z": [
            -1.0,
            1.0,
            -1.0,
            1.0,
            1.0,
            1.0,
            -1.0,
            -1.0,
            1.0,
            -1.0,
            1.0,
            -1.0
        ],
        "obj_val": -139.09623494734169
    }
}