{
    "J": [
        [
            1,
            8
        ],
        [
            2
        ],
        [
            9
        ],
        [
            8,
            10
        ],
        [
            3
        ],
        [
            5,
            10
        ],
        [
            7,
            10
        ],
        [
            4,
            8
        ],
        [
            6,
            10
        ],
        [
            6
        ],
        [
            3,
            10
        ],
        [
            0,
            2
        ],
        [
            3,
            9
        ],
        [
            6,
            8
        ],
        [
            6,
            9
        ],
        [
            0
        ],
        [
            8,
            11
        ],
        [
            4,
            7
        ],
        [
            9,
            10
        ],
        [
            4,
            10
        ],
        [
            3,
            6
        ],
        [
            1,
            7
        ],
        [
            4,
            11
        ],
        [
            7,
            9
        ],
        [
            6,
            11
        ],
        [
            5,
            9
        ],
        [
            1,
            6
        ],
        [
            2,
            10
        ],
        [
            0,
            10
        ],
        [
            4
        ],
        [
            2,
            8
        ],
        [
            1,
            5
        ],
        [
            3,
            8
        ],
        [
            2,
            4
        ],
        [
            5
        ],
        [
            3,
            11
        ],
        [
            11
        ],
        [
            1,
            9
        ],
        [
            1,
            4
        ],
        [
            5,
            11
        ],
        [
            10
        ],
        [
            3,
            7
        ],
        [
            7,
            8
        ],
        [
            0,
            9
        ],
        [
            7
        ],
        [
            4,
            5
        ]
    ],
    "c": [
        9.259027552211156,
        1.0234032095749805,
        11.500614774605763,
        9.19740977619194,
        2.0288754406801184,
        1.2611751259822332,
        11.330832897728179,
        2.32066376766598,
        3.471446659106811,
        10.503291504052733,
        0.5019352149481247,
        8.711076565735809,
        2.4437660902318132,
        9.909427287833163,
        9.005861815170336,
        1.3342858548541314,
        10.032372354706169,
        8.878719547336532,
        10.961896617840313,
        2.8129456793012224,
        9.531156030401606,
        10.212040631839749,
        2.3782520667559686,
        0.3764372656864934,
        1.2773317605208236,
        12.268249998635898,
        2.112151337317046,
        9.638849644863447,
        0.7518584395083958,
        0.7508620065062995,
        9.51679353864347,
        10.063356911940547,
        -0.4012546561672792,
        9.232775928256688,
        9.935156036847598,
        0.7370570855317218,
        8.915953952375101,
        10.993988557177872,
        2.4967462687327178,
        8.126282056893913,
        11.03866445873551,
        8.765588601936836,
        8.44476686014107,
        8.57287655678399,
        10.27323129768556,
        1.0980499008878386
    ],
    "label": {
        "x": [
            1.0,
            1.0,
            0.0,
            1.0,
            1.0,
            0.0,
            0.0,
            0.0,
            1.0,
            0.0,
            1.0,
            0.0
        ],
        "z": [
            1.0,
            1.0,
            -1.0,
            1.0,
            1.0,
            -1.0,
            -1.0,
            -1.0,
            1.0,
            -1.0,
            1.0,
            -1.0
        ],
        "obj_val": -147.30388487404474
    }
}