{
    "J": [
        [
            6,
            8
        ],
        [
            7,
            11
        ],
        [
            3,
            10
        ],
        [
            2,
            6
        ],
        [
            3,
            7
        ],
        [
            1,
            11
        ],
        [
            0,
            10
        ],
        [
            2,
            5
        ],
        [
            3,
            11
        ],
        [
            5,
            11
        ],
        [
            4,
            9
        ],
        [
            8,
            11
        ],
        [
            4,
            5
        ],
        [
            0,
            9
        ],
        [
            0,
            1
        ],
        [
            1,
            3
        ],
        [
            2,
            7
        ],
        [
            3,
            4
        ],
        [
            6,
            7
        ],
        [
            5
        ],
        [
            1,
            10
        ],
        [
            2,
            4
        ],
        [
            1,
            4
        ]
    ],
    "c": [
        0.022444515821465116,
        1.6292352550208316,
        10.254400143315333,
        0.6743152856527336,
        10.171747958261127,
        0.030482449993761263,
        10.407895004136424,
        0.5965323921313492,
        11.343046671939428,
        10.675702477019156,
        8.588928474509178,
        2.172349593077543,
        10.228450842910004,
        1.710901838206442,
        0.5784068841325636,
        10.02389021365953,
        0.7399542733115472,
        1.4829694247796408,
        0.7960251218323031,
        9.62547376617434,
        -0.5753974803727269,
        0.5033833447387319,
        2.0449957125137943
    ],
    "label": {
        "x": [
            0.0,
            1.0,
            1.0,
            0.0,
            1.0,
            0.0,
            0.0,
            1.0,
            0.0,
            0.0,
            1.0,
            1.0
        ],
        "z": [
            -1.0,
            1.0,
            1.0,
            -1.0,
            1.0,
            -1.0,
            -1.0,
            1.0,
            -1.0,
            -1.0,
            1.0,
            1.0
        ],
        "obj_val": -91.51413434429682
    }
}