{
    "J": [
        [
            0,
            5
        ],
        [
            5,
            7
        ],
        [
            4,
            8
        ],
        [
            6,
            11
        ],
        [
            1,
            11
        ],
        [
            8,
            11
        ],
        [
            1,
            3
        ],
        [
            7
        ],
        [
            7,
            10
        ],
        [
            2,
            4
        ],
        [
            6,
            10
        ],
        [
            2,
            3
        ],
        [
            1,
            2
        ],
        [
            3,
            7
        ],
        [
            0,
            9
        ],
        [
            1
        ],
        [
            8,
            9
        ],
        [
            7,
            11
        ],
        [
            1,
            9
        ],
        [
            2,
            5
        ],
        [
            3,
            9
        ],
        [
            6,
            8
        ],
        [
            0
        ]
    ],
    "c": [
        10.168479765643614,
        10.542643275589427,
        0.9988381105358647,
        10.553515343196956,
        11.533682330078037,
        0.06647604064225177,
        8.541358946185692,
        0.812247397289063,
        3.3728583833908687,
        0.6371076057356715,
        -1.7466890762983067,
        11.213456372010768,
        0.9527685540079176,
        7.798652481378401,
        2.472243911680162,
        9.934228917770554,
        2.585390454623309,
        2.288602207823536,
        10.262601735170723,
        10.697286697334288,
        0.6716443898904461,
        10.401005036631172,
        -0.24992507612000026
    ],
    "label": {
        "x": [
            0.0,
            0.0,
            0.0,
            1.0,
            0.0,
            1.0,
            0.0,
            0.0,
            1.0,
            1.0,
            1.0,
            1.0
        ],
        "z": [
            -1.0,
            -1.0,
            -1.0,
            1.0,
            -1.0,
            1.0,
            -1.0,
            -1.0,
            1.0,
            1.0,
            1.0,
            1.0
        ],
        "obj_val": -114.68169971439124
    }
}