{
    "J": [
        [
            2,
            8
        ],
        [
            0,
            6
        ],
        [
            2
        ],
        [
            1,
            5
        ],
        [
            3,
            7
        ],
        [
            0,
            7
        ],
        [
            2,
            4
        ],
        [
            2,
            6
        ],
        [
            1
        ],
        [
            0,
            5
        ],
        [
            9
        ],
        [
            9,
            11
        ],
        [
            7,
            9
        ],
        [
            6,
            10
        ],
        [
            1,
            6
        ],
        [
            6,
            11
        ],
        [
            1,
            10
        ],
        [
            3,
            10
        ],
        [
            5,
            6
        ],
        [
            2,
            9
        ],
        [
            2,
            7
        ],
        [
            5,
            11
        ],
        [
            6
        ],
        [
            2,
            5
        ],
        [
            3
        ],
        [
            0,
            2
        ],
        [
            5,
            9
        ],
        [
            3,
            4
        ],
        [
            4,
            9
        ],
        [
            4,
            11
        ],
        [
            3,
            5
        ],
        [
            7
        ],
        [
            4
        ],
        [
            0,
            9
        ],
        [
            4,
            7
        ],
        [
            2,
            10
        ],
        [
            1,
            2
        ],
        [
            8
        ],
        [
            3,
            6
        ],
        [
            7,
            10
        ],
        [
            8,
            11
        ],
        [
            5,
            10
        ],
        [
            0,
            4
        ],
        [
            10
        ],
        [
            5,
            7
        ],
        [
            0,
            1
        ]
    ],
    "c": [
        2.2978610624385327,
        9.24930486787937,
        9.528134158823098,
        0.9688843655976134,
        0.7181929035681811,
        0.16544140103637095,
        9.138670488734373,
        8.365946890321894,
        9.436015650145555,
        0.2435995118943819,
        0.801831755197562,
        9.95408108821423,
        2.6469660463093025,
        1.4102963338213785,
        9.103912786494039,
        0.41230388041553845,
        -0.7144133568192146,
        0.45125842582821485,
        9.14065349471977,
        9.242321704160986,
        2.760141726225098,
        0.7257857360538633,
        10.094407203210372,
        1.4013243624735239,
        0.1646239819046913,
        9.750109783501314,
        1.2664689481145097,
        8.83032266681309,
        11.62409946506723,
        0.4090865333248105,
        1.7182733604778324,
        9.254906867921314,
        2.355012631626603,
        11.094091611903352,
        9.729591416935287,
        1.0424682579979605,
        1.1498972305097865,
        1.5231834998170672,
        11.79093994533694,
        -1.6732974767860997,
        8.328118860154031,
        1.0824781019635947,
        0.8628351745779468,
        -0.02669970857935633,
        1.6687314582430863,
        10.527868853906297
    ],
    "label": {
        "x": [
            1.0,
            0.0,
            0.0,
            0.0,
            1.0,
            0.0,
            1.0,
            0.0,
            0.0,
            0.0,
            0.0,
            1.0
        ],
        "z": [
            1.0,
            -1.0,
            -1.0,
            -1.0,
            1.0,
            -1.0,
            1.0,
            -1.0,
            -1.0,
            -1.0,
            -1.0,
            1.0
        ],
        "obj_val": -111.1950191288002
    }
}