{
    "J": [
        [
            7,
            11
        ],
        [
            0,
            8
        ],
        [
            5,
            11
        ],
        [
            2,
            4
        ],
        [
            9,
            11
        ],
        [
            6,
            9
        ],
        [
            0,
            4
        ],
        [
            5
        ],
        [
            7,
            10
        ],
        [
            5,
            10
        ],
        [
            11
        ],
        [
            2,
            7
        ],
        [
            5,
            7
        ],
        [
            5,
            8
        ],
        [
            0,
            1
        ],
        [
            1,
            8
        ],
        [
            9
        ],
        [
            3
        ],
        [
            7,
            9
        ],
        [
            4,
            8
        ],
        [
            2,
            3
        ],
        [
            3,
            11
        ],
        [
            3,
            9
        ],
        [
            8
        ],
        [
            0,
            11
        ],
        [
            6,
            7
        ],
        [
            2
        ],
        [
            0,
            2
        ],
        [
            8,
            11
        ],
        [
            8,
            9
        ],
        [
            2,
            8
        ],
        [
            0,
            7
        ],
        [
            10
        ],
        [
            2,
            5
        ],
        [
            2,
            11
        ],
        [
            3,
            8
        ],
        [
            7,
            8
        ],
        [
            0,
            3
        ],
        [
            4,
            7
        ],
        [
            6,
            8
        ],
        [
            4,
            11
        ],
        [
            0,
            9
        ],
        [
            4,
            10
        ],
        [
            3,
            6
        ],
        [
            1,
            11
        ],
        [
            3,
            10
        ]
    ],
    "c": [
        0.5770039133922585,
        3.224823656231133,
        10.615174680145032,
        -0.3149773329110155,
        1.492973168549334,
        9.126707618352135,
        -0.6019333298840952,
        0.30040935891820264,
        1.741675716840315,
        0.8704859941884929,
        -1.2093093196641602,
        10.046071735568137,
        1.0494315396641816,
        11.193965069464662,
        2.232097328154211,
        1.3301018387281816,
        12.741521289534274,
        2.3608713279072866,
        -1.4220682940951175,
        9.359206287429974,
        9.75707890515086,
        0.6381149110832747,
        9.00720061499449,
        9.509180031653717,
        11.543714234549359,
        0.007585477513338268,
        0.7677355798260643,
        11.229982451013239,
        9.854574910836964,
        11.300693943114156,
        0.7541212225615537,
        9.777450257317872,
        9.740638623812012,
        9.555681971174337,
        9.979372807082107,
        2.754542794767298,
        1.0299303311050303,
        2.5316107172165605,
        0.7696301392630356,
        1.5485042971706982,
        9.518994284492965,
        -1.1629471064963535,
        8.387175061649769,
        2.8038429820029522,
        9.801572684161952,
        11.83499082913985
    ],
    "label": {
        "x": [
            1.0,
            1.0,
            0.0,
            1.0,
            1.0,
            1.0,
            1.0,
            1.0,
            0.0,
            0.0,
            0.0,
            0.0
        ],
        "z": [
            1.0,
            1.0,
            -1.0,
            1.0,
            1.0,
            1.0,
            1.0,
            1.0,
            -1.0,
            -1.0,
            -1.0,
            -1.0
        ],
        "obj_val": -128.72974150223516
    }
}