{
    "J": [
        [
            10,
            11
        ],
        [
            7,
            11
        ],
        [
            3,
            7
        ],
        [
            0
        ],
        [
            1,
            4
        ],
        [
            4
        ],
        [
            2,
            3
        ],
        [
            2,
            11
        ],
        [
            0,
            11
        ],
        [
            3,
            8
        ],
        [
            8,
            11
        ],
        [
            8,
            9
        ],
        [
            1,
            2
        ],
        [
            3,
            4
        ],
        [
            4,
            5
        ],
        [
            1
        ],
        [
            4,
            6
        ],
        [
            1,
            6
        ],
        [
            0,
            8
        ],
        [
            5,
            8
        ],
        [
            0,
            10
        ],
        [
            4,
            10
        ],
        [
            0,
            9
        ],
        [
            3,
            5
        ],
        [
            3,
            6
        ],
        [
            5
        ],
        [
            2,
            5
        ],
        [
            9,
            10
        ],
        [
            5,
            11
        ],
        [
            5,
            7
        ],
        [
            11
        ],
        [
            3
        ],
        [
            0,
            2
        ],
        [
            1,
            3
        ],
        [
            3,
            11
        ],
        [
            5,
            9
        ],
        [
            1,
            9
        ],
        [
            7,
            9
        ],
        [
            1,
            11
        ],
        [
            7
        ],
        [
            1,
            7
        ],
        [
            9,
            11
        ],
        [
            4,
            8
        ],
        [
            8
        ],
        [
            0,
            1
        ],
        [
            9
        ]
    ],
    "c": [
        1.9914331135248824,
        0.9286805537616938,
        0.5212131420463055,
        1.6371894645809872,
        -0.2713472017277201,
        9.490300737079412,
        12.002433484632872,
        11.50181065847332,
        0.6038925209147905,
        11.366766557311085,
        1.038679042715069,
        -0.16007752304423906,
        9.476942872382441,
        12.712742424860235,
        9.60909184063564,
        0.17434564847114498,
        0.9617373795985907,
        10.766789267296167,
        12.125667185032615,
        10.177825983435316,
        1.484200539651808,
        1.464815572598621,
        10.463754943917483,
        0.022444515821465116,
        1.6292352550208316,
        10.254400143315333,
        0.6743152856527336,
        10.171747958261127,
        0.030482449993761263,
        10.407895004136424,
        0.5965323921313492,
        11.343046671939428,
        10.675702477019156,
        8.588928474509178,
        2.172349593077543,
        10.228450842910004,
        1.710901838206442,
        0.5784068841325636,
        10.02389021365953,
        0.7399542733115472,
        1.4829694247796408,
        0.7960251218323031,
        9.62547376617434,
        -0.5753974803727269,
        0.5033833447387319,
        2.0449957125137943
    ],
    "label": {
        "x": [
            0.0,
            1.0,
            1.0,
            0.0,
            1.0,
            0.0,
            0.0,
            1.0,
            1.0,
            1.0,
            0.0,
            0.0
        ],
        "z": [
            -1.0,
            1.0,
            1.0,
            -1.0,
            1.0,
            -1.0,
            -1.0,
            1.0,
            1.0,
            1.0,
            -1.0,
            -1.0
        ],
        "obj_val": -149.29200849108966
    }
}