{
    "J": [
        [
            1,
            6
        ],
        [
            7
        ],
        [
            7,
            11
        ],
        [
            8,
            9
        ],
        [
            9,
            11
        ],
        [
            3
        ],
        [
            1
        ],
        [
            4,
            6
        ],
        [
            7,
            9
        ],
        [
            2,
            11
        ],
        [
            4,
            10
        ],
        [
            5,
            9
        ],
        [
            2,
            7
        ],
        [
            1,
            5
        ],
        [
            6,
            7
        ],
        [
            5,
            10
        ],
        [
            2,
            9
        ],
        [
            8,
            11
        ],
        [
            1,
            11
        ],
        [
            0,
            6
        ],
        [
            7,
            8
        ],
        [
            6,
            8
        ],
        [
            2,
            8
        ]
    ],
    "c": [
        1.2769698435477517,
        9.989460533170778,
        2.75764434645051,
        0.9341264673439347,
        0.5537387505451448,
        0.3088527719724419,
        1.3899169555932989,
        1.6809021563651017,
        8.682564914888498,
        10.405343844355023,
        11.753648672758594,
        0.1263622795947803,
        -0.8854875644464613,
        2.0325555321574367,
        0.7898301231947085,
        1.769157228093492,
        0.1503423882598547,
        9.08060989665205,
        11.700622230124303,
        2.4195160575020003,
        9.559613565160486,
        9.47292268398127,
        10.24975102308785
    ],
    "label": {
        "x": [
            1.0,
            0.0,
            0.0,
            0.0,
            1.0,
            1.0,
            0.0,
            0.0,
            1.0,
            1.0,
            0.0,
            1.0
        ],
        "z": [
            1.0,
            -1.0,
            -1.0,
            -1.0,
            1.0,
            1.0,
            -1.0,
            -1.0,
            1.0,
            1.0,
            -1.0,
            1.0
        ],
        "obj_val": -82.44666510748901
    }
}