{
    "J": [
        [
            5
        ],
        [
            11
        ],
        [
            3,
            6
        ],
        [
            0,
            11
        ],
        [
            0,
            7
        ],
        [
            4,
            7
        ],
        [
            4,
            9
        ],
        [
            0,
            1
        ],
        [
            10
        ],
        [
            6,
            11
        ],
        [
            3
        ],
        [
            8,
            9
        ],
        [
            4
        ],
        [
            0,
            4
        ],
        [
            8,
            10
        ],
        [
            3,
            4
        ],
        [
            1,
            2
        ],
        [
            5,
            8
        ],
        [
            1,
            10
        ],
        [
            1,
            11
        ],
        [
            0,
            2
        ],
        [
            6
        ],
        [
            3,
            5
        ]
    ],
    "c": [
        1.923891792156144,
        9.71590693286175,
        1.2902434598237396,
        9.037410644506158,
        10.889646177500572,
        1.360282811398242,
        9.640388929667893,
        11.325739355320385,
        7.743055664141206,
        11.308832195678741,
        1.0857686849335584,
        9.943501702062223,
        1.5299763251551601,
        1.5460833050356748,
        1.4483750232647168,
        10.265166749990579,
        9.947818387491132,
        10.201416824759125,
        0.977748864565135,
        10.324585429690767,
        0.5428318064703718,
        8.586800998837191,
        10.70188702585687
    ],
    "label": {
        "x": [
            0.0,
            1.0,
            0.0,
            1.0,
            0.0,
            0.0,
            1.0,
            1.0,
            1.0,
            0.0,
            0.0,
            0.0
        ],
        "z": [
            -1.0,
            1.0,
            -1.0,
            1.0,
            -1.0,
            -1.0,
            1.0,
            1.0,
            1.0,
            -1.0,
            -1.0,
            -1.0
        ],
        "obj_val": -87.87830343261814
    }
}