{
    "J": [
        [
            9,
            10
        ],
        [
            4,
            7
        ],
        [
            4,
            10
        ],
        [
            1,
            5
        ],
        [
            7,
            11
        ],
        [
            8,
            11
        ],
        [
            6
        ],
        [
            2,
            8
        ],
        [
            4,
            11
        ],
        [
            6,
            7
        ],
        [
            1,
            11
        ],
        [
            3,
            8
        ],
        [
            1,
            7
        ],
        [
            0,
            5
        ],
        [
            4,
            9
        ],
        [
            0,
            1
        ],
        [
            3,
            6
        ],
        [
            0,
            11
        ],
        [
            1,
            3
        ],
        [
            9
        ],
        [
            4,
            6
        ],
        [
            8,
            10
        ],
        [
            0
        ]
    ],
    "c": [
        1.8571691441080809,
        9.88655309095383,
        0.9180366090257672,
        0.7653446250912788,
        1.1949800161188042,
        9.01656377286851,
        9.599586137585831,
        11.06547522713563,
        -0.34323845661375096,
        1.3715975104853035,
        -0.937808158909623,
        -0.1525117904017239,
        1.0312455595433383,
        2.159737024700131,
        0.4572129246455269,
        8.191646038002116,
        0.8606538630482643,
        0.2142660087899062,
        0.9116101699224599,
        10.052391085427175,
        10.149223416170138,
        9.494982934448462,
        0.5877761188070102
    ],
    "label": {
        "x": [
            0.0,
            1.0,
            1.0,
            0.0,
            1.0,
            1.0,
            0.0,
            0.0,
            0.0,
            0.0,
            1.0,
            1.0
        ],
        "z": [
            -1.0,
            1.0,
            1.0,
            -1.0,
            1.0,
            1.0,
            -1.0,
            -1.0,
            -1.0,
            -1.0,
            1.0,
            1.0
        ],
        "obj_val": -83.38834446750144
    }
}