{
    "J": [
        [
            9,
            10
        ],
        [
            1,
            3
        ],
        [
            0,
            5
        ],
        [
            0,
            1
        ],
        [
            8,
            9
        ],
        [
            1,
            11
        ],
        [
            5,
            10
        ],
        [
            11
        ],
        [
            4,
            8
        ],
        [
            5
        ],
        [
            8,
            10
        ],
        [
            2,
            6
        ],
        [
            6,
            7
        ],
        [
            1,
            7
        ],
        [
            2,
            10
        ],
        [
            4,
            10
        ],
        [
            6,
            8
        ],
        [
            1,
            10
        ],
        [
            1,
            5
        ],
        [
            7,
            11
        ],
        [
            5,
            9
        ],
        [
            2,
            9
        ],
        [
            4,
            5
        ],
        [
            9
        ],
        [
            4
        ],
        [
            3,
            9
        ],
        [
            3,
            10
        ],
        [
            4,
            7
        ],
        [
            0,
            2
        ],
        [
            7
        ],
        [
            2,
            11
        ],
        [
            1,
            8
        ],
        [
            6,
            10
        ],
        [
            10,
            11
        ],
        [
            2,
            8
        ],
        [
            7,
            8
        ],
        [
            2,
            3
        ],
        [
            0,
            11
        ],
        [
            5,
            8
        ],
        [
            6,
            11
        ],
        [
            2,
            4
        ],
        [
            3,
            6
        ],
        [
            10
        ],
        [
            0,
            6
        ],
        [
            0,
            7
        ],
        [
            6,
            9
        ]
    ],
    "c": [
        0.9477840334543064,
        0.12146321281671235,
        0.6439096894848795,
        9.350368138300238,
        0.2902660423868745,
        0.7769004803377192,
        1.4312805677860945,
        9.038679900529697,
        -0.6595687831211354,
        9.991674931244551,
        -0.36092234583116123,
        9.279160392546034,
        10.485767643571906,
        1.1175423456940345,
        0.9408578555560472,
        0.352519275816913,
        2.5009810949539037,
        10.31801646550861,
        -0.31260319803799086,
        9.518915504693348,
        10.569379507523557,
        11.26085184273004,
        0.6351442709003989,
        9.826195561850668,
        0.22776233301425663,
        9.606816565090817,
        1.221599601982745,
        10.398133395419594,
        2.5528498488153013,
        9.317984040181832,
        9.759769171644326,
        2.119285246493847,
        10.605907404927015,
        2.198873622869991,
        1.6664625795058237,
        1.4547336950024945,
        10.524929325869236,
        9.96274029718072,
        1.0448676878566556,
        -0.3142523857494901,
        10.97710107054581,
        8.987426306445963,
        9.606218445103414,
        -1.5900721414846029,
        9.822736721823617,
        -0.41221438435197655
    ],
    "label": {
        "x": [
            0.0,
            1.0,
            0.0,
            0.0,
            1.0,
            0.0,
            1.0,
            0.0,
            0.0,
            1.0,
            0.0,
            1.0
        ],
        "z": [
            -1.0,
            1.0,
            -1.0,
            -1.0,
            1.0,
            -1.0,
            1.0,
            -1.0,
            -1.0,
            1.0,
            -1.0,
            1.0
        ],
        "obj_val": -127.6314694119184
    }
}