{
    "J": [
        [
            10,
            11
        ],
        [
            0,
            1
        ],
        [
            4,
            9
        ],
        [
            4
        ],
        [
            4,
            6
        ],
        [
            5,
            7
        ],
        [
            1,
            8
        ],
        [
            10
        ],
        [
            2,
            6
        ],
        [
            2,
            5
        ],
        [
            2,
            4
        ],
        [
            6
        ],
        [
            0,
            10
        ],
        [
            3,
            8
        ],
        [
            0,
            4
        ],
        [
            5,
            10
        ],
        [
            8
        ],
        [
            2
        ],
        [
            6,
            8
        ],
        [
            1,
            3
        ],
        [
            2,
            10
        ],
        [
            7,
            11
        ],
        [
            0
        ],
        [
            1
        ],
        [
            4,
            11
        ],
        [
            7,
            10
        ],
        [
            9
        ],
        [
            0,
            3
        ],
        [
            3,
            6
        ],
        [
            9,
            11
        ],
        [
            9,
            10
        ],
        [
            6,
            9
        ],
        [
            4,
            10
        ],
        [
            1,
            10
        ],
        [
            2,
            8
        ],
        [
            3,
            4
        ],
        [
            0,
            8
        ],
        [
            0,
            11
        ],
        [
            2,
            7
        ],
        [
            2,
            9
        ],
        [
            1,
            5
        ],
        [
            6,
            10
        ],
        [
            8,
            11
        ],
        [
            2,
            11
        ],
        [
            7,
            9
        ],
        [
            8,
            9
        ]
    ],
    "c": [
        11.439194859541388,
        1.732101435898897,
        0.11573940594559684,
        10.950879267280364,
        8.634432854139389,
        0.40555013697346465,
        1.1710366415254678,
        10.648229109417535,
        10.889888824442355,
        1.1443010570081789,
        9.344047469149572,
        2.002392335243825,
        -0.3087099628536891,
        11.229893484935472,
        10.331533405467631,
        1.7769475919068713,
        10.470781637935737,
        -0.804570114783077,
        1.9862923398606087,
        -0.7820651355678914,
        1.3882371008702084,
        1.2258710560876964,
        9.036251206168599,
        1.5796411599345177,
        9.050832707415337,
        11.254359481171358,
        2.477489310747619,
        0.12641803994571776,
        11.270104350581207,
        -0.25321638138710023,
        1.8792823674536927,
        1.0640796002780615,
        10.530947414126505,
        10.958809071797543,
        2.080353653595277,
        1.665593513693366,
        0.7011775206925772,
        0.07522403611666262,
        11.216618207688965,
        1.7704499352078642,
        8.665460186094236,
        9.285811364238276,
        0.09981204471389482,
        0.47458873009456115,
        -1.0409130061118264,
        9.792875511367514
    ],
    "label": {
        "x": [
            1.0,
            0.0,
            1.0,
            1.0,
            0.0,
            1.0,
            0.0,
            0.0,
            0.0,
            1.0,
            1.0,
            0.0
        ],
        "z": [
            1.0,
            -1.0,
            1.0,
            1.0,
            -1.0,
            1.0,
            -1.0,
            -1.0,
            -1.0,
            1.0,
            1.0,
            -1.0
        ],
        "obj_val": -116.14884825638616
    }
}