{
    "J": [
        [
            4,
            5
        ],
        [
            7,
            11
        ],
        [
            2,
            9
        ],
        [
            9
        ],
        [
            1,
            11
        ],
        [
            1,
            8
        ],
        [
            1,
            9
        ],
        [
            5,
            11
        ],
        [
            10
        ],
        [
            1,
            5
        ],
        [
            4,
            9
        ],
        [
            3,
            7
        ],
        [
            7,
            9
        ],
        [
            2,
            6
        ],
        [
            5,
            6
        ],
        [
            8,
            9
        ],
        [
            0,
            4
        ],
        [
            4,
            10
        ],
        [
            0
        ],
        [
            3,
            4
        ],
        [
            0,
            11
        ],
        [
            1,
            7
        ],
        [
            3,
            11
        ]
    ],
    "c": [
        0.4835595642029291,
        -1.6316854262251508,
        1.1866522034671474,
        1.381612556156075,
        0.17629228387619744,
        0.37686787651760834,
        9.09927786750582,
        1.43038618502117,
        10.78762984033225,
        -0.24859645218887128,
        -0.6054339870416179,
        0.5113262833740091,
        11.518398481380329,
        10.26332888634105,
        8.822434895857208,
        9.387479165863114,
        0.9816744376062407,
        -0.5260858776275581,
        -0.13011313536419644,
        9.860183276286758,
        -0.23974988485733273,
        10.009265421365956,
        0.4092617140063868
    ],
    "label": {
        "x": [
            1.0,
            0.0,
            0.0,
            1.0,
            0.0,
            0.0,
            1.0,
            1.0,
            1.0,
            0.0,
            0.0,
            1.0
        ],
        "z": [
            1.0,
            -1.0,
            -1.0,
            1.0,
            -1.0,
            -1.0,
            1.0,
            1.0,
            1.0,
            -1.0,
            -1.0,
            1.0
        ],
        "obj_val": -66.68714043735238
    }
}