{
    "J": [
        [
            5,
            10
        ],
        [
            0,
            2
        ],
        [
            2,
            6
        ],
        [
            2
        ],
        [
            6,
            10
        ],
        [
            0,
            3
        ],
        [
            0,
            4
        ],
        [
            1,
            4
        ],
        [
            1,
            8
        ],
        [
            4,
            9
        ],
        [
            2,
            11
        ],
        [
            2,
            8
        ],
        [
            3,
            10
        ],
        [
            10,
            11
        ],
        [
            4,
            7
        ],
        [
            8
        ],
        [
            5,
            8
        ],
        [
            4,
            8
        ],
        [
            0,
            10
        ],
        [
            7,
            9
        ],
        [
            1,
            5
        ],
        [
            5,
            6
        ],
        [
            2,
            7
        ]
    ],
    "c": [
        9.826195561850668,
        0.22776233301425663,
        9.606816565090817,
        1.221599601982745,
        10.398133395419594,
        2.5528498488153013,
        9.317984040181832,
        9.759769171644326,
        2.119285246493847,
        10.605907404927015,
        2.198873622869991,
        1.6664625795058237,
        1.4547336950024945,
        10.524929325869236,
        9.96274029718072,
        1.0448676878566556,
        -0.3142523857494901,
        10.97710107054581,
        8.987426306445963,
        9.606218445103414,
        -1.5900721414846029,
        9.822736721823617,
        -0.41221438435197655
    ],
    "label": {
        "x": [
            1.0,
            1.0,
            0.0,
            0.0,
            0.0,
            1.0,
            1.0,
            0.0,
            1.0,
            1.0,
            0.0,
            1.0
        ],
        "z": [
            1.0,
            1.0,
            -1.0,
            -1.0,
            -1.0,
            1.0,
            1.0,
            -1.0,
            1.0,
            1.0,
            -1.0,
            1.0
        ],
        "obj_val": -85.39020453649553
    }
}