{
    "J": [
        [
            1,
            2
        ],
        [
            0,
            7
        ],
        [
            6,
            10
        ],
        [
            1,
            4
        ],
        [
            9,
            11
        ],
        [
            4,
            8
        ],
        [
            0,
            4
        ],
        [
            8,
            10
        ],
        [
            0,
            9
        ],
        [
            7,
            10
        ],
        [
            2,
            10
        ],
        [
            7,
            11
        ],
        [
            10,
            11
        ],
        [
            7
        ],
        [
            5,
            11
        ],
        [
            8,
            9
        ],
        [
            9
        ],
        [
            2,
            9
        ],
        [
            2
        ],
        [
            3,
            7
        ],
        [
            0
        ],
        [
            4,
            11
        ],
        [
            0,
            5
        ]
    ],
    "c": [
        1.7948771781427113,
        7.785519686477182,
        2.0812223903671185,
        10.02711366967842,
        7.581053638017638,
        2.5053483115183295,
        -1.0207015437154001,
        1.6261778252296333,
        0.5760802186661318,
        -0.18296819239833284,
        9.147202856295928,
        0.08736737063679267,
        0.44292328672071934,
        11.298198259525723,
        -0.5908507297937478,
        1.5449040536068326,
        2.027359833357841,
        11.022324270190872,
        12.257054574289123,
        9.096197233765194,
        8.86635257711698,
        0.2415899875362224,
        -0.17857041502206972
    ],
    "label": {
        "x": [
            0.0,
            1.0,
            0.0,
            1.0,
            0.0,
            0.0,
            0.0,
            0.0,
            0.0,
            1.0,
            1.0,
            0.0
        ],
        "z": [
            -1.0,
            1.0,
            -1.0,
            1.0,
            -1.0,
            -1.0,
            -1.0,
            -1.0,
            -1.0,
            1.0,
            1.0,
            -1.0
        ],
        "obj_val": -76.32165133821954
    }
}