{
    "J": [
        [
            6,
            11
        ],
        [
            7,
            8
        ],
        [
            4,
            5
        ],
        [
            0,
            6
        ],
        [
            8,
            11
        ],
        [
            0,
            1
        ],
        [
            0,
            4
        ],
        [
            2,
            6
        ],
        [
            9
        ],
        [
            5,
            10
        ],
        [
            8,
            9
        ],
        [
            1,
            7
        ],
        [
            11
        ],
        [
            3,
            9
        ],
        [
            5
        ],
        [
            6,
            9
        ],
        [
            0
        ],
        [
            3,
            6
        ],
        [
            3,
            7
        ],
        [
            7
        ],
        [
            3,
            5
        ],
        [
            2,
            8
        ],
        [
            5,
            11
        ]
    ],
    "c": [
        -0.017784431788160582,
        0.49982259849062316,
        0.34367121596897776,
        1.0905914879515801,
        0.7312147498695826,
        9.880830885593449,
        10.213827527022842,
        0.14227194628657924,
        11.606618437785496,
        10.351093552532506,
        8.677513218584203,
        10.294932882622756,
        1.5448085603527564,
        10.004338703712806,
        11.753352570411542,
        0.9399117551205846,
        10.947874316021254,
        10.201985510057172,
        0.28391933547810966,
        0.33426038400823455,
        1.5516862802530325,
        9.183561080086287,
        2.1085866098117494
    ],
    "label": {
        "x": [
            0.0,
            1.0,
            0.0,
            1.0,
            1.0,
            0.0,
            0.0,
            0.0,
            1.0,
            0.0,
            1.0,
            0.0
        ],
        "z": [
            -1.0,
            1.0,
            -1.0,
            1.0,
            1.0,
            -1.0,
            -1.0,
            -1.0,
            1.0,
            -1.0,
            1.0,
            -1.0
        ],
        "obj_val": -114.14173444146931
    }
}