{
    "J": [
        [
            4,
            8
        ],
        [
            2,
            7
        ],
        [
            8,
            11
        ],
        [
            6,
            11
        ],
        [
            1,
            11
        ],
        [
            0,
            8
        ],
        [
            1,
            3
        ],
        [
            2,
            4
        ],
        [
            5,
            9
        ],
        [
            2,
            3
        ],
        [
            1
        ],
        [
            0,
            2
        ],
        [
            1,
            7
        ],
        [
            3,
            10
        ],
        [
            2
        ],
        [
            10,
            11
        ],
        [
            5,
            8
        ],
        [
            1,
            10
        ],
        [
            7,
            10
        ],
        [
            2,
            10
        ],
        [
            1,
            6
        ],
        [
            1,
            9
        ],
        [
            9,
            11
        ]
    ],
    "c": [
        0.7879344448646676,
        2.0710799891468064,
        11.121362401902775,
        8.300801305906548,
        9.733782197522562,
        -0.1434140361219014,
        0.7135851506197808,
        1.045269537944994,
        9.439569037496634,
        8.61452700789893,
        10.165532827522751,
        1.134950460846585,
        9.710817869986263,
        11.517212268785274,
        9.99178915179425,
        8.595081276092081,
        0.8288874538934775,
        9.760177116007165,
        1.9935854455179272,
        10.856274425454377,
        9.250484919640762,
        1.148465866382998,
        10.892719991819265
    ],
    "label": {
        "x": [
            1.0,
            0.0,
            0.0,
            0.0,
            1.0,
            0.0,
            1.0,
            1.0,
            1.0,
            1.0,
            1.0,
            0.0
        ],
        "z": [
            1.0,
            -1.0,
            -1.0,
            -1.0,
            1.0,
            -1.0,
            1.0,
            1.0,
            1.0,
            1.0,
            1.0,
            -1.0
        ],
        "obj_val": -104.13047569032105
    }
}