{
    "J": [
        [
            7,
            9
        ],
        [
            6,
            8
        ],
        [
            4,
            10
        ],
        [
            8
        ],
        [
            4,
            5
        ],
        [
            7,
            10
        ],
        [
            2,
            4
        ],
        [
            3,
            5
        ],
        [
            1,
            7
        ],
        [
            4,
            9
        ],
        [
            0,
            7
        ],
        [
            7,
            8
        ],
        [
            2,
            3
        ],
        [
            0,
            11
        ],
        [
            1,
            10
        ],
        [
            11
        ],
        [
            4,
            11
        ],
        [
            3,
            10
        ],
        [
            8,
            9
        ],
        [
            10
        ],
        [
            5,
            9
        ],
        [
            5,
            8
        ],
        [
            3,
            9
        ],
        [
            5,
            7
        ],
        [
            9,
            11
        ],
        [
            3,
            6
        ],
        [
            0,
            10
        ],
        [
            5,
            11
        ],
        [
            6,
            11
        ],
        [
            2,
            5
        ],
        [
            4
        ],
        [
            7
        ],
        [
            1,
            2
        ],
        [
            0,
            9
        ],
        [
            4,
            8
        ],
        [
            2,
            10
        ],
        [
            6
        ],
        [
            3,
            7
        ],
        [
            0,
            8
        ],
        [
            2,
            7
        ],
        [
            7,
            11
        ],
        [
            3,
            11
        ],
        [
            5,
            10
        ],
        [
            5,
            6
        ],
        [
            1,
            6
        ],
        [
            0,
            6
        ]
    ],
    "c": [
        11.16458974714403,
        10.158481442440209,
        0.607487719297664,
        0.8723831334063397,
        10.550823767172165,
        0.6876729433538409,
        1.5487265658657816,
        0.6098512141514827,
        10.254265512284908,
        1.4893619862215304,
        1.7662180378845964,
        1.817687251519141,
        9.566672497792283,
        1.8455183426142479,
        1.5527231664407841,
        1.7218110078640467,
        8.679607764411296,
        10.533424734661558,
        12.374375987016148,
        0.6988827034246197,
        1.8692698020688931,
        2.2536900801093482,
        9.241180715965363,
        9.867861830803466,
        9.761826479275092,
        10.710267728474179,
        -1.0522195569324722,
        10.810674293795525,
        0.8328350857410939,
        0.12612426343166472,
        10.75266629591578,
        8.954478336124387,
        0.9736294960394158,
        0.6574624772948425,
        2.1166130953255538,
        1.7941194625205257,
        1.0471414073389111,
        8.185728134607682,
        2.1086077179518403,
        8.960819669668254,
        1.3818967353498188,
        1.3793464717622954,
        0.7189060234803656,
        9.92215866129739,
        3.1466979074202404,
        10.144604520376436
    ],
    "label": {
        "x": [
            1.0,
            1.0,
            1.0,
            1.0,
            0.0,
            1.0,
            0.0,
            0.0,
            1.0,
            0.0,
            0.0,
            1.0
        ],
        "z": [
            1.0,
            1.0,
            1.0,
            1.0,
            -1.0,
            1.0,
            -1.0,
            -1.0,
            1.0,
            -1.0,
            -1.0,
            1.0
        ],
        "obj_val": -132.73211083030145
    }
}