{
    "J": [
        [
            5
        ],
        [
            1,
            6
        ],
        [
            0,
            7
        ],
        [
            7
        ],
        [
            0,
            11
        ],
        [
            4,
            11
        ],
        [
            3,
            11
        ],
        [
            1
        ],
        [
            2,
            8
        ],
        [
            3,
            6
        ],
        [
            7,
            9
        ],
        [
            4,
            8
        ],
        [
            6,
            7
        ],
        [
            5,
            9
        ],
        [
            10,
            11
        ],
        [
            3,
            8
        ],
        [
            7,
            10
        ],
        [
            1,
            7
        ],
        [
            6,
            11
        ],
        [
            0,
            10
        ],
        [
            9,
            10
        ],
        [
            3
        ],
        [
            10
        ]
    ],
    "c": [
        10.205589807473851,
        -0.7920125383168561,
        9.369737575037338,
        8.747839100112873,
        11.338586932820515,
        9.984059422121025,
        7.899581799632335,
        11.548653341297582,
        9.946435648487938,
        2.820202502924773,
        0.9875677971721412,
        0.2680585484485244,
        0.798234651970026,
        9.220638439286528,
        1.7706316085721743,
        -0.019666171582190417,
        0.65017439798209,
        9.819866143116046,
        2.7478773493030353,
        2.8375574546514803,
        2.5931111017898996,
        9.596821509744043,
        11.349124858908448
    ],
    "label": {
        "x": [
            0.0,
            0.0,
            0.0,
            0.0,
            0.0,
            0.0,
            0.0,
            1.0,
            1.0,
            1.0,
            0.0,
            1.0
        ],
        "z": [
            -1.0,
            -1.0,
            -1.0,
            -1.0,
            -1.0,
            -1.0,
            -1.0,
            1.0,
            1.0,
            1.0,
            -1.0,
            1.0
        ],
        "obj_val": -104.48636264786478
    }
}