{
    "J": [
        [
            10
        ],
        [
            7,
            10
        ],
        [
            5,
            11
        ],
        [
            6,
            10
        ],
        [
            4,
            9
        ],
        [
            7
        ],
        [
            4
        ],
        [
            4,
            8
        ],
        [
            7,
            8
        ],
        [
            5,
            7
        ],
        [
            9
        ],
        [
            2,
            10
        ],
        [
            0,
            6
        ],
        [
            1,
            8
        ],
        [
            0,
            8
        ],
        [
            8
        ],
        [
            0,
            1
        ],
        [
            3
        ],
        [
            0
        ],
        [
            6,
            7
        ],
        [
            1,
            4
        ],
        [
            7,
            9
        ],
        [
            5,
            9
        ]
    ],
    "c": [
        10.253527361846771,
        11.051604494467107,
        9.167716958348734,
        10.62316822501772,
        8.094986513968967,
        2.795011992181699,
        10.77833144221423,
        -0.41631624554283886,
        0.7987487799828865,
        1.5891590437242722,
        9.188076253851795,
        9.970880082193322,
        10.196850770472267,
        8.976111783971696,
        10.82628074468105,
        -0.16238462164892997,
        10.39210739910378,
        1.9577175075359583,
        1.0985317729826893,
        2.3988155168980407,
        2.400422500852896,
        0.7216543142789666,
        -1.2257897803830318
    ],
    "label": {
        "x": [
            0.0,
            1.0,
            1.0,
            0.0,
            0.0,
            0.0,
            1.0,
            1.0,
            1.0,
            0.0,
            0.0,
            1.0
        ],
        "z": [
            -1.0,
            1.0,
            1.0,
            -1.0,
            -1.0,
            -1.0,
            1.0,
            1.0,
            1.0,
            -1.0,
            -1.0,
            1.0
        ],
        "obj_val": -88.12421244105741
    }
}