{
    "J": [
        [
            9,
            11
        ],
        [
            11
        ],
        [
            4,
            8
        ],
        [
            4,
            11
        ],
        [
            8,
            11
        ],
        [
            0,
            6
        ],
        [
            9
        ],
        [
            8,
            9
        ],
        [
            8
        ],
        [
            2,
            10
        ],
        [
            0,
            8
        ],
        [
            3
        ],
        [
            5,
            11
        ],
        [
            0,
            5
        ],
        [
            2,
            11
        ],
        [
            5,
            7
        ],
        [
            0,
            9
        ],
        [
            2,
            8
        ],
        [
            6,
            11
        ],
        [
            0,
            2
        ],
        [
            1,
            2
        ],
        [
            0,
            1
        ],
        [
            4,
            10
        ]
    ],
    "c": [
        9.419766939939125,
        8.285674615600083,
        0.45149042470417244,
        9.61105505209125,
        2.626839035223182,
        10.115853933664845,
        10.134198981691766,
        -0.3911724706667594,
        0.5400480398949552,
        0.7552283599146217,
        -0.6413929128008413,
        0.9173656996563334,
        -0.0390704434311957,
        1.5351367737080568,
        9.583913515427415,
        9.922445713902972,
        9.40933341529636,
        7.469501657345788,
        1.3967147660258483,
        1.6073308738713714,
        1.4993440092377444,
        1.6299441791798572,
        0.05722333300109894
    ],
    "label": {
        "x": [
            1.0,
            0.0,
            0.0,
            0.0,
            0.0,
            0.0,
            0.0,
            1.0,
            1.0,
            0.0,
            1.0,
            1.0
        ],
        "z": [
            1.0,
            -1.0,
            -1.0,
            -1.0,
            -1.0,
            -1.0,
            -1.0,
            1.0,
            1.0,
            -1.0,
            1.0,
            1.0
        ],
        "obj_val": -71.2757479181678
    }
}