{
    "J": [
        [
            2,
            10
        ],
        [
            3,
            10
        ],
        [
            0,
            3
        ],
        [
            1,
            2
        ],
        [
            4,
            9
        ],
        [
            8,
            9
        ],
        [
            0,
            1
        ],
        [
            3,
            4
        ],
        [
            9,
            11
        ],
        [
            1,
            10
        ],
        [
            2,
            8
        ],
        [
            1,
            5
        ],
        [
            3,
            9
        ],
        [
            6,
            7
        ],
        [
            8,
            10
        ],
        [
            2,
            9
        ],
        [
            3,
            7
        ],
        [
            7
        ],
        [
            3,
            6
        ],
        [
            4,
            5
        ],
        [
            3,
            5
        ],
        [
            0,
            6
        ],
        [
            4,
            11
        ]
    ],
    "c": [
        1.3206131782062513,
        12.214052107909344,
        10.73174115227247,
        9.855851440713655,
        0.9173050698216465,
        9.604545941173948,
        10.255135757260481,
        0.024991596368080793,
        8.796047226093751,
        0.6315379801993984,
        0.49755414701633605,
        -0.28321977337632487,
        9.571543411216332,
        2.131381779449436,
        7.827625567688699,
        1.3944180836094606,
        9.821903595287191,
        9.692958339233643,
        10.878682317593329,
        0.9827312212611111,
        0.8546147503428729,
        9.839353288964,
        9.460377005742576
    ],
    "label": {
        "x": [
            0.0,
            1.0,
            0.0,
            1.0,
            0.0,
            1.0,
            1.0,
            0.0,
            1.0,
            0.0,
            0.0,
            1.0
        ],
        "z": [
            -1.0,
            1.0,
            -1.0,
            1.0,
            -1.0,
            1.0,
            1.0,
            -1.0,
            1.0,
            -1.0,
            -1.0,
            1.0
        ],
        "obj_val": -106.85691793165321
    }
}