{
    "J": [
        [
            3,
            6
        ],
        [
            1,
            5
        ],
        [
            0,
            2
        ],
        [
            0,
            10
        ],
        [
            3,
            8
        ],
        [
            0,
            6
        ],
        [
            2,
            7
        ],
        [
            5,
            9
        ],
        [
            2,
            8
        ],
        [
            0,
            1
        ],
        [
            4
        ],
        [
            3,
            7
        ],
        [
            0,
            11
        ],
        [
            2,
            3
        ],
        [
            8,
            10
        ],
        [
            5,
            10
        ],
        [
            0,
            3
        ],
        [
            3,
            4
        ],
        [
            5
        ],
        [
            4,
            9
        ],
        [
            7,
            11
        ],
        [
            0,
            8
        ],
        [
            3
        ]
    ],
    "c": [
        2.80777901590319,
        9.942486061520693,
        -0.42901360164121827,
        8.842532695814537,
        9.739325582823872,
        11.562763392243001,
        8.848522064324975,
        1.4125826867546967,
        1.387418099844551,
        10.331055059497805,
        9.954456028364426,
        10.881544958538873,
        12.858190018378902,
        10.272597172524932,
        1.2747150327982106,
        8.891079094544105,
        8.83357784005912,
        3.193845181678782,
        12.298711562285972,
        0.921905001578039,
        1.467908217980519,
        10.053406638257398,
        1.0812090770851113
    ],
    "label": {
        "x": [
            0.0,
            1.0,
            0.0,
            1.0,
            0.0,
            0.0,
            1.0,
            0.0,
            1.0,
            1.0,
            1.0,
            1.0
        ],
        "z": [
            -1.0,
            1.0,
            -1.0,
            1.0,
            -1.0,
            -1.0,
            1.0,
            -1.0,
            1.0,
            1.0,
            1.0,
            1.0
        ],
        "obj_val": -109.78352253857216
    }
}