{
    "J": [
        [
            6,
            8
        ],
        [
            3
        ],
        [
            8,
            9
        ],
        [
            2,
            10
        ],
        [
            0,
            6
        ],
        [
            9
        ],
        [
            6,
            10
        ],
        [
            0,
            5
        ],
        [
            2,
            8
        ],
        [
            7,
            11
        ],
        [
            3,
            5
        ],
        [
            3,
            4
        ],
        [
            2,
            5
        ],
        [
            4
        ],
        [
            2,
            3
        ],
        [
            6,
            9
        ],
        [
            2
        ],
        [
            0,
            4
        ],
        [
            4,
            10
        ],
        [
            3,
            10
        ],
        [
            0
        ],
        [
            7
        ],
        [
            1,
            11
        ]
    ],
    "c": [
        2.81086558901726,
        1.7326019679617932,
        10.819425172161209,
        9.70732365637344,
        9.935533017036441,
        9.43963993799437,
        0.601427018716334,
        10.827035457072725,
        -0.5474968804217275,
        11.253381340042836,
        -1.1097413080339393,
        -1.0314367865497402,
        9.444400083915102,
        11.44828623249747,
        2.605829618205221,
        10.13873172865542,
        2.304856380227111,
        8.441966909636008,
        1.9903620841850167,
        2.3847984066620826,
        0.7045202850179209,
        1.4572335907253249,
        4.1734770384727495
    ],
    "label": {
        "x": [
            0.0,
            0.0,
            0.0,
            0.0,
            0.0,
            1.0,
            1.0,
            0.0,
            1.0,
            0.0,
            1.0,
            1.0
        ],
        "z": [
            -1.0,
            -1.0,
            -1.0,
            -1.0,
            -1.0,
            1.0,
            1.0,
            -1.0,
            1.0,
            -1.0,
            1.0,
            1.0
        ],
        "obj_val": -92.67571584152026
    }
}