{
    "J": [
        [
            7,
            9
        ],
        [
            8
        ],
        [
            0,
            7
        ],
        [
            0,
            4
        ],
        [
            2,
            8
        ],
        [
            1,
            2
        ],
        [
            8,
            10
        ],
        [
            2,
            3
        ],
        [
            3,
            10
        ],
        [
            2,
            9
        ],
        [
            9
        ],
        [
            0,
            5
        ],
        [
            1,
            10
        ],
        [
            0,
            6
        ],
        [
            3,
            6
        ],
        [
            1,
            9
        ],
        [
            5
        ],
        [
            2,
            11
        ],
        [
            4,
            9
        ],
        [
            6,
            9
        ],
        [
            10,
            11
        ],
        [
            1,
            6
        ],
        [
            5,
            7
        ],
        [
            5,
            6
        ],
        [
            2,
            10
        ],
        [
            4,
            5
        ],
        [
            4
        ],
        [
            0
        ],
        [
            0,
            3
        ],
        [
            5,
            10
        ],
        [
            1,
            8
        ],
        [
            2,
            7
        ],
        [
            6,
            7
        ],
        [
            7
        ],
        [
            3,
            11
        ],
        [
            2
        ],
        [
            8,
            9
        ],
        [
            1,
            5
        ],
        [
            0,
            8
        ],
        [
            4,
            7
        ],
        [
            3
        ],
        [
            5,
            11
        ],
        [
            2,
            4
        ],
        [
            7,
            11
        ],
        [
            2,
            6
        ],
        [
            3,
            4
        ]
    ],
    "c": [
        0.42946295996485284,
        8.871036002170412,
        2.143063159844238,
        11.01817784097811,
        1.8046491835010545,
        9.520661883722832,
        10.168196804791007,
        1.7137903942870611,
        1.7221410916671223,
        -0.7695872550888356,
        0.8293205105716928,
        8.582807766408159,
        9.468430437082612,
        9.444233941358194,
        10.237823202421497,
        1.0885447999139102,
        1.251192467833503,
        9.074322848390615,
        3.3147258952788516,
        9.77441544522081,
        0.6410823691070402,
        11.101253026317341,
        2.9909093677229226,
        11.286725954539552,
        9.844290180264256,
        11.800091695244339,
        1.0606292649120719,
        8.512231157574815,
        0.565714770573144,
        -1.2958571572517426,
        2.342878963206269,
        11.09194724309935,
        -0.5321816168278783,
        11.247499700047383,
        -1.839218785903566,
        0.5889179589456193,
        1.3853211154278906,
        -0.13330742906228177,
        0.8939881725849788,
        1.8862833836179775,
        8.71707837362943,
        7.946309963557919,
        9.694289456647232,
        2.834146304963423,
        2.0171725160930496,
        1.3622254646071144
    ],
    "label": {
        "x": [
            0.0,
            0.0,
            0.0,
            0.0,
            1.0,
            0.0,
            1.0,
            1.0,
            0.0,
            0.0,
            1.0,
            1.0
        ],
        "z": [
            -1.0,
            -1.0,
            -1.0,
            -1.0,
            1.0,
            -1.0,
            1.0,
            1.0,
            -1.0,
            -1.0,
            1.0,
            1.0
        ],
        "obj_val": -137.43198725136702
    }
}