{
    "J": [
        [
            6,
            9
        ],
        [
            2,
            8
        ],
        [
            1,
            11
        ],
        [
            3,
            8
        ],
        [
            2,
            7
        ],
        [
            2,
            5
        ],
        [
            5
        ],
        [
            5,
            10
        ],
        [
            1,
            6
        ],
        [
            1,
            2
        ],
        [
            5,
            7
        ],
        [
            1,
            8
        ],
        [
            5,
            11
        ],
        [
            2,
            9
        ],
        [
            4,
            6
        ],
        [
            2
        ],
        [
            0,
            1
        ],
        [
            5,
            8
        ],
        [
            6,
            8
        ],
        [
            7,
            10
        ],
        [
            1
        ],
        [
            0,
            8
        ],
        [
            6,
            10
        ]
    ],
    "c": [
        11.08424912229058,
        0.6091158887814654,
        1.9782235530925454,
        1.2465098914597292,
        10.246499168129931,
        1.7571471718841218,
        -0.2838444179770938,
        10.80113194821598,
        10.049945810845317,
        1.584970264661939,
        11.431159147201178,
        7.196027082842653,
        -0.7132880979131913,
        10.103672160655531,
        0.8159448757024436,
        8.085828956762064,
        0.3352129374553645,
        10.800171220824476,
        9.891713702438434,
        1.123880139587488,
        1.5578629174802114,
        8.376286999761144,
        10.262273824434306
    ],
    "label": {
        "x": [
            0.0,
            1.0,
            0.0,
            0.0,
            1.0,
            0.0,
            0.0,
            1.0,
            1.0,
            1.0,
            1.0,
            0.0
        ],
        "z": [
            -1.0,
            1.0,
            -1.0,
            -1.0,
            1.0,
            -1.0,
            -1.0,
            1.0,
            1.0,
            1.0,
            1.0,
            -1.0
        ],
        "obj_val": -106.497435840854
    }
}