{
    "J": [
        [
            7,
            11
        ],
        [
            1,
            8
        ],
        [
            0,
            9
        ],
        [
            4,
            11
        ],
        [
            1,
            10
        ],
        [
            1,
            4
        ],
        [
            9,
            10
        ],
        [
            2,
            5
        ],
        [
            5
        ],
        [
            2,
            4
        ],
        [
            1,
            11
        ],
        [
            7,
            9
        ],
        [
            1,
            6
        ],
        [
            2,
            8
        ],
        [
            4,
            8
        ],
        [
            5,
            10
        ],
        [
            8
        ],
        [
            2
        ],
        [
            0,
            8
        ],
        [
            6
        ],
        [
            0,
            6
        ],
        [
            4,
            7
        ],
        [
            5,
            8
        ]
    ],
    "c": [
        0.8796398261919822,
        1.44698016180163,
        10.952278057862923,
        1.814010910688464,
        9.427491818511326,
        1.1271592307325005,
        8.892459790820917,
        9.029250845225901,
        0.2736944476375751,
        1.6333982959225386,
        9.916469173657482,
        0.65812115752048,
        -0.0017970004751635127,
        10.545804262983516,
        2.311692830687618,
        1.196362173514034,
        0.9553262310350871,
        10.864862932395308,
        11.124279329067157,
        9.31563368278033,
        -0.44544769184753563,
        1.1625903994359297,
        1.8026108112808417
    ],
    "label": {
        "x": [
            0.0,
            1.0,
            0.0,
            0.0,
            0.0,
            1.0,
            0.0,
            1.0,
            1.0,
            1.0,
            0.0,
            0.0
        ],
        "z": [
            -1.0,
            1.0,
            -1.0,
            -1.0,
            -1.0,
            1.0,
            -1.0,
            1.0,
            1.0,
            1.0,
            -1.0,
            -1.0
        ],
        "obj_val": -88.60548302935267
    }
}