{
    "J": [
        [
            0,
            1
        ],
        [
            0,
            8
        ],
        [
            0,
            9
        ],
        [
            0,
            6
        ],
        [
            4,
            9
        ],
        [
            3,
            11
        ],
        [
            3,
            10
        ],
        [
            6,
            8
        ],
        [
            4,
            7
        ],
        [
            9,
            10
        ],
        [
            1,
            3
        ],
        [
            7,
            10
        ],
        [
            4,
            11
        ],
        [
            2,
            5
        ],
        [
            1,
            8
        ],
        [
            9,
            11
        ],
        [
            10
        ],
        [
            0,
            11
        ],
        [
            1,
            6
        ],
        [
            2,
            3
        ],
        [
            8
        ],
        [
            6,
            7
        ],
        [
            5,
            9
        ]
    ],
    "c": [
        1.0188898668777104,
        1.525655131437084,
        -0.9061321562674596,
        0.9599627040087156,
        8.935262334931092,
        9.10575651632383,
        10.992497737873501,
        9.737702264893652,
        10.60836954411359,
        9.979223185381636,
        1.358421414292211,
        -0.5383702333119786,
        10.805101118524751,
        9.453590874280541,
        11.624340018557891,
        9.296167359061913,
        9.730859336023167,
        1.2820583625084112,
        10.271720995430895,
        2.3210173216885446,
        0.6242561042151145,
        3.469062755888005,
        0.03312417293342307
    ],
    "label": {
        "x": [
            1.0,
            0.0,
            0.0,
            1.0,
            1.0,
            1.0,
            1.0,
            0.0,
            0.0,
            1.0,
            0.0,
            0.0
        ],
        "z": [
            1.0,
            -1.0,
            -1.0,
            1.0,
            1.0,
            1.0,
            1.0,
            -1.0,
            -1.0,
            1.0,
            -1.0,
            -1.0
        ],
        "obj_val": -91.4721630479629
    }
}