{
    "J": [
        [
            0,
            9
        ],
        [
            4
        ],
        [
            7,
            11
        ],
        [
            2,
            10
        ],
        [
            3,
            6
        ],
        [
            1,
            7
        ],
        [
            6,
            11
        ],
        [
            7,
            10
        ],
        [
            4,
            7
        ],
        [
            10,
            11
        ],
        [
            3
        ],
        [
            1,
            4
        ],
        [
            2,
            7
        ],
        [
            0,
            10
        ],
        [
            6
        ],
        [
            2,
            4
        ],
        [
            9
        ],
        [
            3,
            4
        ],
        [
            0
        ],
        [
            4,
            9
        ],
        [
            0,
            6
        ],
        [
            7
        ],
        [
            4,
            10
        ],
        [
            8
        ],
        [
            1,
            2
        ],
        [
            3,
            11
        ],
        [
            11
        ],
        [
            2,
            11
        ],
        [
            3,
            10
        ],
        [
            0,
            3
        ],
        [
            8,
            10
        ],
        [
            2,
            6
        ],
        [
            6,
            8
        ],
        [
            6,
            10
        ],
        [
            0,
            8
        ],
        [
            1,
            10
        ],
        [
            10
        ],
        [
            7,
            8
        ],
        [
            1,
            6
        ],
        [
            2
        ],
        [
            1,
            11
        ],
        [
            0,
            2
        ],
        [
            1,
            8
        ],
        [
            1,
            5
        ],
        [
            2,
            9
        ],
        [
            0,
            4
        ]
    ],
    "c": [
        9.154268211418715,
        8.577603979937836,
        -0.963784690375898,
        9.7593335428773,
        10.126057062247906,
        1.8946246819817794,
        10.26978507608009,
        9.495343303838554,
        10.389653005937086,
        0.8580660214230491,
        0.47621158572497513,
        9.5474934540582,
        10.168410611629355,
        2.3206811628208177,
        0.8783409615847402,
        1.1398058155780033,
        0.23745234359183376,
        8.340395898535112,
        1.1994805918736517,
        1.1176047579638775,
        0.13874343552588975,
        0.428171180450278,
        8.578170222837578,
        1.4370349824195037,
        11.828714559168553,
        8.758392638761766,
        11.908304022522522,
        9.850399099031602,
        1.4564841267965292,
        7.557879313177844,
        8.989470540429865,
        1.9128259371844378,
        10.79633851013476,
        1.4731616609712856,
        0.46129580508627943,
        1.2344466246543964,
        1.8860538496390844,
        7.818828479723659,
        1.7267047331065326,
        0.43508616505908193,
        10.672687264389515,
        1.7583624056208655,
        2.6733541757591306,
        0.6601336675611217,
        10.111769687919873,
        9.891545086952732
    ],
    "label": {
        "x": [
            0.0,
            1.0,
            0.0,
            1.0,
            0.0,
            0.0,
            1.0,
            1.0,
            0.0,
            1.0,
            1.0,
            0.0
        ],
        "z": [
            -1.0,
            1.0,
            -1.0,
            1.0,
            -1.0,
            -1.0,
            1.0,
            1.0,
            -1.0,
            1.0,
            1.0,
            -1.0
        ],
        "obj_val": -130.6022648998969
    }
}