{
    "J": [
        [
            8,
            10
        ],
        [
            2,
            7
        ],
        [
            8
        ],
        [
            1,
            2
        ],
        [
            11
        ],
        [
            7,
            8
        ],
        [
            2,
            5
        ],
        [
            2,
            9
        ],
        [
            3,
            5
        ],
        [
            1,
            8
        ],
        [
            9
        ],
        [
            0,
            7
        ],
        [
            8,
            9
        ],
        [
            7,
            11
        ],
        [
            3,
            8
        ],
        [
            1,
            7
        ],
        [
            3,
            10
        ],
        [
            5
        ],
        [
            6,
            7
        ],
        [
            1,
            5
        ],
        [
            2,
            4
        ],
        [
            7
        ],
        [
            4
        ]
    ],
    "c": [
        9.987777390947159,
        7.576247530584196,
        10.794880295564873,
        9.880639303306678,
        0.9105511053801003,
        -1.3238734392602707,
        -0.0356387729069223,
        11.436272874282956,
        0.8608718068559539,
        1.3833483714670158,
        10.879832475295716,
        3.356810859545616,
        9.083578387919461,
        0.6852308419306927,
        10.184638008897315,
        8.383611307731737,
        0.8469958397895417,
        9.58083743834585,
        1.6717546050626155,
        10.273259991707718,
        1.1107419915483503,
        0.4290277530713307,
        1.4814385884870365
    ],
    "label": {
        "x": [
            1.0,
            1.0,
            1.0,
            1.0,
            0.0,
            0.0,
            1.0,
            0.0,
            0.0,
            0.0,
            1.0,
            0.0
        ],
        "z": [
            1.0,
            1.0,
            1.0,
            1.0,
            -1.0,
            -1.0,
            1.0,
            -1.0,
            -1.0,
            -1.0,
            1.0,
            -1.0
        ],
        "obj_val": -81.09369268818253
    }
}