{
    "J": [
        [
            7,
            10
        ],
        [
            6
        ],
        [
            2,
            4
        ],
        [
            7,
            11
        ],
        [
            3,
            7
        ],
        [
            4,
            8
        ],
        [
            4,
            10
        ],
        [
            1,
            6
        ],
        [
            3
        ],
        [
            0,
            2
        ],
        [
            3,
            5
        ],
        [
            8
        ],
        [
            3,
            4
        ],
        [
            0,
            6
        ],
        [
            5
        ],
        [
            5,
            6
        ],
        [
            0,
            4
        ],
        [
            3,
            6
        ],
        [
            9,
            10
        ],
        [
            2,
            7
        ],
        [
            3,
            8
        ],
        [
            5,
            11
        ],
        [
            0,
            7
        ]
    ],
    "c": [
        9.416417721928813,
        -0.09733057814498247,
        1.4896997481246483,
        0.9293296136490933,
        1.0876043302105087,
        1.3011838709354626,
        10.50059438820957,
        0.2388067227526266,
        9.441213445636116,
        1.885978020295554,
        0.07394614200904837,
        2.08732095578756,
        0.17854174308135418,
        10.37709392058789,
        10.559732473382201,
        2.435636611468698,
        0.4790389664929431,
        10.45845774777537,
        1.7682177569118644,
        9.130760483610501,
        10.686094718323691,
        10.257586025859517,
        9.45356860043569
    ],
    "label": {
        "x": [
            0.0,
            0.0,
            0.0,
            0.0,
            1.0,
            0.0,
            1.0,
            1.0,
            1.0,
            1.0,
            0.0,
            1.0
        ],
        "z": [
            -1.0,
            -1.0,
            -1.0,
            -1.0,
            1.0,
            -1.0,
            1.0,
            1.0,
            1.0,
            1.0,
            -1.0,
            1.0
        ],
        "obj_val": -101.77863738026024
    }
}