{
    "J": [
        [
            5,
            7
        ],
        [
            6
        ],
        [
            3,
            7
        ],
        [
            2
        ],
        [
            7,
            8
        ],
        [
            5,
            8
        ],
        [
            7,
            10
        ],
        [
            0,
            8
        ],
        [
            0,
            1
        ],
        [
            4,
            5
        ],
        [
            4,
            6
        ],
        [
            3,
            6
        ],
        [
            4,
            8
        ],
        [
            9,
            11
        ],
        [
            11
        ],
        [
            4,
            11
        ],
        [
            4,
            9
        ],
        [
            3,
            11
        ],
        [
            0,
            7
        ],
        [
            5
        ],
        [
            6,
            11
        ],
        [
            6,
            8
        ],
        [
            2,
            3
        ]
    ],
    "c": [
        0.6403802870564568,
        2.4435857171237565,
        0.8054797163144741,
        10.315968276178562,
        1.7593269500764825,
        1.6215234578518922,
        -1.5167242729271853,
        9.945309703317813,
        10.43376698221019,
        2.38949475727188,
        11.413151848987694,
        10.609841668673106,
        0.40931913482536786,
        10.29042724155384,
        1.4751521824566622,
        -0.20789939737657548,
        11.785774173437755,
        0.27995350061898394,
        3.1171912592608964,
        10.189834293442258,
        11.008537991985603,
        0.7336338554389695,
        10.295870545277447
    ],
    "label": {
        "x": [
            0.0,
            1.0,
            0.0,
            1.0,
            1.0,
            0.0,
            0.0,
            1.0,
            1.0,
            0.0,
            1.0,
            1.0
        ],
        "z": [
            -1.0,
            1.0,
            -1.0,
            1.0,
            1.0,
            -1.0,
            -1.0,
            1.0,
            1.0,
            -1.0,
            1.0,
            1.0
        ],
        "obj_val": -114.2296842450799
    }
}