{
    "J": [
        [
            6,
            11
        ],
        [
            1,
            3
        ],
        [
            7,
            10
        ],
        [
            6,
            8
        ],
        [
            3,
            8
        ],
        [
            1,
            9
        ],
        [
            3
        ],
        [
            1,
            6
        ],
        [
            5,
            9
        ],
        [
            7,
            9
        ],
        [
            2,
            9
        ],
        [
            3,
            10
        ],
        [
            5,
            11
        ],
        [
            4,
            7
        ],
        [
            2
        ],
        [
            3,
            5
        ],
        [
            10
        ],
        [
            0,
            3
        ],
        [
            1,
            2
        ],
        [
            2,
            4
        ],
        [
            0,
            2
        ],
        [
            3,
            4
        ],
        [
            0,
            7
        ]
    ],
    "c": [
        8.902410280387201,
        0.2713720742567468,
        8.660792157546078,
        0.5278405305644536,
        0.5608956844752491,
        9.051550850535385,
        9.353334868186424,
        10.073439399859769,
        1.1604297242859702,
        0.22558077536780752,
        10.08570293158272,
        0.55434879693945,
        10.594857649838156,
        2.4911802057546013,
        3.3316096593213747,
        1.188008138163928,
        10.080494638394631,
        1.1414000848222683,
        10.54721538242019,
        1.5730121867214621,
        -1.1168375142317655,
        1.661398232471916,
        9.318892433693339
    ],
    "label": {
        "x": [
            0.0,
            1.0,
            0.0,
            0.0,
            1.0,
            0.0,
            0.0,
            1.0,
            1.0,
            1.0,
            0.0,
            1.0
        ],
        "z": [
            -1.0,
            1.0,
            -1.0,
            -1.0,
            1.0,
            -1.0,
            -1.0,
            1.0,
            1.0,
            1.0,
            -1.0,
            1.0
        ],
        "obj_val": -83.16846649665398
    }
}