{
    "J": [
        [
            1
        ],
        [
            2,
            3
        ],
        [
            5,
            7
        ],
        [
            0,
            10
        ],
        [
            9,
            10
        ],
        [
            7,
            11
        ],
        [
            5,
            8
        ],
        [
            0,
            9
        ],
        [
            6,
            9
        ],
        [
            1,
            4
        ],
        [
            1,
            8
        ],
        [
            2,
            11
        ],
        [
            4,
            8
        ],
        [
            0,
            3
        ],
        [
            9,
            11
        ],
        [
            10,
            11
        ],
        [
            5,
            11
        ],
        [
            7,
            8
        ],
        [
            1,
            3
        ],
        [
            1,
            11
        ],
        [
            9
        ],
        [
            3
        ],
        [
            0,
            2
        ]
    ],
    "c": [
        10.833058668260733,
        2.513709859523386,
        0.33864722457536955,
        10.452503354117514,
        1.3137427769456618,
        1.5859713539563498,
        2.6282931742134297,
        2.2636565526582864,
        9.23259981638238,
        9.5706049035203,
        10.499014471250751,
        -0.05687195541388457,
        -0.6942208567422055,
        1.653121634903138,
        1.3930050422033908,
        0.8995032951782632,
        1.03237186753142,
        1.5957894342359766,
        -1.2356992236781403,
        1.6676240592896114,
        2.0025354224966967,
        9.778849701886566,
        2.0709783233125654
    ],
    "label": {
        "x": [
            1.0,
            0.0,
            1.0,
            0.0,
            1.0,
            0.0,
            1.0,
            0.0,
            1.0,
            0.0,
            0.0,
            1.0
        ],
        "z": [
            1.0,
            -1.0,
            1.0,
            -1.0,
            1.0,
            -1.0,
            1.0,
            -1.0,
            1.0,
            -1.0,
            -1.0,
            1.0
        ],
        "obj_val": -77.86563632260882
    }
}