{
    "J": [
        [
            4
        ],
        [
            0,
            4
        ],
        [
            6,
            11
        ],
        [
            2,
            10
        ],
        [
            6,
            9
        ],
        [
            1,
            11
        ],
        [
            7,
            11
        ],
        [
            3
        ],
        [
            0,
            6
        ],
        [
            1,
            6
        ],
        [
            6,
            10
        ],
        [
            2,
            9
        ],
        [
            0,
            10
        ],
        [
            2,
            5
        ],
        [
            0,
            7
        ],
        [
            4,
            6
        ],
        [
            10,
            11
        ],
        [
            4,
            10
        ],
        [
            4,
            9
        ],
        [
            5,
            9
        ],
        [
            7,
            10
        ],
        [
            3,
            6
        ],
        [
            3,
            5
        ]
    ],
    "c": [
        0.1010494319390377,
        9.722017781681505,
        2.5969403303681835,
        3.4744106507710955,
        9.38886676147311,
        10.39217787500777,
        1.08188032153028,
        1.4092961619969535,
        0.8984781353383402,
        10.019675308990298,
        1.9607924966153667,
        10.563843853495321,
        -0.7210798357513091,
        -0.3323338475911479,
        1.917351701325892,
        0.6988412004086904,
        1.6841467874729092,
        -0.6101403408515893,
        10.227794524022073,
        1.2467536328358615,
        11.771394837775143,
        11.059126671650048,
        1.2748172341257802
    ],
    "label": {
        "x": [
            0.0,
            0.0,
            1.0,
            0.0,
            1.0,
            1.0,
            1.0,
            1.0,
            0.0,
            0.0,
            0.0,
            1.0
        ],
        "z": [
            -1.0,
            -1.0,
            1.0,
            -1.0,
            1.0,
            1.0,
            1.0,
            1.0,
            -1.0,
            -1.0,
            -1.0,
            1.0
        ],
        "obj_val": -92.97550647282215
    }
}