{
    "J": [
        [
            0
        ],
        [
            0,
            6
        ],
        [
            10,
            11
        ],
        [
            2,
            6
        ],
        [
            9,
            10
        ],
        [
            4,
            5
        ],
        [
            1,
            8
        ],
        [
            0,
            8
        ],
        [
            6,
            9
        ],
        [
            1,
            10
        ],
        [
            0,
            11
        ],
        [
            9
        ],
        [
            3,
            7
        ],
        [
            1,
            9
        ],
        [
            2,
            4
        ],
        [
            4,
            8
        ],
        [
            3,
            4
        ],
        [
            8,
            10
        ],
        [
            3,
            9
        ],
        [
            3
        ],
        [
            7
        ],
        [
            6,
            10
        ],
        [
            5,
            8
        ],
        [
            1,
            4
        ],
        [
            9,
            11
        ],
        [
            4
        ],
        [
            7,
            8
        ],
        [
            8,
            11
        ],
        [
            2,
            5
        ],
        [
            6,
            8
        ],
        [
            0,
            3
        ],
        [
            4,
            11
        ],
        [
            1,
            2
        ],
        [
            10
        ],
        [
            5,
            6
        ],
        [
            1,
            7
        ],
        [
            8
        ],
        [
            1
        ],
        [
            1,
            3
        ],
        [
            0,
            2
        ],
        [
            0,
            7
        ],
        [
            1,
            6
        ],
        [
            7,
            9
        ],
        [
            0,
            1
        ],
        [
            2,
            10
        ],
        [
            0,
            10
        ]
    ],
    "c": [
        8.623120674737285,
        10.964558784884206,
        3.469620143040983,
        12.144715045171905,
        7.960493438429543,
        11.16602265680703,
        1.0899492200715788,
        0.9673947360367394,
        12.000678070237186,
        1.4987829776366166,
        11.945525126365142,
        9.598540539114607,
        2.185975613718238,
        2.5225472333559074,
        10.973774837249385,
        9.455227002765998,
        1.7406375755771006,
        10.833980140354955,
        0.2861412093471788,
        1.391886845420791,
        0.635496382938599,
        0.8068667287323469,
        2.5492133881423342,
        10.676327455913638,
        0.16330401035794917,
        10.56217545706999,
        12.155506974257388,
        1.5726008714145037,
        9.466067619769962,
        9.632298251385569,
        0.1954561158577668,
        10.162517166482525,
        11.05107099770016,
        9.353694772624772,
        0.1900907173023555,
        9.334639430740502,
        9.074618960766593,
        8.419779294999625,
        12.471667203073064,
        1.6743682553727186,
        9.005465185042757,
        9.46400577777665,
        9.873056288939656,
        9.681412576717669,
        10.16045910420844,
        1.9899876466802757
    ],
    "label": {
        "x": [
            0.0,
            1.0,
            0.0,
            0.0,
            0.0,
            1.0,
            1.0,
            1.0,
            0.0,
            0.0,
            1.0,
            1.0
        ],
        "z": [
            -1.0,
            1.0,
            -1.0,
            -1.0,
            -1.0,
            1.0,
            1.0,
            1.0,
            -1.0,
            -1.0,
            1.0,
            1.0
        ],
        "obj_val": -174.20976658859152
    }
}