{
    "J": [
        [
            6,
            10
        ],
        [
            6,
            11
        ],
        [
            0,
            5
        ],
        [
            1,
            5
        ],
        [
            3,
            4
        ],
        [
            5,
            6
        ],
        [
            4,
            10
        ],
        [
            0,
            2
        ],
        [
            5
        ],
        [
            3,
            8
        ],
        [
            4,
            8
        ],
        [
            0,
            1
        ],
        [
            1
        ],
        [
            3,
            6
        ],
        [
            3,
            5
        ],
        [
            7
        ],
        [
            8,
            9
        ],
        [
            2,
            8
        ],
        [
            1,
            11
        ],
        [
            0,
            7
        ],
        [
            3
        ],
        [
            0,
            4
        ],
        [
            2,
            5
        ],
        [
            5,
            9
        ],
        [
            6,
            8
        ],
        [
            2,
            6
        ],
        [
            0
        ],
        [
            10
        ],
        [
            5,
            11
        ],
        [
            4,
            5
        ],
        [
            2,
            7
        ],
        [
            6,
            9
        ],
        [
            1,
            2
        ],
        [
            8,
            10
        ],
        [
            2,
            11
        ],
        [
            0,
            10
        ],
        [
            0,
            6
        ],
        [
            7,
            9
        ],
        [
            1,
            6
        ],
        [
            2
        ],
        [
            4
        ],
        [
            3,
            10
        ],
        [
            4,
            7
        ],
        [
            6
        ],
        [
            4,
            6
        ],
        [
            1,
            9
        ]
    ],
    "c": [
        1.0394071007179755,
        1.8120426766612039,
        0.5414726689677483,
        1.160144415202605,
        1.3993585294360926,
        7.731765590800876,
        11.591368808869344,
        9.031056480151758,
        0.4121717425608711,
        1.4351686563889663,
        0.11628708357861917,
        9.04932322482092,
        11.39539730509668,
        10.20329524486213,
        8.716079387200176,
        9.496489864281356,
        0.2420573238990551,
        10.289343769350667,
        -0.37293001288118366,
        8.798004264359397,
        -0.0706675911911041,
        0.7278520792605552,
        -1.0020483002082896,
        -0.49671595425204984,
        11.282418700231151,
        8.87748256460907,
        10.568667772995552,
        12.571969425647527,
        0.1545904536809405,
        2.08961433062474,
        1.7220378369883176,
        9.230251187813202,
        2.8274092112792504,
        0.3461266331717072,
        0.6274500972041361,
        10.141164649217387,
        -0.15103342625935245,
        0.28647191927241344,
        9.963578989969232,
        10.605792260416937,
        9.756684992277794,
        11.539605168830628,
        10.389744958548619,
        10.809393474066386,
        9.321856386103086,
        10.78087111930312
    ],
    "label": {
        "x": [
            1.0,
            0.0,
            0.0,
            1.0,
            1.0,
            0.0,
            0.0,
            0.0,
            1.0,
            1.0,
            0.0,
            1.0
        ],
        "z": [
            1.0,
            -1.0,
            -1.0,
            1.0,
            1.0,
            -1.0,
            -1.0,
            -1.0,
            1.0,
            1.0,
            -1.0,
            1.0
        ],
        "obj_val": -143.99750055191703
    }
}