{
    "J": [
        [
            4
        ],
        [
            4,
            11
        ],
        [
            1,
            8
        ],
        [
            1,
            9
        ],
        [
            3,
            4
        ],
        [
            8,
            11
        ],
        [
            7,
            8
        ],
        [
            0,
            10
        ],
        [
            7,
            9
        ],
        [
            10,
            11
        ],
        [
            2,
            9
        ],
        [
            5,
            6
        ],
        [
            5,
            7
        ],
        [
            3
        ],
        [
            5,
            9
        ],
        [
            1,
            5
        ],
        [
            0,
            8
        ],
        [
            0,
            11
        ],
        [
            2,
            3
        ],
        [
            1,
            3
        ],
        [
            2,
            7
        ],
        [
            3,
            6
        ],
        [
            6,
            9
        ],
        [
            3,
            8
        ],
        [
            0,
            9
        ],
        [
            7
        ],
        [
            2
        ],
        [
            8
        ],
        [
            0,
            3
        ],
        [
            8,
            9
        ],
        [
            0,
            2
        ],
        [
            2,
            8
        ],
        [
            1,
            10
        ],
        [
            3,
            10
        ],
        [
            6,
            7
        ],
        [
            1,
            11
        ],
        [
            9
        ],
        [
            10
        ],
        [
            6,
            10
        ],
        [
            5,
            10
        ],
        [
            2,
            10
        ],
        [
            6
        ],
        [
            3,
            7
        ],
        [
            0,
            6
        ],
        [
            0,
            1
        ],
        [
            7,
            11
        ]
    ],
    "c": [
        11.99904104773898,
        11.065250937501245,
        0.4283524873786221,
        0.8882010254212143,
        1.6778994303620955,
        1.9847979852305422,
        9.69146256086163,
        0.572243091932402,
        9.554662946072538,
        1.597649339967388,
        1.9734464866657686,
        10.723153959009284,
        0.2857444194241392,
        -0.5565435176157503,
        10.870017613505821,
        1.8260644844709273,
        8.990043525826664,
        0.6782887193088052,
        1.8864948145950833,
        11.01318443144299,
        0.20523780463316732,
        1.2556789302813682,
        -0.24699728262579335,
        0.7588443525592793,
        9.400837474107696,
        0.7587010261190357,
        2.8538609093681133,
        11.2559637693447,
        9.110703337986095,
        1.1982019362676832,
        9.077248793648566,
        0.9239630944931863,
        0.7359348427287412,
        10.84332123522481,
        9.942740054588052,
        -0.9726314968517371,
        9.852356914940794,
        3.426609697027294,
        1.6202556353910205,
        8.80281801983315,
        9.821607251494221,
        10.853904311867415,
        -0.010863565680112153,
        1.931366617425201,
        0.8062826063189935,
        0.23612687887479922
    ],
    "label": {
        "x": [
            1.0,
            0.0,
            0.0,
            1.0,
            0.0,
            1.0,
            0.0,
            1.0,
            0.0,
            0.0,
            0.0,
            1.0
        ],
        "z": [
            1.0,
            -1.0,
            -1.0,
            1.0,
            -1.0,
            1.0,
            -1.0,
            1.0,
            -1.0,
            -1.0,
            -1.0,
            1.0
        ],
        "obj_val": -155.90128338720285
    }
}