{
    "J": [
        [
            4,
            10
        ],
        [
            4
        ],
        [
            0,
            10
        ],
        [
            3,
            9
        ],
        [
            7,
            9
        ],
        [
            3,
            4
        ],
        [
            3,
            7
        ],
        [
            0,
            6
        ],
        [
            7,
            10
        ],
        [
            0,
            8
        ],
        [
            1,
            9
        ],
        [
            2,
            3
        ],
        [
            3
        ],
        [
            6,
            7
        ],
        [
            5,
            9
        ],
        [
            6,
            11
        ],
        [
            11
        ],
        [
            0,
            1
        ],
        [
            0,
            4
        ],
        [
            2,
            9
        ],
        [
            4,
            5
        ],
        [
            6
        ],
        [
            1,
            5
        ]
    ],
    "c": [
        9.051559317253423,
        10.791839615807234,
        11.039588267928407,
        1.102256666750689,
        8.264833077942491,
        11.0698531217095,
        10.145097621789771,
        9.889955475861198,
        10.208642414359765,
        2.3563239174288757,
        10.04819516985046,
        2.292413968807483,
        0.342481033232262,
        8.014911223624004,
        0.8708967171423162,
        10.064723195562847,
        11.50238673416225,
        10.629974817443554,
        1.8419342866171187,
        0.911133307729664,
        0.42831401306174854,
        0.4300763146138701,
        0.9961028766669893
    ],
    "label": {
        "x": [
            0.0,
            1.0,
            0.0,
            1.0,
            0.0,
            1.0,
            1.0,
            0.0,
            1.0,
            0.0,
            1.0,
            0.0
        ],
        "z": [
            -1.0,
            1.0,
            -1.0,
            1.0,
            -1.0,
            1.0,
            1.0,
            -1.0,
            1.0,
            -1.0,
            1.0,
            -1.0
        ],
        "obj_val": -116.72037136174112
    }
}