{
    "J": [
        [
            7,
            11
        ],
        [
            1,
            10
        ],
        [
            10
        ],
        [
            5,
            9
        ],
        [
            3
        ],
        [
            1
        ],
        [
            5,
            11
        ],
        [
            1,
            9
        ],
        [
            0,
            1
        ],
        [
            3,
            11
        ],
        [
            8,
            9
        ],
        [
            0,
            2
        ],
        [
            2,
            8
        ],
        [
            3,
            7
        ],
        [
            0,
            11
        ],
        [
            0,
            8
        ],
        [
            4,
            10
        ],
        [
            3,
            4
        ],
        [
            1,
            8
        ],
        [
            7,
            10
        ],
        [
            2,
            10
        ],
        [
            3,
            10
        ],
        [
            1,
            6
        ]
    ],
    "c": [
        9.719381769037167,
        2.0367549661790063,
        -0.2335951805778218,
        9.008779533797963,
        11.601726131725139,
        8.773641035891785,
        9.973978782423979,
        0.5959938249550678,
        1.9852651120927862,
        10.627277250493215,
        10.26793520456497,
        2.8823506625179127,
        9.943585580433618,
        1.522071247472975,
        1.1777497536491377,
        -0.02368180845977874,
        3.205749914797898,
        10.702895467895926,
        8.905734854350705,
        1.7352377036329965,
        9.275963447912808,
        11.279023074254777,
        8.975839193783097
    ],
    "label": {
        "x": [
            1.0,
            0.0,
            0.0,
            0.0,
            1.0,
            0.0,
            1.0,
            0.0,
            1.0,
            0.0,
            1.0,
            1.0
        ],
        "z": [
            1.0,
            -1.0,
            -1.0,
            -1.0,
            1.0,
            -1.0,
            1.0,
            -1.0,
            1.0,
            -1.0,
            1.0,
            1.0
        ],
        "obj_val": -113.43352295155442
    }
}