{
    "J": [
        [
            1,
            9
        ],
        [
            1,
            3
        ],
        [
            0,
            8
        ],
        [
            2,
            7
        ],
        [
            7
        ],
        [
            4,
            8
        ],
        [
            0,
            1
        ],
        [
            0,
            10
        ],
        [
            0
        ],
        [
            1,
            8
        ],
        [
            3,
            10
        ],
        [
            9
        ],
        [
            1,
            11
        ],
        [
            2,
            9
        ],
        [
            11
        ],
        [
            2,
            5
        ],
        [
            3,
            7
        ],
        [
            0,
            4
        ],
        [
            7,
            9
        ],
        [
            4,
            6
        ],
        [
            8,
            9
        ],
        [
            6
        ],
        [
            5,
            10
        ],
        [
            10
        ],
        [
            2,
            6
        ],
        [
            5,
            6
        ],
        [
            3,
            6
        ],
        [
            8,
            10
        ],
        [
            2,
            4
        ],
        [
            1,
            4
        ],
        [
            0,
            7
        ],
        [
            8
        ],
        [
            2,
            11
        ],
        [
            0,
            9
        ],
        [
            1,
            10
        ],
        [
            4
        ],
        [
            7,
            10
        ],
        [
            5,
            8
        ],
        [
            5,
            7
        ],
        [
            3
        ],
        [
            4,
            9
        ],
        [
            0,
            2
        ],
        [
            2
        ],
        [
            6,
            11
        ],
        [
            4,
            10
        ],
        [
            2,
            8
        ]
    ],
    "c": [
        9.29057166040002,
        0.2343759901410417,
        11.195903568953497,
        0.7873610701876154,
        0.08872357409388132,
        8.667063120110173,
        9.732761380898255,
        2.043654607786391,
        1.2131225440158158,
        10.111579156914388,
        8.229054683284371,
        8.13993861911313,
        2.0035498324639445,
        10.477982483822608,
        1.4652912546379318,
        10.087921563708926,
        0.5426609537651734,
        9.2965238773369,
        9.653737651610458,
        0.8937570956497216,
        10.361724331667782,
        9.132872667800346,
        2.2144954698562254,
        9.522029102207132,
        11.470160580713582,
        1.805705323721793,
        -1.322830194960388,
        9.601425591326375,
        9.427088925589343,
        8.881150359733608,
        1.183948090539004,
        -0.44349047254996066,
        10.510910074660778,
        0.9982956916376318,
        0.9904766804936883,
        -0.9967683074010227,
        10.640066041731924,
        0.5514619514498944,
        9.698417615206171,
        -0.1687362217986419,
        9.504422879554687,
        9.979748884310801,
        10.659134465427238,
        10.539519789301343,
        9.842094544819654,
        2.0255872965839883
    ],
    "label": {
        "x": [
            0.0,
            1.0,
            1.0,
            1.0,
            1.0,
            0.0,
            0.0,
            1.0,
            1.0,
            0.0,
            0.0,
            0.0
        ],
        "z": [
            -1.0,
            1.0,
            1.0,
            1.0,
            1.0,
            -1.0,
            -1.0,
            1.0,
            1.0,
            -1.0,
            -1.0,
            -1.0
        ],
        "obj_val": -135.92964426431678
    }
}