{
    "J": [
        [
            0,
            1
        ],
        [
            4,
            8
        ],
        [
            8,
            11
        ],
        [
            0,
            7
        ],
        [
            6
        ],
        [
            4,
            5
        ],
        [
            2,
            11
        ],
        [
            3,
            10
        ],
        [
            4,
            10
        ],
        [
            4,
            11
        ],
        [
            6,
            7
        ],
        [
            6,
            9
        ],
        [
            1,
            5
        ],
        [
            5
        ],
        [
            1,
            11
        ],
        [
            0,
            4
        ],
        [
            2,
            3
        ],
        [
            0
        ],
        [
            3
        ],
        [
            1,
            8
        ],
        [
            9,
            11
        ],
        [
            3,
            9
        ],
        [
            3,
            4
        ]
    ],
    "c": [
        8.748888667243722,
        8.4289218621628,
        9.26411040309931,
        11.043507124947698,
        -0.5021545563175169,
        0.7565192890469872,
        1.085789057630967,
        9.677095548381057,
        1.2380695731378326,
        1.177262687480639,
        -1.0780263790818596,
        0.5312764408201391,
        11.11636497962061,
        9.748469825297791,
        10.384992565986382,
        0.21039697717825923,
        11.07735603950653,
        1.743724333580474,
        0.12896939149339226,
        1.948546430870863,
        10.104204314952959,
        0.5217352994372089,
        11.004118474483866
    ],
    "label": {
        "x": [
            0.0,
            1.0,
            0.0,
            1.0,
            0.0,
            0.0,
            1.0,
            1.0,
            1.0,
            1.0,
            0.0,
            0.0
        ],
        "z": [
            -1.0,
            1.0,
            -1.0,
            1.0,
            -1.0,
            -1.0,
            1.0,
            1.0,
            1.0,
            1.0,
            -1.0,
            -1.0
        ],
        "obj_val": -106.32336992756633
    }
}