{
    "J": [
        [
            4,
            9
        ],
        [
            0,
            3
        ],
        [
            2,
            8
        ],
        [
            8,
            9
        ],
        [
            0
        ],
        [
            4,
            10
        ],
        [
            5,
            8
        ],
        [
            4,
            7
        ],
        [
            8
        ],
        [
            3,
            4
        ],
        [
            1,
            8
        ],
        [
            6
        ],
        [
            4,
            11
        ],
        [
            2,
            5
        ],
        [
            0,
            7
        ],
        [
            2,
            7
        ],
        [
            2,
            6
        ],
        [
            1,
            6
        ],
        [
            8,
            11
        ],
        [
            9
        ],
        [
            0,
            8
        ],
        [
            1,
            3
        ],
        [
            6,
            10
        ]
    ],
    "c": [
        9.893588842223789,
        11.488475229062228,
        10.404424304005495,
        11.265347440998244,
        10.902939922748951,
        9.26827959055552,
        9.909998522290659,
        1.8636947300783016,
        1.5242938313388885,
        11.518048625845568,
        1.070535478788722,
        12.054821246142742,
        8.639397245718326,
        0.5489996712368561,
        10.49527310888846,
        0.10072165617084294,
        1.0104748278967268,
        0.6031297570310141,
        9.705739525668104,
        11.250568863529093,
        10.445584361150635,
        13.00339571416926,
        9.791468916953502
    ],
    "label": {
        "x": [
            0.0,
            0.0,
            0.0,
            1.0,
            0.0,
            0.0,
            0.0,
            1.0,
            1.0,
            0.0,
            1.0,
            0.0
        ],
        "z": [
            -1.0,
            -1.0,
            -1.0,
            1.0,
            -1.0,
            -1.0,
            -1.0,
            1.0,
            1.0,
            -1.0,
            1.0,
            -1.0
        ],
        "obj_val": -132.31943306160073
    }
}