{
    "J": [
        [
            2,
            7
        ],
        [
            5,
            7
        ],
        [
            11
        ],
        [
            10
        ],
        [
            6,
            8
        ],
        [
            0,
            3
        ],
        [
            4,
            11
        ],
        [
            3,
            9
        ],
        [
            7,
            10
        ],
        [
            2,
            3
        ],
        [
            4,
            7
        ],
        [
            0,
            4
        ],
        [
            2,
            5
        ],
        [
            8,
            10
        ],
        [
            3,
            6
        ],
        [
            4,
            9
        ],
        [
            1,
            10
        ],
        [
            1,
            11
        ],
        [
            0,
            5
        ],
        [
            3,
            10
        ],
        [
            2,
            8
        ],
        [
            0,
            9
        ],
        [
            1,
            9
        ],
        [
            0
        ],
        [
            8
        ],
        [
            1,
            4
        ],
        [
            1,
            8
        ],
        [
            8,
            11
        ],
        [
            3,
            11
        ],
        [
            7,
            8
        ],
        [
            0,
            6
        ],
        [
            8,
            9
        ],
        [
            5
        ],
        [
            2,
            4
        ],
        [
            1,
            5
        ],
        [
            0,
            1
        ],
        [
            3,
            7
        ],
        [
            9
        ],
        [
            2,
            6
        ],
        [
            6,
            7
        ],
        [
            6
        ],
        [
            5,
            9
        ],
        [
            1,
            3
        ],
        [
            6,
            10
        ],
        [
            5,
            10
        ],
        [
            4,
            6
        ]
    ],
    "c": [
        1.1233734529018362,
        10.35715843112264,
        8.42860345036843,
        0.054751458226462546,
        1.8168123862828187,
        1.1033981322110855,
        -0.4813396606574645,
        7.400099775902419,
        10.966933800978712,
        7.866965071268115,
        1.0577231468402875,
        10.826359720369833,
        9.422298689478017,
        1.2451427888068332,
        2.007591678091039,
        9.1098835354608,
        0.48799208298071184,
        9.514848929076424,
        1.752236210107803,
        -1.4883746278262566,
        10.04643097292665,
        9.97888729681828,
        1.1999438681257257,
        2.929436944729453,
        -0.8063852176211035,
        10.296204408985837,
        1.2449502609625358,
        9.92763984438076,
        0.46135762971546546,
        -0.4912846143093488,
        10.102771473340347,
        2.2491415593225583,
        7.894578450125502,
        -1.1779452366742378,
        12.07616187381075,
        0.22082993313663513,
        0.8796954182795867,
        10.890050357175662,
        1.6832979786422702,
        10.864228386048566,
        10.123646197887554,
        1.6383922586774173,
        10.514574692494602,
        8.932324466093782,
        10.386381669949127,
        2.854482166158665
    ],
    "label": {
        "x": [
            1.0,
            1.0,
            0.0,
            1.0,
            0.0,
            0.0,
            0.0,
            1.0,
            1.0,
            0.0,
            1.0,
            0.0
        ],
        "z": [
            1.0,
            1.0,
            -1.0,
            1.0,
            -1.0,
            -1.0,
            -1.0,
            1.0,
            1.0,
            -1.0,
            1.0,
            -1.0
        ],
        "obj_val": -137.67078992290283
    }
}