{
    "J": [
        [
            0,
            5
        ],
        [
            0,
            3
        ],
        [
            1,
            6
        ],
        [
            4,
            9
        ],
        [
            10,
            11
        ],
        [
            0,
            11
        ],
        [
            5,
            8
        ],
        [
            6,
            8
        ],
        [
            3
        ],
        [
            5
        ],
        [
            2,
            6
        ],
        [
            4,
            8
        ],
        [
            7,
            11
        ],
        [
            1,
            10
        ],
        [
            2,
            4
        ],
        [
            0,
            8
        ],
        [
            6,
            10
        ],
        [
            6,
            11
        ],
        [
            0,
            4
        ],
        [
            1
        ],
        [
            1,
            11
        ],
        [
            1,
            4
        ],
        [
            3,
            8
        ]
    ],
    "c": [
        8.863507093804118,
        10.84020554221342,
        -0.06013066034257797,
        -0.12020387490635454,
        9.799344714758556,
        0.7307093051421498,
        12.283720612999547,
        10.252432419337334,
        1.640952566675597,
        -1.222094025891305,
        10.248428807054655,
        -0.021736574442375423,
        10.048562040571248,
        10.524374423149535,
        2.2505720874597044,
        11.337166882429907,
        -0.848194953652653,
        3.3605076382567454,
        1.0745925436252057,
        1.4238220469251812,
        1.7752108134200209,
        0.9938138458874222,
        -1.4116980980667795
    ],
    "label": {
        "x": [
            1.0,
            0.0,
            0.0,
            0.0,
            1.0,
            1.0,
            1.0,
            1.0,
            0.0,
            1.0,
            1.0,
            0.0
        ],
        "z": [
            1.0,
            -1.0,
            -1.0,
            -1.0,
            1.0,
            1.0,
            1.0,
            1.0,
            -1.0,
            1.0,
            1.0,
            -1.0
        ],
        "obj_val": -87.54162619974382
    }
}