{
    "J": [
        [
            11
        ],
        [
            6,
            10
        ],
        [
            9,
            11
        ],
        [
            3,
            10
        ],
        [
            0,
            5
        ],
        [
            2,
            7
        ],
        [
            1,
            5
        ],
        [
            1,
            4
        ],
        [
            1,
            11
        ],
        [
            3,
            7
        ],
        [
            3,
            4
        ],
        [
            10
        ],
        [
            1,
            3
        ],
        [
            3
        ],
        [
            5,
            7
        ],
        [
            7,
            11
        ],
        [
            0,
            7
        ],
        [
            0,
            2
        ],
        [
            4,
            11
        ],
        [
            6,
            8
        ],
        [
            2
        ],
        [
            7,
            10
        ],
        [
            2,
            5
        ],
        [
            1,
            7
        ],
        [
            4
        ],
        [
            3,
            11
        ],
        [
            6,
            9
        ],
        [
            4,
            9
        ],
        [
            2,
            10
        ],
        [
            8
        ],
        [
            1,
            9
        ],
        [
            1,
            6
        ],
        [
            1,
            10
        ],
        [
            2,
            9
        ],
        [
            0,
            10
        ],
        [
            3,
            6
        ],
        [
            5,
            6
        ],
        [
            2,
            4
        ],
        [
            1,
            2
        ],
        [
            1,
            8
        ],
        [
            0,
            4
        ],
        [
            6,
            11
        ],
        [
            10,
            11
        ],
        [
            0,
            6
        ],
        [
            4,
            8
        ],
        [
            2,
            8
        ]
    ],
    "c": [
        3.2496166350041826,
        10.392277781082786,
        10.444065538613295,
        10.291363090335231,
        9.028963850498121,
        0.7266867390727647,
        9.415481409317593,
        1.0301051159583177,
        10.326406091087282,
        1.0996557432401706,
        0.30064026917814424,
        0.996442471443325,
        1.2826033232680367,
        0.3849707731749247,
        11.133232781093524,
        9.15044497207663,
        0.5071522423802985,
        1.3804737289406463,
        9.70843751970274,
        11.164030496563532,
        0.8435975729177101,
        10.377380591129514,
        8.978861620120032,
        10.158751280113904,
        11.348504667063107,
        10.473290179000898,
        9.679446672643765,
        10.142108381258312,
        9.536381558140944,
        0.5536408459325715,
        0.2031742435944327,
        0.30331308058530804,
        10.070027062500825,
        10.555864033116809,
        0.7049868026593022,
        1.383258856708796,
        1.0598505714229849,
        11.306971193736363,
        12.341446498515594,
        -0.44636663963349577,
        10.117998567627069,
        10.844611201817068,
        9.279610967271001,
        8.403921548710965,
        1.5018264269418071,
        10.580454007231312
    ],
    "label": {
        "x": [
            1.0,
            0.0,
            0.0,
            0.0,
            0.0,
            1.0,
            0.0,
            0.0,
            1.0,
            1.0,
            1.0,
            1.0
        ],
        "z": [
            1.0,
            -1.0,
            -1.0,
            -1.0,
            -1.0,
            1.0,
            -1.0,
            -1.0,
            1.0,
            1.0,
            1.0,
            1.0
        ],
        "obj_val": -143.93444393956008
    }
}