{
    "J": [
        [
            9
        ],
        [
            2,
            4
        ],
        [
            2,
            6
        ],
        [
            3,
            4
        ],
        [
            1,
            5
        ],
        [
            0,
            9
        ],
        [
            11
        ],
        [
            3,
            9
        ],
        [
            3,
            5
        ],
        [
            10
        ],
        [
            1,
            7
        ],
        [
            2,
            5
        ],
        [
            1
        ],
        [
            5,
            11
        ],
        [
            7,
            8
        ],
        [
            8,
            11
        ],
        [
            0,
            4
        ],
        [
            2,
            3
        ],
        [
            3,
            10
        ],
        [
            2,
            8
        ],
        [
            4,
            9
        ],
        [
            5,
            9
        ],
        [
            2,
            9
        ],
        [
            0,
            10
        ],
        [
            8
        ],
        [
            2
        ],
        [
            8,
            9
        ],
        [
            6,
            8
        ],
        [
            6,
            10
        ],
        [
            4,
            7
        ],
        [
            6,
            11
        ],
        [
            4,
            11
        ],
        [
            1,
            10
        ],
        [
            1,
            2
        ],
        [
            1,
            8
        ],
        [
            2,
            10
        ],
        [
            8,
            10
        ],
        [
            5,
            6
        ],
        [
            4,
            6
        ],
        [
            1,
            4
        ],
        [
            2,
            11
        ],
        [
            2,
            7
        ],
        [
            0
        ],
        [
            7
        ],
        [
            6,
            7
        ],
        [
            3,
            6
        ]
    ],
    "c": [
        10.104200381704183,
        1.5561471956389328,
        1.2905559989102733,
        0.14556731802059975,
        9.512541306608247,
        0.5760108667855923,
        0.06804792525831493,
        0.40363107135315124,
        12.21977475751025,
        1.9800967269986565,
        1.1022037081674534,
        2.1427680688070234,
        8.549774376508088,
        1.6089104154983604,
        9.125651707001923,
        0.35520540967108716,
        11.096928616522845,
        -0.1570903146859992,
        1.6138796852547161,
        3.286880421284677,
        10.199351901114703,
        1.462815260872739,
        10.87411532693313,
        10.410803834304991,
        2.9519075907029935,
        8.443696617523726,
        10.434979048455382,
        -0.6559487688668459,
        -0.6562704814599418,
        -0.47561493048526793,
        -0.14401844944502962,
        1.009552437068333,
        0.09312133055344618,
        0.9397221214046538,
        0.5487128671248347,
        0.9567751247529268,
        1.9901310335193858,
        2.457081230530916,
        9.16549662002621,
        9.054646388765484,
        9.659748640139899,
        10.65471804063188,
        10.562876942556693,
        1.3892750449650006,
        1.4087018556038786,
        1.2253187339292664
    ],
    "label": {
        "x": [
            0.0,
            0.0,
            1.0,
            0.0,
            1.0,
            1.0,
            0.0,
            0.0,
            1.0,
            0.0,
            1.0,
            0.0
        ],
        "z": [
            -1.0,
            -1.0,
            1.0,
            -1.0,
            1.0,
            1.0,
            -1.0,
            -1.0,
            1.0,
            -1.0,
            1.0,
            -1.0
        ],
        "obj_val": -134.7828798727965
    }
}