{
    "J": [
        [
            1
        ],
        [
            6
        ],
        [
            7,
            10
        ],
        [
            0,
            11
        ],
        [
            0,
            9
        ],
        [
            2,
            10
        ],
        [
            0,
            4
        ],
        [
            1,
            10
        ],
        [
            2
        ],
        [
            4,
            10
        ],
        [
            0,
            8
        ],
        [
            2,
            7
        ],
        [
            3,
            6
        ],
        [
            3,
            7
        ],
        [
            3,
            9
        ],
        [
            7,
            9
        ],
        [
            9,
            11
        ],
        [
            2,
            9
        ],
        [
            1,
            7
        ],
        [
            0,
            5
        ],
        [
            6,
            8
        ],
        [
            6,
            11
        ],
        [
            4,
            11
        ],
        [
            7,
            8
        ],
        [
            3
        ],
        [
            0,
            6
        ],
        [
            2,
            8
        ],
        [
            2,
            11
        ],
        [
            1,
            2
        ],
        [
            4,
            9
        ],
        [
            9,
            10
        ],
        [
            4
        ],
        [
            0,
            7
        ],
        [
            1,
            8
        ],
        [
            3,
            5
        ],
        [
            0,
            1
        ],
        [
            3,
            10
        ],
        [
            8,
            11
        ],
        [
            4,
            7
        ],
        [
            7
        ],
        [
            4,
            6
        ],
        [
            5,
            8
        ],
        [
            2,
            4
        ],
        [
            8,
            10
        ],
        [
            2,
            6
        ],
        [
            0,
            3
        ]
    ],
    "c": [
        0.08241146131966826,
        3.8005726564727604,
        1.2038155292787647,
        9.044153633197826,
        8.19900797958598,
        0.422158079869811,
        1.9895931327568939,
        -0.07080053810833187,
        0.34925740664697835,
        1.3771543996189684,
        9.346634084460307,
        -0.07361749708554455,
        7.110656216055238,
        10.496098920597028,
        1.1183694798515842,
        10.499006011274538,
        10.794339410421308,
        0.9633788328563726,
        0.6586653598137095,
        10.015790232099265,
        1.4828347966397812,
        0.26425338567070167,
        1.587268027248955,
        2.398671706456269,
        10.858738180035406,
        0.969670360408142,
        9.815898990737972,
        9.434320698693083,
        0.4661980623945523,
        10.605313836327475,
        0.6977685047848277,
        11.236365262027766,
        8.988251360641765,
        9.755575261763019,
        10.565050728182484,
        8.952282811338312,
        0.4744061817215105,
        2.4281989182537576,
        10.090418998397858,
        1.0342963875840485,
        1.7936648676895834,
        9.148980887497896,
        11.719869985114396,
        0.07994139403126554,
        2.3210577914491015,
        0.9351905537513796
    ],
    "label": {
        "x": [
            0.0,
            1.0,
            1.0,
            0.0,
            0.0,
            1.0,
            1.0,
            1.0,
            0.0,
            1.0,
            0.0,
            0.0
        ],
        "z": [
            -1.0,
            1.0,
            1.0,
            -1.0,
            -1.0,
            1.0,
            1.0,
            1.0,
            -1.0,
            1.0,
            -1.0,
            -1.0
        ],
        "obj_val": -130.70359913429027
    }
}