{
    "J": [
        [
            0,
            7
        ],
        [
            5,
            6
        ],
        [
            8
        ],
        [
            6,
            10
        ],
        [
            3,
            11
        ],
        [
            2,
            4
        ],
        [
            5,
            10
        ],
        [
            0
        ],
        [
            0,
            5
        ],
        [
            3,
            7
        ],
        [
            3,
            10
        ],
        [
            7,
            10
        ],
        [
            2
        ],
        [
            4,
            9
        ],
        [
            1,
            9
        ],
        [
            2,
            8
        ],
        [
            0,
            3
        ],
        [
            6,
            9
        ],
        [
            8,
            10
        ],
        [
            2,
            10
        ],
        [
            5,
            8
        ],
        [
            5,
            7
        ],
        [
            2,
            9
        ]
    ],
    "c": [
        0.9831523608030293,
        9.711766548072774,
        9.651958376119383,
        9.941286203098443,
        10.815311554875224,
        1.2994413441624835,
        0.47768553573025474,
        1.7485307751836972,
        1.0745322848289216,
        9.632139826777937,
        -0.05899926336536021,
        2.408304966614555,
        11.155334711890605,
        -0.7150048299500054,
        11.538575580371727,
        10.059048977854502,
        1.187129568561536,
        10.753936916835526,
        12.527522088141332,
        9.235243702581666,
        1.597096017571829,
        7.689117289283748,
        8.567637508639859
    ],
    "label": {
        "x": [
            0.0,
            0.0,
            0.0,
            1.0,
            1.0,
            1.0,
            0.0,
            0.0,
            0.0,
            1.0,
            1.0,
            0.0
        ],
        "z": [
            -1.0,
            -1.0,
            -1.0,
            1.0,
            1.0,
            1.0,
            -1.0,
            -1.0,
            -1.0,
            1.0,
            1.0,
            -1.0
        ],
        "obj_val": -119.78898248253877
    }
}