{
    "J": [
        [
            2,
            4
        ],
        [
            11
        ],
        [
            3,
            4
        ],
        [
            7,
            8
        ],
        [
            8,
            11
        ],
        [
            7,
            11
        ],
        [
            2,
            9
        ],
        [
            10,
            11
        ],
        [
            3
        ],
        [
            1,
            10
        ],
        [
            4,
            10
        ],
        [
            8
        ],
        [
            0
        ],
        [
            5,
            9
        ],
        [
            3,
            8
        ],
        [
            1,
            4
        ],
        [
            9,
            11
        ],
        [
            6,
            8
        ],
        [
            2,
            8
        ],
        [
            8,
            9
        ],
        [
            5,
            10
        ],
        [
            2,
            10
        ],
        [
            3,
            7
        ],
        [
            2,
            6
        ],
        [
            0,
            7
        ],
        [
            0,
            11
        ],
        [
            3,
            9
        ],
        [
            7,
            9
        ],
        [
            0,
            6
        ],
        [
            5
        ],
        [
            3,
            11
        ],
        [
            1,
            6
        ],
        [
            9
        ],
        [
            7
        ],
        [
            1
        ],
        [
            6,
            11
        ],
        [
            0,
            4
        ],
        [
            8,
            10
        ],
        [
            3,
            5
        ],
        [
            6,
            10
        ],
        [
            3,
            6
        ],
        [
            0,
            1
        ],
        [
            4,
            11
        ],
        [
            0,
            2
        ],
        [
            5,
            7
        ],
        [
            7,
            10
        ]
    ],
    "c": [
        10.189500057661819,
        11.947110687918055,
        11.278939389322463,
        1.7290556806908661,
        9.309391324969209,
        2.1185263428989503,
        10.760531274553806,
        0.27014405617532933,
        10.63475484706173,
        9.924271533679226,
        3.221023806101041,
        11.169194760301302,
        1.4982522053474598,
        2.052665167166738,
        10.977945436566245,
        0.879982519367713,
        2.163793598321946,
        9.81067083281429,
        -0.9048622713702967,
        0.8775183064770113,
        9.374608847065586,
        8.566129966497803,
        1.3917859247765785,
        2.0380942871732475,
        11.447521859403821,
        2.4042304666221175,
        1.770935969328082,
        -0.40219432297959834,
        10.328120765665085,
        8.742723415046711,
        1.9187714498356305,
        -0.7380601387888737,
        10.049417137408188,
        9.691462031112613,
        0.568071839694833,
        10.695486471520173,
        -1.008436694528176,
        10.48665816579229,
        0.9111798003815439,
        9.425743031801687,
        10.90084766530925,
        1.7510368137013708,
        8.74279157799566,
        -0.10615433178027756,
        1.1940709636386824,
        9.847351053177979
    ],
    "label": {
        "x": [
            1.0,
            0.0,
            1.0,
            1.0,
            0.0,
            0.0,
            0.0,
            0.0,
            0.0,
            0.0,
            1.0,
            1.0
        ],
        "z": [
            1.0,
            -1.0,
            1.0,
            1.0,
            -1.0,
            -1.0,
            -1.0,
            -1.0,
            -1.0,
            -1.0,
            1.0,
            1.0
        ],
        "obj_val": -154.82670685876755
    }
}