{
    "J": [
        [
            1,
            7
        ],
        [
            3,
            6
        ],
        [
            1,
            4
        ],
        [
            2,
            5
        ],
        [
            1,
            11
        ],
        [
            3,
            10
        ],
        [
            8,
            9
        ],
        [
            2,
            11
        ],
        [
            10
        ],
        [
            0,
            7
        ],
        [
            9,
            10
        ],
        [
            6,
            10
        ],
        [
            9,
            11
        ],
        [
            2
        ],
        [
            0,
            11
        ],
        [
            2,
            10
        ],
        [
            1,
            2
        ],
        [
            5
        ],
        [
            11
        ],
        [
            9
        ],
        [
            0,
            10
        ],
        [
            7,
            11
        ],
        [
            0,
            6
        ],
        [
            2,
            6
        ],
        [
            5,
            11
        ],
        [
            7,
            9
        ],
        [
            2,
            7
        ],
        [
            2,
            3
        ],
        [
            5,
            7
        ],
        [
            4
        ],
        [
            0,
            2
        ],
        [
            8
        ],
        [
            0
        ],
        [
            1,
            9
        ],
        [
            6
        ],
        [
            4,
            7
        ],
        [
            1
        ],
        [
            3,
            8
        ],
        [
            8,
            10
        ],
        [
            7
        ],
        [
            0,
            3
        ],
        [
            1,
            10
        ],
        [
            3,
            7
        ],
        [
            3,
            5
        ],
        [
            6,
            9
        ],
        [
            3
        ]
    ],
    "c": [
        11.494464527100988,
        10.137922454024876,
        0.6267657760651253,
        0.14398230405524992,
        0.06859293978777703,
        10.329301554131847,
        9.487104113217951,
        1.3765801392671269,
        9.794976726082355,
        9.048247832741495,
        1.2004518745426676,
        1.9249423435986448,
        0.9970295825665582,
        10.360644130096766,
        1.6602387743127034,
        12.115714247974887,
        0.15662544762867392,
        2.3908751864518765,
        10.378253516642829,
        -0.02045958136824222,
        11.097699597455994,
        0.22226501861236436,
        10.27081406498271,
        2.2611871698477524,
        10.917506420052861,
        -0.47785224723312414,
        -0.19754449729264523,
        8.89573588612441,
        10.53792452009052,
        9.073802942026328,
        8.015075041213315,
        11.040445486473963,
        9.476895551699421,
        1.2669574467203046,
        10.033992399639647,
        -0.44424294719728774,
        -0.19714900676315095,
        1.278944771689837,
        1.0180615496521277,
        0.20442975016580067,
        9.902408624824584,
        9.509516250587172,
        9.981269041790593,
        -1.6777843158550159,
        9.47009690023312,
        0.22645172853700102
    ],
    "label": {
        "x": [
            1.0,
            1.0,
            0.0,
            1.0,
            0.0,
            1.0,
            0.0,
            0.0,
            0.0,
            1.0,
            0.0,
            0.0
        ],
        "z": [
            1.0,
            1.0,
            -1.0,
            1.0,
            -1.0,
            1.0,
            -1.0,
            -1.0,
            -1.0,
            1.0,
            -1.0,
            -1.0
        ],
        "obj_val": -166.08884371958126
    }
}