{
    "J": [
        [
            2,
            3
        ],
        [
            8,
            10
        ],
        [
            6,
            10
        ],
        [
            1,
            9
        ],
        [
            7,
            10
        ],
        [
            6,
            8
        ],
        [
            8,
            11
        ],
        [
            3,
            10
        ],
        [
            10,
            11
        ],
        [
            4,
            6
        ],
        [
            1,
            4
        ],
        [
            4,
            9
        ],
        [
            5,
            9
        ],
        [
            5
        ],
        [
            7,
            8
        ],
        [
            3,
            5
        ],
        [
            11
        ],
        [
            2
        ],
        [
            3,
            6
        ],
        [
            9,
            11
        ],
        [
            1,
            7
        ],
        [
            10
        ],
        [
            2,
            9
        ]
    ],
    "c": [
        1.075622047534036,
        11.712438035964555,
        9.953812747787733,
        10.076917639345844,
        2.8021159385814824,
        1.8628148306719188,
        10.060642312496007,
        1.6558954948695563,
        1.2968083922390068,
        1.9762164268927669,
        2.0819208216317113,
        11.290805141592188,
        10.25908307260037,
        10.607513394962234,
        10.663806797644648,
        0.42263475142473106,
        0.5710659260813435,
        0.6610442313806019,
        1.9300328274066625,
        1.6817377972938807,
        0.6361190059082118,
        9.827187710032774,
        1.597196789679955
    ],
    "label": {
        "x": [
            0.0,
            0.0,
            0.0,
            1.0,
            0.0,
            0.0,
            1.0,
            0.0,
            1.0,
            1.0,
            0.0,
            0.0
        ],
        "z": [
            -1.0,
            -1.0,
            -1.0,
            1.0,
            -1.0,
            -1.0,
            1.0,
            -1.0,
            1.0,
            1.0,
            -1.0,
            -1.0
        ],
        "obj_val": -93.48380850114422
    }
}