{
    "J": [
        [
            4,
            9
        ],
        [
            0,
            2
        ],
        [
            5
        ],
        [
            0,
            11
        ],
        [
            7,
            9
        ],
        [
            6,
            10
        ],
        [
            0,
            10
        ],
        [
            9,
            10
        ],
        [
            8,
            11
        ],
        [
            3,
            9
        ],
        [
            7,
            11
        ],
        [
            4,
            10
        ],
        [
            1,
            11
        ],
        [
            7,
            8
        ],
        [
            11
        ],
        [
            5,
            7
        ],
        [
            1,
            10
        ],
        [
            7,
            10
        ],
        [
            1,
            8
        ],
        [
            5,
            8
        ],
        [
            4
        ],
        [
            2,
            6
        ],
        [
            8,
            9
        ]
    ],
    "c": [
        10.028577570408412,
        0.6864520906469941,
        10.27125426106313,
        8.020116612906248,
        9.653906760833308,
        9.189142596299295,
        0.4560481144267782,
        9.44489156331048,
        1.4243827056168201,
        -0.15718417253444383,
        1.6677601359730116,
        8.63630650009873,
        11.371900812887908,
        10.344938004748137,
        10.690085314413977,
        10.692892974385495,
        0.3509902358743977,
        10.574665684277925,
        11.814864383100733,
        0.48260512370911335,
        1.5821574981116928,
        1.7258022583712043,
        11.66035354799975
    ],
    "label": {
        "x": [
            1.0,
            1.0,
            0.0,
            1.0,
            0.0,
            0.0,
            1.0,
            1.0,
            0.0,
            1.0,
            0.0,
            0.0
        ],
        "z": [
            1.0,
            1.0,
            -1.0,
            1.0,
            -1.0,
            -1.0,
            1.0,
            1.0,
            -1.0,
            1.0,
            -1.0,
            -1.0
        ],
        "obj_val": -110.53287674148203
    }
}