{
    "J": [
        [
            8,
            11
        ],
        [
            2,
            4
        ],
        [
            5,
            11
        ],
        [
            8
        ],
        [
            5,
            6
        ],
        [
            3,
            6
        ],
        [
            1,
            7
        ],
        [
            9,
            11
        ],
        [
            2,
            9
        ],
        [
            6,
            8
        ],
        [
            0
        ],
        [
            0,
            7
        ],
        [
            0,
            9
        ],
        [
            4,
            10
        ],
        [
            1,
            2
        ],
        [
            0,
            4
        ],
        [
            2,
            5
        ],
        [
            2,
            10
        ],
        [
            0,
            2
        ],
        [
            7,
            11
        ],
        [
            1,
            5
        ],
        [
            5,
            8
        ],
        [
            11
        ]
    ],
    "c": [
        0.9208819133216326,
        1.5135750179261538,
        2.4809266158286647,
        0.3904103429611715,
        0.5985569083306979,
        8.20048716227873,
        10.201100609299765,
        2.236747173036285,
        -0.16597406740377485,
        9.287567798845343,
        1.3003474106432067,
        0.9695156652381464,
        8.73608551950043,
        11.054473129543233,
        1.4769243841171198,
        -0.44392615436152183,
        10.208990751116405,
        1.5993982624617402,
        -0.26567963262249905,
        10.490395740388136,
        10.16025997915574,
        11.602814102901874,
        10.6368926464428
    ],
    "label": {
        "x": [
            0.0,
            0.0,
            0.0,
            0.0,
            0.0,
            1.0,
            1.0,
            1.0,
            0.0,
            1.0,
            1.0,
            0.0
        ],
        "z": [
            -1.0,
            -1.0,
            -1.0,
            -1.0,
            -1.0,
            1.0,
            1.0,
            1.0,
            -1.0,
            1.0,
            1.0,
            -1.0
        ],
        "obj_val": -105.59010640552629
    }
}