{
    "J": [
        [
            4,
            9
        ],
        [
            8,
            9
        ],
        [
            2,
            4
        ],
        [
            0,
            8
        ],
        [
            0,
            3
        ],
        [
            2,
            3
        ],
        [
            9,
            10
        ],
        [
            7
        ],
        [
            1,
            2
        ],
        [
            2,
            11
        ],
        [
            4,
            10
        ],
        [
            0,
            1
        ],
        [
            6
        ],
        [
            7,
            11
        ],
        [
            1,
            3
        ],
        [
            9,
            11
        ],
        [
            1
        ],
        [
            4,
            7
        ],
        [
            5
        ],
        [
            5,
            11
        ],
        [
            5,
            10
        ],
        [
            7,
            8
        ],
        [
            3,
            9
        ]
    ],
    "c": [
        0.9477840334543064,
        0.12146321281671235,
        0.6439096894848795,
        9.350368138300238,
        0.2902660423868745,
        0.7769004803377192,
        1.4312805677860945,
        9.038679900529697,
        -0.6595687831211354,
        9.991674931244551,
        -0.36092234583116123,
        9.279160392546034,
        10.485767643571906,
        1.1175423456940345,
        0.9408578555560472,
        0.352519275816913,
        2.5009810949539037,
        10.31801646550861,
        -0.31260319803799086,
        9.518915504693348,
        10.569379507523557,
        11.26085184273004,
        0.6351442709003989
    ],
    "label": {
        "x": [
            0.0,
            1.0,
            0.0,
            1.0,
            1.0,
            0.0,
            0.0,
            0.0,
            1.0,
            0.0,
            1.0,
            1.0
        ],
        "z": [
            -1.0,
            1.0,
            -1.0,
            1.0,
            1.0,
            -1.0,
            -1.0,
            -1.0,
            1.0,
            -1.0,
            1.0,
            1.0
        ],
        "obj_val": -92.076535659488
    }
}