{
    "J": [
        [
            2,
            3
        ],
        [
            8,
            10
        ],
        [
            3,
            11
        ],
        [
            4,
            10
        ],
        [
            6,
            7
        ],
        [
            5,
            11
        ],
        [
            4,
            7
        ],
        [
            1,
            4
        ],
        [
            0,
            1
        ],
        [
            6
        ],
        [
            1,
            10
        ],
        [
            1,
            3
        ],
        [
            2,
            10
        ],
        [
            2,
            8
        ],
        [
            1
        ],
        [
            7,
            8
        ],
        [
            3,
            4
        ],
        [
            3,
            8
        ],
        [
            2,
            9
        ],
        [
            5,
            6
        ],
        [
            4,
            8
        ],
        [
            0,
            8
        ],
        [
            2,
            7
        ]
    ],
    "c": [
        9.938041448868303,
        1.2537735774455174,
        11.322782674347234,
        -0.4136643459479723,
        9.458053438043336,
        1.3537944626450111,
        1.6935453518169805,
        2.0185834982315995,
        9.335215793426121,
        10.758061008324908,
        9.546102126073533,
        10.167785633666279,
        8.295566616603534,
        8.810143292703497,
        9.6278052936049,
        0.932684782975499,
        0.6473362481359323,
        0.2090192323658493,
        9.937031041955231,
        0.7019871355630521,
        9.976327231528975,
        8.823399713991096,
        1.029511763965936
    ],
    "label": {
        "x": [
            1.0,
            0.0,
            0.0,
            1.0,
            1.0,
            1.0,
            0.0,
            1.0,
            0.0,
            1.0,
            1.0,
            0.0
        ],
        "z": [
            1.0,
            -1.0,
            -1.0,
            1.0,
            1.0,
            1.0,
            -1.0,
            1.0,
            -1.0,
            1.0,
            1.0,
            -1.0
        ],
        "obj_val": -113.94816592691745
    }
}