{
    "J": [
        [
            6
        ],
        [
            0,
            2
        ],
        [
            3,
            7
        ],
        [
            8,
            9
        ],
        [
            7,
            9
        ],
        [
            4
        ],
        [
            3,
            11
        ],
        [
            2,
            11
        ],
        [
            1,
            6
        ],
        [
            4,
            9
        ],
        [
            5,
            8
        ],
        [
            2,
            7
        ],
        [
            5,
            9
        ],
        [
            4,
            5
        ],
        [
            3,
            8
        ],
        [
            8
        ],
        [
            0,
            10
        ],
        [
            7
        ],
        [
            5
        ],
        [
            0,
            5
        ],
        [
            4,
            8
        ],
        [
            7,
            11
        ],
        [
            6,
            8
        ],
        [
            1,
            2
        ],
        [
            7,
            10
        ],
        [
            5,
            11
        ],
        [
            4,
            11
        ],
        [
            2
        ],
        [
            8,
            11
        ],
        [
            1,
            9
        ],
        [
            9
        ],
        [
            0,
            7
        ],
        [
            4,
            6
        ],
        [
            0,
            11
        ],
        [
            8,
            10
        ],
        [
            11
        ],
        [
            4,
            7
        ],
        [
            3,
            6
        ],
        [
            3,
            10
        ],
        [
            1,
            4
        ],
        [
            1,
            8
        ],
        [
            5,
            6
        ],
        [
            1,
            3
        ],
        [
            3,
            9
        ],
        [
            6,
            7
        ],
        [
            2,
            5
        ]
    ],
    "c": [
        10.124008874862666,
        8.915671307990975,
        0.08987590106312793,
        0.9394525152714208,
        0.6018516974051762,
        1.878297786323936,
        8.988365243353416,
        0.591292442208629,
        9.716983700906004,
        11.213004097176315,
        0.4507012222185407,
        1.21522874531753,
        11.816721478839188,
        11.040907131825625,
        10.47101945348116,
        0.06502880958662105,
        10.375694415486347,
        1.8040687563984448,
        -1.0676522500217085,
        8.995206207985554,
        1.762281308533559,
        0.3443592293346849,
        9.305451236079039,
        10.32971925401,
        10.414590143776564,
        0.622212163429515,
        9.400326355276011,
        8.386196985178685,
        1.5729176141995298,
        1.893859152778252,
        10.86158414027496,
        2.592007877448383,
        -0.12341144625348233,
        0.8829686488154684,
        0.28361985743740903,
        0.8038534749884552,
        -0.2727816427813101,
        1.1805884878343185,
        11.335402201690172,
        9.667332657433336,
        9.161877227483465,
        10.096804880102482,
        10.059646716960984,
        10.562339015390782,
        1.9883439769948332,
        8.940881812505646
    ],
    "label": {
        "x": [
            0.0,
            1.0,
            0.0,
            0.0,
            0.0,
            1.0,
            0.0,
            0.0,
            1.0,
            0.0,
            1.0,
            1.0
        ],
        "z": [
            -1.0,
            1.0,
            -1.0,
            -1.0,
            -1.0,
            1.0,
            -1.0,
            -1.0,
            1.0,
            -1.0,
            1.0,
            1.0
        ],
        "obj_val": -150.56814659278382
    }
}