{
    "J": [
        [
            4
        ],
        [
            4,
            11
        ],
        [
            6,
            11
        ],
        [
            5,
            11
        ],
        [
            3,
            8
        ],
        [
            5,
            8
        ],
        [
            4,
            8
        ],
        [
            3,
            4
        ],
        [
            2,
            11
        ],
        [
            4,
            6
        ],
        [
            4,
            7
        ],
        [
            9,
            10
        ],
        [
            1
        ],
        [
            0,
            3
        ],
        [
            0,
            9
        ],
        [
            1,
            2
        ],
        [
            0,
            5
        ],
        [
            11
        ],
        [
            2,
            6
        ],
        [
            1,
            8
        ],
        [
            1,
            4
        ],
        [
            2,
            10
        ],
        [
            6,
            9
        ]
    ],
    "c": [
        10.104200381704183,
        1.5561471956389328,
        1.2905559989102733,
        0.14556731802059975,
        9.512541306608247,
        0.5760108667855923,
        0.06804792525831493,
        0.40363107135315124,
        12.21977475751025,
        1.9800967269986565,
        1.1022037081674534,
        2.1427680688070234,
        8.549774376508088,
        1.6089104154983604,
        9.125651707001923,
        0.35520540967108716,
        11.096928616522845,
        -0.1570903146859992,
        1.6138796852547161,
        3.286880421284677,
        10.199351901114703,
        1.462815260872739,
        10.87411532693313
    ],
    "label": {
        "x": [
            1.0,
            1.0,
            0.0,
            1.0,
            0.0,
            0.0,
            1.0,
            1.0,
            0.0,
            0.0,
            1.0,
            1.0
        ],
        "z": [
            1.0,
            1.0,
            -1.0,
            1.0,
            -1.0,
            -1.0,
            1.0,
            1.0,
            -1.0,
            -1.0,
            1.0,
            1.0
        ],
        "obj_val": -75.24554959518971
    }
}