{
    "J": [
        [
            6
        ],
        [
            3,
            8
        ],
        [
            8,
            10
        ],
        [
            1,
            3
        ],
        [
            0,
            9
        ],
        [
            3,
            7
        ],
        [
            4,
            10
        ],
        [
            5
        ],
        [
            3,
            10
        ],
        [
            1,
            6
        ],
        [
            0,
            1
        ],
        [
            0,
            2
        ],
        [
            3,
            4
        ],
        [
            6,
            8
        ],
        [
            10
        ],
        [
            1,
            2
        ],
        [
            7,
            9
        ],
        [
            8,
            9
        ],
        [
            5,
            9
        ],
        [
            1,
            9
        ],
        [
            2,
            10
        ],
        [
            3,
            5
        ],
        [
            1,
            8
        ]
    ],
    "c": [
        1.6574343649850483,
        9.620985776753189,
        0.07878326611961073,
        7.777801077884108,
        1.3646128983590753,
        1.9504155061146609,
        0.7385435643948131,
        0.687995820107177,
        10.166886125716104,
        10.452193374946669,
        9.171376403346283,
        11.16497310555155,
        11.320128655622652,
        0.6367912934018969,
        10.412689449379311,
        10.237895362164029,
        10.031595464458366,
        0.27147261647940746,
        9.672240511353813,
        10.234065373749818,
        2.291185329081931,
        1.7188898514371145,
        2.2755981391001376
    ],
    "label": {
        "x": [
            0.0,
            0.0,
            1.0,
            1.0,
            0.0,
            0.0,
            1.0,
            0.0,
            0.0,
            1.0,
            0.0,
            0.0
        ],
        "z": [
            -1.0,
            -1.0,
            1.0,
            1.0,
            -1.0,
            -1.0,
            1.0,
            -1.0,
            -1.0,
            1.0,
            -1.0,
            -1.0
        ],
        "obj_val": -106.091081854615
    }
}