{
    "J": [
        [
            2,
            5
        ],
        [
            0,
            11
        ],
        [
            1,
            2
        ],
        [
            0,
            2
        ],
        [
            1,
            6
        ],
        [
            4,
            5
        ],
        [
            1,
            11
        ],
        [
            0,
            3
        ],
        [
            3,
            8
        ],
        [
            4
        ],
        [
            3,
            11
        ],
        [
            9,
            10
        ],
        [
            1,
            9
        ],
        [
            6,
            7
        ],
        [
            2,
            4
        ],
        [
            8
        ],
        [
            0,
            9
        ],
        [
            5,
            11
        ],
        [
            0
        ],
        [
            0,
            10
        ],
        [
            7
        ],
        [
            3,
            4
        ],
        [
            6,
            11
        ],
        [
            4,
            10
        ],
        [
            3,
            9
        ],
        [
            7,
            8
        ],
        [
            4,
            8
        ],
        [
            2,
            11
        ],
        [
            2,
            10
        ],
        [
            3,
            5
        ],
        [
            5,
            8
        ],
        [
            0,
            1
        ],
        [
            8,
            11
        ],
        [
            0,
            6
        ],
        [
            6
        ],
        [
            1,
            3
        ],
        [
            2,
            9
        ],
        [
            10
        ],
        [
            1
        ],
        [
            1,
            10
        ],
        [
            8,
            9
        ],
        [
            5,
            9
        ],
        [
            3,
            7
        ],
        [
            5,
            10
        ],
        [
            2
        ],
        [
            0,
            7
        ]
    ],
    "c": [
        9.238880166962273,
        10.662287087998283,
        0.6056935638330372,
        9.059071772398333,
        9.676466644247087,
        1.3283994935907177,
        10.061445303127181,
        0.7040480214484268,
        10.393183361461041,
        2.4859116316802856,
        9.233919679161858,
        8.712928414188326,
        1.5318914757667332,
        10.677923348097314,
        10.042838630287743,
        9.900900505926415,
        10.77481762537358,
        0.7767281301617344,
        1.7539644973882074,
        11.116316965803092,
        12.452071754147436,
        10.469662797441044,
        -0.5077800423250389,
        -0.3094160728771118,
        2.3472925851529642,
        8.678180663118273,
        0.8861158090764235,
        11.32655436770434,
        1.8290265262007463,
        2.2036431898451947,
        -1.0960123295126714,
        1.2378682080442795,
        1.248582486671267,
        -0.10157321497323157,
        2.952625316511785,
        9.576740199452686,
        1.2856394856808566,
        10.882577454914356,
        2.0926577206526438,
        10.729046072344623,
        1.5526120824835519,
        10.912045294806454,
        1.6259260611397237,
        10.809360214933303,
        10.4312049399045,
        1.776595587773318
    ],
    "label": {
        "x": [
            1.0,
            1.0,
            0.0,
            0.0,
            1.0,
            1.0,
            0.0,
            0.0,
            1.0,
            0.0,
            0.0,
            0.0
        ],
        "z": [
            1.0,
            1.0,
            -1.0,
            -1.0,
            1.0,
            1.0,
            -1.0,
            -1.0,
            1.0,
            -1.0,
            -1.0,
            -1.0
        ],
        "obj_val": -133.78639155351857
    }
}