{
    "J": [
        [
            2,
            6
        ],
        [
            3,
            7
        ],
        [
            1,
            11
        ],
        [
            0,
            10
        ],
        [
            2,
            5
        ],
        [
            3,
            11
        ],
        [
            5,
            11
        ],
        [
            4,
            9
        ],
        [
            10,
            11
        ],
        [
            4,
            5
        ],
        [
            6,
            9
        ],
        [
            0,
            9
        ],
        [
            0,
            1
        ],
        [
            3,
            10
        ],
        [
            1,
            3
        ],
        [
            5
        ],
        [
            1,
            10
        ],
        [
            2,
            4
        ],
        [
            5,
            8
        ],
        [
            1,
            4
        ],
        [
            0,
            11
        ],
        [
            2,
            3
        ],
        [
            6
        ],
        [
            0,
            4
        ],
        [
            4,
            6
        ],
        [
            4,
            11
        ],
        [
            1,
            9
        ],
        [
            3,
            9
        ],
        [
            7,
            11
        ],
        [
            9,
            11
        ],
        [
            5,
            7
        ],
        [
            7,
            10
        ],
        [
            9,
            10
        ],
        [
            4,
            10
        ],
        [
            5,
            10
        ],
        [
            6,
            11
        ],
        [
            4,
            8
        ],
        [
            1
        ],
        [
            2,
            9
        ],
        [
            1,
            8
        ],
        [
            3,
            5
        ],
        [
            0,
            5
        ],
        [
            2,
            10
        ],
        [
            3,
            4
        ],
        [
            1,
            7
        ],
        [
            1,
            5
        ]
    ],
    "c": [
        1.649624592601258,
        9.857895632924095,
        3.717401974609799,
        0.6163612987940502,
        10.394473296953453,
        3.05894113454515,
        0.3911739999408983,
        6.775189081527348,
        1.9979916833380118,
        2.974893232615095,
        -0.9383090891560522,
        3.304902520033147,
        9.556350065433445,
        0.4928958894894918,
        9.146186623123171,
        0.7520152829425005,
        1.3030499080943039,
        1.2525408759405572,
        9.660671583193475,
        9.689897670719203,
        10.316460650903444,
        9.324325240362281,
        12.871874716998965,
        1.2769698435477517,
        9.989460533170778,
        2.75764434645051,
        0.9341264673439347,
        0.5537387505451448,
        0.3088527719724419,
        1.3899169555932989,
        1.6809021563651017,
        8.682564914888498,
        10.405343844355023,
        11.753648672758594,
        0.1263622795947803,
        -0.8854875644464613,
        2.0325555321574367,
        0.7898301231947085,
        1.769157228093492,
        0.1503423882598547,
        9.08060989665205,
        11.700622230124303,
        2.4195160575020003,
        9.559613565160486,
        9.47292268398127,
        10.24975102308785
    ],
    "label": {
        "x": [
            0.0,
            0.0,
            0.0,
            0.0,
            1.0,
            1.0,
            0.0,
            1.0,
            0.0,
            1.0,
            0.0,
            1.0
        ],
        "z": [
            -1.0,
            -1.0,
            -1.0,
            -1.0,
            1.0,
            1.0,
            -1.0,
            1.0,
            -1.0,
            1.0,
            -1.0,
            1.0
        ],
        "obj_val": -120.98729278414592
    }
}