{
    "J": [
        [
            0,
            1
        ],
        [
            0,
            8
        ],
        [
            4,
            10
        ],
        [
            6,
            11
        ],
        [
            1,
            8
        ],
        [
            8,
            10
        ],
        [
            5,
            10
        ],
        [
            5,
            6
        ],
        [
            9,
            10
        ],
        [
            10
        ],
        [
            4,
            8
        ],
        [
            6
        ],
        [
            0,
            6
        ],
        [
            1,
            11
        ],
        [
            2,
            3
        ],
        [
            6,
            9
        ],
        [
            0,
            3
        ],
        [
            8,
            9
        ],
        [
            2,
            4
        ],
        [
            1,
            4
        ],
        [
            3,
            6
        ],
        [
            2
        ],
        [
            2,
            6
        ],
        [
            5
        ],
        [
            3,
            7
        ],
        [
            3,
            4
        ],
        [
            9,
            11
        ],
        [
            5,
            7
        ],
        [
            8,
            11
        ],
        [
            5,
            8
        ],
        [
            4,
            5
        ],
        [
            1,
            10
        ],
        [
            0,
            9
        ],
        [
            7
        ],
        [
            3,
            5
        ],
        [
            3,
            10
        ],
        [
            4
        ],
        [
            3,
            9
        ],
        [
            10,
            11
        ],
        [
            2,
            5
        ],
        [
            2,
            7
        ],
        [
            3,
            11
        ],
        [
            8
        ],
        [
            1,
            7
        ],
        [
            1,
            6
        ],
        [
            7,
            9
        ]
    ],
    "c": [
        8.919393258445044,
        0.3779209703324543,
        10.129032682219732,
        8.843205166721114,
        -0.13065200752934492,
        9.674000313206676,
        0.14731133545202457,
        2.6988364336255026,
        2.646096312771567,
        1.4945056598611317,
        2.226908872656173,
        2.203646760431612,
        11.289771599429598,
        0.48989401920958187,
        10.76465648902769,
        0.2099710408701082,
        -0.1877092054351881,
        8.244839390049568,
        1.4196881659230114,
        2.1392903783640085,
        8.402887551414581,
        -0.46872172500840636,
        -0.8481829293818335,
        -0.8457963603800744,
        -0.0189158632418156,
        9.616429214342794,
        -0.41074768575802745,
        7.859654549388392,
        10.63418981606432,
        -0.7923857788073942,
        -1.4023649836286607,
        1.6819831907631175,
        9.732980757451063,
        0.5673888791735341,
        1.7657817620259477,
        10.135894812972813,
        10.546875681218062,
        1.6691742600685888,
        1.1422858869459045,
        0.5670413345592105,
        0.07306046985540748,
        9.820334061484498,
        11.310289372169692,
        -1.3611236676216523,
        9.594403760483699,
        1.0749913560640787
    ],
    "label": {
        "x": [
            0.0,
            1.0,
            1.0,
            -0.0,
            0.0,
            1.0,
            -0.0,
            0.0,
            0.0,
            1.0,
            1.0,
            1.0
        ],
        "z": [
            -1.0,
            1.0,
            1.0,
            -1.0,
            -1.0,
            1.0,
            -1.0,
            -1.0,
            -1.0,
            1.0,
            1.0,
            1.0
        ],
        "obj_val": -107.34572514242063
    }
}