{
    "J": [
        [
            4,
            11
        ],
        [
            6,
            7
        ],
        [
            1,
            11
        ],
        [
            3,
            8
        ],
        [
            1,
            7
        ],
        [
            0,
            5
        ],
        [
            4,
            9
        ],
        [
            1,
            3
        ],
        [
            3,
            7
        ],
        [
            3,
            11
        ],
        [
            0,
            8
        ],
        [
            0,
            2
        ],
        [
            1
        ],
        [
            2,
            6
        ],
        [
            1,
            4
        ],
        [
            7,
            9
        ],
        [
            7,
            11
        ],
        [
            5,
            9
        ],
        [
            3,
            10
        ],
        [
            0,
            9
        ],
        [
            1,
            10
        ],
        [
            9,
            11
        ],
        [
            2
        ],
        [
            5,
            8
        ],
        [
            9,
            10
        ],
        [
            4,
            5
        ],
        [
            0,
            4
        ],
        [
            8,
            9
        ],
        [
            6,
            8
        ],
        [
            6,
            11
        ],
        [
            0,
            10
        ],
        [
            5,
            7
        ],
        [
            0,
            3
        ],
        [
            0
        ],
        [
            7
        ],
        [
            4,
            6
        ],
        [
            0,
            6
        ],
        [
            1,
            8
        ],
        [
            0,
            7
        ],
        [
            3,
            4
        ],
        [
            4,
            7
        ],
        [
            3,
            6
        ],
        [
            0,
            11
        ],
        [
            2,
            11
        ],
        [
            2,
            4
        ],
        [
            2,
            9
        ]
    ],
    "c": [
        0.9208819133216326,
        1.5135750179261538,
        2.4809266158286647,
        0.3904103429611715,
        0.5985569083306979,
        8.20048716227873,
        10.201100609299765,
        2.236747173036285,
        -0.16597406740377485,
        9.287567798845343,
        1.3003474106432067,
        0.9695156652381464,
        8.73608551950043,
        11.054473129543233,
        1.4769243841171198,
        -0.44392615436152183,
        10.208990751116405,
        1.5993982624617402,
        -0.26567963262249905,
        10.490395740388136,
        10.16025997915574,
        11.602814102901874,
        10.6368926464428,
        12.95719795057055,
        11.238079200866748,
        10.03373146611952,
        10.775480495339872,
        1.1967057923735183,
        11.256003674945887,
        1.8537849209397952,
        10.443208471745804,
        1.6653089493902584,
        0.1722658978223992,
        1.4288491721100347,
        -0.5920933143297773,
        9.108521052513591,
        0.9234515597036579,
        1.4179535656775102,
        9.15610426095635,
        1.096082861890884,
        -1.7465357230546013,
        9.823714771524315,
        1.4834201969187277,
        0.8002991077107481,
        11.390104194705943,
        0.5458892037726542
    ],
    "label": {
        "x": [
            0.0,
            0.0,
            0.0,
            1.0,
            1.0,
            0.0,
            0.0,
            1.0,
            1.0,
            1.0,
            1.0,
            0.0
        ],
        "z": [
            -1.0,
            -1.0,
            -1.0,
            1.0,
            1.0,
            -1.0,
            -1.0,
            1.0,
            1.0,
            1.0,
            1.0,
            -1.0
        ],
        "obj_val": -132.2692424616006
    }
}