{
    "J": [
        [
            0,
            2
        ],
        [
            3,
            5
        ],
        [
            0,
            5
        ],
        [
            2,
            10
        ],
        [
            3,
            8
        ],
        [
            7,
            10
        ],
        [
            4,
            11
        ],
        [
            2,
            5
        ],
        [
            3,
            9
        ],
        [
            0,
            4
        ],
        [
            1,
            11
        ],
        [
            0,
            8
        ],
        [
            4,
            5
        ],
        [
            2,
            4
        ],
        [
            4,
            8
        ],
        [
            0,
            3
        ],
        [
            2,
            3
        ],
        [
            3
        ],
        [
            6
        ],
        [
            11
        ],
        [
            6,
            8
        ],
        [
            3,
            7
        ],
        [
            1,
            7
        ]
    ],
    "c": [
        0.048044356575529745,
        0.03232204746374223,
        8.963738406788098,
        0.16668725566149456,
        9.754961817622922,
        10.126110358644762,
        10.059955130111549,
        11.06642908881572,
        10.940999944839822,
        -0.041079875078056105,
        1.5330047066802144,
        9.527910930796196,
        0.8407795479903826,
        -0.37073386615353865,
        0.006166149745846505,
        0.4074820103993637,
        9.309928487845616,
        0.646780368486163,
        10.782850370009115,
        1.752736821348722,
        0.3526986334880874,
        9.847100164913742,
        1.3006376993839879
    ],
    "label": {
        "x": [
            0.0,
            1.0,
            1.0,
            0.0,
            1.0,
            0.0,
            0.0,
            1.0,
            1.0,
            1.0,
            0.0,
            0.0
        ],
        "z": [
            -1.0,
            1.0,
            1.0,
            -1.0,
            1.0,
            -1.0,
            -1.0,
            1.0,
            1.0,
            1.0,
            -1.0,
            -1.0
        ],
        "obj_val": -86.37628566112447
    }
}