{
    "J": [
        [
            4,
            7
        ],
        [
            8,
            11
        ],
        [
            2,
            7
        ],
        [
            5,
            7
        ],
        [
            2,
            11
        ],
        [
            0
        ],
        [
            11
        ],
        [
            2,
            10
        ],
        [
            9,
            10
        ],
        [
            3
        ],
        [
            10
        ],
        [
            9,
            11
        ],
        [
            5,
            8
        ],
        [
            2
        ],
        [
            6,
            9
        ],
        [
            2,
            4
        ],
        [
            4,
            11
        ],
        [
            5,
            9
        ],
        [
            3,
            5
        ],
        [
            1,
            3
        ],
        [
            9
        ],
        [
            4
        ],
        [
            5,
            11
        ],
        [
            7,
            11
        ],
        [
            7,
            8
        ],
        [
            0,
            3
        ],
        [
            6,
            7
        ],
        [
            7,
            10
        ],
        [
            4,
            8
        ],
        [
            4,
            10
        ],
        [
            0,
            2
        ],
        [
            2,
            8
        ],
        [
            6,
            10
        ],
        [
            3,
            8
        ],
        [
            2,
            6
        ],
        [
            6
        ],
        [
            0,
            10
        ],
        [
            4,
            9
        ],
        [
            0,
            4
        ],
        [
            7
        ],
        [
            1,
            4
        ],
        [
            1
        ],
        [
            5
        ],
        [
            0,
            6
        ],
        [
            8,
            9
        ],
        [
            6,
            11
        ]
    ],
    "c": [
        9.987777390947159,
        7.576247530584196,
        10.794880295564873,
        9.880639303306678,
        0.9105511053801003,
        -1.3238734392602707,
        -0.0356387729069223,
        11.436272874282956,
        0.8608718068559539,
        1.3833483714670158,
        10.879832475295716,
        3.356810859545616,
        9.083578387919461,
        0.6852308419306927,
        10.184638008897315,
        8.383611307731737,
        0.8469958397895417,
        9.58083743834585,
        1.6717546050626155,
        10.273259991707718,
        1.1107419915483503,
        0.4290277530713307,
        1.4814385884870365,
        2.9033162324123016,
        11.013010942255976,
        10.028197854672946,
        1.6072876956059732,
        9.04036642367243,
        -0.2618239471173358,
        10.939409905999781,
        0.5092462495524311,
        9.836753396211625,
        1.3873677938740472,
        1.0117035326142587,
        10.462308580540547,
        0.16782453614886927,
        9.846543403872356,
        10.1971802985853,
        1.458310713713028,
        9.340796307225204,
        9.561519977917756,
        9.629869064167105,
        11.151481521827233,
        -0.2659266167181662,
        11.049366629005993,
        10.183829704630236
    ],
    "label": {
        "x": [
            1.0,
            1.0,
            1.0,
            0.0,
            0.0,
            0.0,
            0.0,
            1.0,
            0.0,
            1.0,
            0.0,
            1.0
        ],
        "z": [
            1.0,
            1.0,
            1.0,
            -1.0,
            -1.0,
            -1.0,
            -1.0,
            1.0,
            -1.0,
            1.0,
            -1.0,
            1.0
        ],
        "obj_val": -146.80893272920005
    }
}