{
    "J": [
        [
            8,
            10
        ],
        [
            2,
            9
        ],
        [
            2,
            11
        ],
        [
            0,
            3
        ],
        [
            1,
            10
        ],
        [
            2,
            6
        ],
        [
            2,
            8
        ],
        [
            3,
            5
        ],
        [
            3,
            7
        ],
        [
            6,
            10
        ],
        [
            0,
            8
        ],
        [
            5,
            6
        ],
        [
            3,
            6
        ],
        [
            5,
            8
        ],
        [
            1,
            6
        ],
        [
            1,
            3
        ],
        [
            4,
            10
        ],
        [
            10,
            11
        ],
        [
            11
        ],
        [
            4,
            9
        ],
        [
            4,
            5
        ],
        [
            7
        ],
        [
            3,
            9
        ],
        [
            8,
            11
        ],
        [
            0,
            2
        ],
        [
            6,
            7
        ],
        [
            0,
            7
        ],
        [
            9,
            11
        ],
        [
            6
        ],
        [
            4
        ],
        [
            0,
            6
        ],
        [
            1,
            8
        ],
        [
            2
        ],
        [
            3,
            11
        ],
        [
            5,
            11
        ],
        [
            0,
            1
        ],
        [
            1,
            9
        ],
        [
            3,
            10
        ],
        [
            7,
            8
        ],
        [
            0,
            11
        ],
        [
            2,
            10
        ],
        [
            7,
            9
        ],
        [
            2,
            7
        ],
        [
            0,
            9
        ],
        [
            7,
            11
        ],
        [
            9
        ]
    ],
    "c": [
        12.754575317322876,
        9.078673790384276,
        10.12860033450833,
        11.06683382493205,
        10.175805903741265,
        11.747465925678586,
        8.685168102710305,
        -0.885387741833743,
        10.01690738806821,
        1.7561935059597922,
        2.2117513787226954,
        10.07143068950809,
        10.611073713880023,
        2.1322009984696075,
        1.1845946701734635,
        0.28749365251097514,
        10.041935222083122,
        1.5302584698102808,
        10.89304046413458,
        0.9323221689768421,
        10.11010546193927,
        -0.4621966945758613,
        10.513178852525973,
        9.710106254450972,
        9.837766697298388,
        2.4618132606868715,
        7.361884948988057,
        11.294817617042956,
        9.539634758416627,
        9.426766588056362,
        -0.8943021296740055,
        1.5697954907302099,
        2.421345511638541,
        3.0055428337261954,
        -0.09073954164751741,
        0.9794255729016242,
        0.1614631971886622,
        9.193126116013534,
        -0.030977402657470954,
        1.120613887175452,
        1.2785740408367101,
        10.039305737783796,
        11.010750927247692,
        3.0563437986464166,
        9.882380124489165,
        1.3092883465463785
    ],
    "label": {
        "x": [
            0.0,
            1.0,
            1.0,
            1.0,
            0.0,
            1.0,
            0.0,
            1.0,
            1.0,
            0.0,
            0.0,
            0.0
        ],
        "z": [
            -1.0,
            1.0,
            1.0,
            1.0,
            -1.0,
            1.0,
            -1.0,
            1.0,
            1.0,
            -1.0,
            -1.0,
            -1.0
        ],
        "obj_val": -141.06018649085792
    }
}