{
    "J": [
        [
            2,
            5
        ],
        [
            4
        ],
        [
            4,
            9
        ],
        [
            2,
            9
        ],
        [
            11
        ],
        [
            1,
            4
        ],
        [
            8,
            11
        ],
        [
            2
        ],
        [
            1,
            2
        ],
        [
            9,
            10
        ],
        [
            6,
            8
        ],
        [
            0,
            4
        ],
        [
            7,
            10
        ],
        [
            1,
            6
        ],
        [
            1,
            7
        ],
        [
            5,
            7
        ],
        [
            7
        ],
        [
            1,
            3
        ],
        [
            5,
            11
        ],
        [
            4,
            6
        ],
        [
            2,
            10
        ],
        [
            3,
            11
        ],
        [
            7,
            11
        ]
    ],
    "c": [
        10.359379243545527,
        9.254994850087579,
        9.829853913982866,
        -0.12692439995735083,
        1.418321533463495,
        -0.4655013280719804,
        10.665453616388898,
        10.1169343413554,
        10.346240528818846,
        11.15090412040852,
        0.2642559774369019,
        8.072297954944863,
        1.5064833192718872,
        0.973316004657727,
        1.6852306916280808,
        9.841722431343262,
        0.3414783694630886,
        2.213866841038623,
        -0.3776860760891185,
        0.4809463757332747,
        10.642105963006948,
        9.416329227117718,
        1.998626425644551
    ],
    "label": {
        "x": [
            1.0,
            0.0,
            1.0,
            1.0,
            0.0,
            0.0,
            1.0,
            1.0,
            1.0,
            1.0,
            0.0,
            0.0
        ],
        "z": [
            1.0,
            -1.0,
            1.0,
            1.0,
            -1.0,
            -1.0,
            1.0,
            1.0,
            1.0,
            1.0,
            -1.0,
            -1.0
        ],
        "obj_val": -100.10351615694577
    }
}