{
    "J": [
        [
            0
        ],
        [
            3,
            10
        ],
        [
            2,
            3
        ],
        [
            6,
            9
        ],
        [
            0,
            7
        ],
        [
            5,
            6
        ],
        [
            8
        ],
        [
            6,
            10
        ],
        [
            3,
            11
        ],
        [
            2,
            4
        ],
        [
            5,
            10
        ],
        [
            10,
            11
        ],
        [
            0,
            5
        ],
        [
            3,
            7
        ],
        [
            9,
            11
        ],
        [
            7,
            10
        ],
        [
            9,
            10
        ],
        [
            3,
            9
        ],
        [
            3,
            5
        ],
        [
            1
        ],
        [
            1,
            6
        ],
        [
            0,
            4
        ],
        [
            2,
            8
        ],
        [
            0,
            3
        ],
        [
            2
        ],
        [
            7,
            9
        ],
        [
            2,
            10
        ],
        [
            4,
            7
        ],
        [
            4,
            6
        ],
        [
            2,
            9
        ],
        [
            6
        ],
        [
            4,
            9
        ],
        [
            5,
            7
        ],
        [
            8,
            10
        ],
        [
            5
        ],
        [
            0,
            9
        ],
        [
            4
        ],
        [
            3,
            6
        ],
        [
            2,
            7
        ],
        [
            4,
            11
        ],
        [
            10
        ],
        [
            1,
            8
        ],
        [
            5,
            11
        ],
        [
            7,
            11
        ],
        [
            1,
            2
        ],
        [
            3,
            8
        ]
    ],
    "c": [
        10.055425110882743,
        1.3542732654520897,
        11.877621793874471,
        9.153299613877206,
        8.966893438668444,
        2.1601166519333863,
        7.911343402416737,
        9.600439753121357,
        8.271662827472074,
        10.73184384858702,
        9.753771397881238,
        1.1635834465043147,
        1.3660213210748726,
        10.410780208439526,
        1.8719162076226983,
        2.242848752503651,
        11.184677533907124,
        1.9841211846291356,
        1.7643620874233488,
        10.795287137875487,
        0.2617825869877428,
        9.441622487641986,
        9.278770111652829,
        9.416417721928813,
        -0.09733057814498247,
        1.4896997481246483,
        0.9293296136490933,
        1.0876043302105087,
        1.3011838709354626,
        10.50059438820957,
        0.2388067227526266,
        9.441213445636116,
        1.885978020295554,
        0.07394614200904837,
        2.08732095578756,
        0.17854174308135418,
        10.37709392058789,
        10.559732473382201,
        2.435636611468698,
        0.4790389664929431,
        10.45845774777537,
        1.7682177569118644,
        9.130760483610501,
        10.686094718323691,
        10.257586025859517,
        9.45356860043569
    ],
    "label": {
        "x": [
            0.0,
            0.0,
            1.0,
            1.0,
            0.0,
            1.0,
            0.0,
            1.0,
            0.0,
            1.0,
            0.0,
            0.0
        ],
        "z": [
            -1.0,
            -1.0,
            1.0,
            1.0,
            -1.0,
            1.0,
            -1.0,
            1.0,
            -1.0,
            1.0,
            -1.0,
            -1.0
        ],
        "obj_val": -128.88475873832869
    }
}