{
    "J": [
        [
            7,
            11
        ],
        [
            2,
            9
        ],
        [
            7
        ],
        [
            10
        ],
        [
            5,
            8
        ],
        [
            0,
            7
        ],
        [
            3,
            11
        ],
        [
            1,
            11
        ],
        [
            0,
            4
        ],
        [
            9,
            10
        ],
        [
            1,
            7
        ],
        [
            7,
            10
        ],
        [
            3,
            5
        ],
        [
            2,
            3
        ],
        [
            2,
            7
        ],
        [
            0,
            1
        ],
        [
            4,
            10
        ],
        [
            8,
            9
        ],
        [
            9,
            11
        ],
        [
            1,
            10
        ],
        [
            4,
            9
        ],
        [
            3,
            6
        ],
        [
            1,
            9
        ]
    ],
    "c": [
        1.649624592601258,
        9.857895632924095,
        3.717401974609799,
        0.6163612987940502,
        10.394473296953453,
        3.05894113454515,
        0.3911739999408983,
        6.775189081527348,
        1.9979916833380118,
        2.974893232615095,
        -0.9383090891560522,
        3.304902520033147,
        9.556350065433445,
        0.4928958894894918,
        9.146186623123171,
        0.7520152829425005,
        1.3030499080943039,
        1.2525408759405572,
        9.660671583193475,
        9.689897670719203,
        10.316460650903444,
        9.324325240362281,
        12.871874716998965
    ],
    "label": {
        "x": [
            1.0,
            1.0,
            1.0,
            1.0,
            1.0,
            0.0,
            0.0,
            0.0,
            1.0,
            0.0,
            0.0,
            1.0
        ],
        "z": [
            1.0,
            1.0,
            1.0,
            1.0,
            1.0,
            -1.0,
            -1.0,
            -1.0,
            1.0,
            -1.0,
            -1.0,
            1.0
        ],
        "obj_val": -84.78868448615415
    }
}