{
    "J": [
        [
            0,
            3
        ],
        [
            2,
            7
        ],
        [
            4,
            7
        ],
        [
            7,
            11
        ],
        [
            3,
            8
        ],
        [
            1,
            2
        ],
        [
            8,
            10
        ],
        [
            5,
            7
        ],
        [
            1,
            7
        ],
        [
            3,
            6
        ],
        [
            1
        ],
        [
            6,
            9
        ],
        [
            4,
            5
        ],
        [
            0,
            1
        ],
        [
            4,
            8
        ],
        [
            9,
            11
        ],
        [
            9
        ],
        [
            3,
            5
        ],
        [
            3
        ],
        [
            1,
            4
        ],
        [
            3,
            7
        ],
        [
            0,
            9
        ],
        [
            2,
            9
        ],
        [
            3,
            11
        ],
        [
            6,
            7
        ],
        [
            1,
            3
        ],
        [
            2,
            11
        ],
        [
            1,
            6
        ],
        [
            2,
            8
        ],
        [
            5,
            9
        ],
        [
            7,
            9
        ],
        [
            1,
            10
        ],
        [
            1,
            11
        ],
        [
            0,
            2
        ],
        [
            2
        ],
        [
            2,
            5
        ],
        [
            0,
            5
        ],
        [
            0,
            4
        ],
        [
            2,
            3
        ],
        [
            0
        ],
        [
            5,
            8
        ],
        [
            1,
            8
        ],
        [
            3,
            10
        ],
        [
            7
        ],
        [
            10,
            11
        ],
        [
            4
        ]
    ],
    "c": [
        8.748888667243722,
        8.4289218621628,
        9.26411040309931,
        11.043507124947698,
        -0.5021545563175169,
        0.7565192890469872,
        1.085789057630967,
        9.677095548381057,
        1.2380695731378326,
        1.177262687480639,
        -1.0780263790818596,
        0.5312764408201391,
        11.11636497962061,
        9.748469825297791,
        10.384992565986382,
        0.21039697717825923,
        11.07735603950653,
        1.743724333580474,
        0.12896939149339226,
        1.948546430870863,
        10.104204314952959,
        0.5217352994372089,
        11.004118474483866,
        1.075622047534036,
        11.712438035964555,
        9.953812747787733,
        10.076917639345844,
        2.8021159385814824,
        1.8628148306719188,
        10.060642312496007,
        1.6558954948695563,
        1.2968083922390068,
        1.9762164268927669,
        2.0819208216317113,
        11.290805141592188,
        10.25908307260037,
        10.607513394962234,
        10.663806797644648,
        0.42263475142473106,
        0.5710659260813435,
        0.6610442313806019,
        1.9300328274066625,
        1.6817377972938807,
        0.6361190059082118,
        9.827187710032774,
        1.597196789679955
    ],
    "label": {
        "x": [
            0.0,
            0.0,
            0.0,
            1.0,
            1.0,
            1.0,
            1.0,
            0.0,
            0.0,
            0.0,
            0.0,
            1.0
        ],
        "z": [
            -1.0,
            -1.0,
            -1.0,
            1.0,
            1.0,
            1.0,
            1.0,
            -1.0,
            -1.0,
            -1.0,
            -1.0,
            1.0
        ],
        "obj_val": -116.16309853017142
    }
}