{
    "J": [
        [
            0,
            5
        ],
        [
            8,
            10
        ],
        [
            7,
            10
        ],
        [
            3,
            9
        ],
        [
            0,
            11
        ],
        [
            0,
            3
        ],
        [
            2,
            3
        ],
        [
            1,
            5
        ],
        [
            11
        ],
        [
            1,
            6
        ],
        [
            7,
            11
        ],
        [
            6,
            8
        ],
        [
            4
        ],
        [
            3,
            7
        ],
        [
            4,
            5
        ],
        [
            5
        ],
        [
            2,
            9
        ],
        [
            0,
            10
        ],
        [
            8
        ],
        [
            9,
            11
        ],
        [
            1,
            9
        ],
        [
            1,
            11
        ],
        [
            4,
            8
        ],
        [
            5,
            6
        ],
        [
            2,
            7
        ],
        [
            4,
            6
        ],
        [
            3,
            11
        ],
        [
            0,
            9
        ],
        [
            1,
            4
        ],
        [
            0,
            7
        ],
        [
            8,
            9
        ],
        [
            0,
            8
        ],
        [
            6,
            9
        ],
        [
            2
        ],
        [
            3,
            4
        ],
        [
            1,
            8
        ],
        [
            1,
            7
        ],
        [
            7,
            8
        ],
        [
            2,
            5
        ],
        [
            4,
            9
        ],
        [
            0,
            6
        ],
        [
            3,
            5
        ],
        [
            7,
            9
        ],
        [
            10,
            11
        ],
        [
            2,
            8
        ],
        [
            9,
            10
        ]
    ],
    "c": [
        9.612008774978683,
        2.1208712193744725,
        8.792065735228746,
        1.743979717918272,
        7.356104577431864,
        1.9683176114915013,
        9.2288936530368,
        0.686782227651368,
        9.531939845512904,
        0.9298855753878846,
        -0.25782070956983283,
        -0.0385439492912929,
        11.729134038018973,
        8.94581710065627,
        9.903536038128621,
        8.597323935475028,
        1.3800494261091003,
        1.5171982289978048,
        11.076963137389205,
        9.692014772291984,
        1.3827112203505854,
        11.077367704357005,
        0.6902270411406666,
        1.6574343649850483,
        9.620985776753189,
        0.07878326611961073,
        7.777801077884108,
        1.3646128983590753,
        1.9504155061146609,
        0.7385435643948131,
        0.687995820107177,
        10.166886125716104,
        10.452193374946669,
        9.171376403346283,
        11.16497310555155,
        11.320128655622652,
        0.6367912934018969,
        10.412689449379311,
        10.237895362164029,
        10.031595464458366,
        0.27147261647940746,
        9.672240511353813,
        10.234065373749818,
        2.291185329081931,
        1.7188898514371145,
        2.2755981391001376
    ],
    "label": {
        "x": [
            1.0,
            1.0,
            1.0,
            1.0,
            0.0,
            0.0,
            0.0,
            0.0,
            0.0,
            1.0,
            1.0,
            0.0
        ],
        "z": [
            1.0,
            1.0,
            1.0,
            1.0,
            -1.0,
            -1.0,
            -1.0,
            -1.0,
            -1.0,
            1.0,
            1.0,
            -1.0
        ],
        "obj_val": -156.64329465336994
    }
}