{
    "J": [
        [
            1
        ],
        [
            0,
            5
        ],
        [
            9
        ],
        [
            0,
            6
        ],
        [
            10,
            11
        ],
        [
            8,
            11
        ],
        [
            1,
            6
        ],
        [
            0,
            8
        ],
        [
            5,
            11
        ],
        [
            7,
            10
        ],
        [
            0,
            1
        ],
        [
            6
        ],
        [
            1,
            5
        ],
        [
            7,
            8
        ],
        [
            0,
            3
        ],
        [
            4
        ],
        [
            3,
            11
        ],
        [
            0,
            9
        ],
        [
            0,
            2
        ],
        [
            2,
            10
        ],
        [
            1,
            2
        ],
        [
            8
        ],
        [
            5,
            9
        ]
    ],
    "c": [
        2.2978610624385327,
        9.24930486787937,
        9.528134158823098,
        0.9688843655976134,
        0.7181929035681811,
        0.16544140103637095,
        9.138670488734373,
        8.365946890321894,
        9.436015650145555,
        0.2435995118943819,
        0.801831755197562,
        9.95408108821423,
        2.6469660463093025,
        1.4102963338213785,
        9.103912786494039,
        0.41230388041553845,
        -0.7144133568192146,
        0.45125842582821485,
        9.14065349471977,
        9.242321704160986,
        2.760141726225098,
        0.7257857360538633,
        10.094407203210372
    ],
    "label": {
        "x": [
            0.0,
            1.0,
            1.0,
            1.0,
            0.0,
            1.0,
            0.0,
            0.0,
            1.0,
            0.0,
            0.0,
            0.0
        ],
        "z": [
            -1.0,
            1.0,
            1.0,
            1.0,
            -1.0,
            1.0,
            -1.0,
            -1.0,
            1.0,
            -1.0,
            -1.0,
            -1.0
        ],
        "obj_val": -84.51621856844014
    }
}