{
    "J": [
        [
            5,
            6
        ],
        [
            8,
            10
        ],
        [
            1,
            5
        ],
        [
            5,
            10
        ],
        [
            3,
            9
        ],
        [
            2,
            11
        ],
        [
            3,
            10
        ],
        [
            1
        ],
        [
            7,
            8
        ],
        [
            5,
            11
        ],
        [
            0
        ],
        [
            0,
            3
        ],
        [
            2,
            5
        ],
        [
            3,
            8
        ],
        [
            4,
            6
        ],
        [
            9
        ],
        [
            0,
            5
        ],
        [
            3,
            11
        ],
        [
            6
        ],
        [
            0,
            2
        ],
        [
            6,
            10
        ],
        [
            2,
            3
        ],
        [
            0,
            9
        ]
    ],
    "c": [
        10.224083809855815,
        9.859220612684538,
        9.79279193443661,
        0.46309638544173715,
        1.1586943788225461,
        10.937153879562974,
        11.282688026876716,
        1.4286627934482152,
        10.724135884421973,
        10.122038347417481,
        10.281116550027079,
        0.7550865752354408,
        11.405701472217686,
        10.751321474061594,
        0.8882584397377168,
        9.767169629435779,
        8.871300223681917,
        10.724951139689123,
        2.2033439007423885,
        8.967233242798006,
        1.084299270465023,
        -0.9655090489076188,
        11.243474660721049
    ],
    "label": {
        "x": [
            0.0,
            0.0,
            1.0,
            1.0,
            1.0,
            1.0,
            0.0,
            1.0,
            0.0,
            1.0,
            0.0,
            0.0
        ],
        "z": [
            -1.0,
            -1.0,
            1.0,
            1.0,
            1.0,
            1.0,
            -1.0,
            1.0,
            -1.0,
            1.0,
            -1.0,
            -1.0
        ],
        "obj_val": -97.35116095343788
    }
}