{
    "J": [
        [
            8,
            10
        ],
        [
            0,
            5
        ],
        [
            5,
            11
        ],
        [
            0,
            1
        ],
        [
            1,
            7
        ],
        [
            6,
            9
        ],
        [
            4,
            9
        ],
        [
            4,
            5
        ],
        [
            1,
            2
        ],
        [
            3,
            4
        ],
        [
            2,
            9
        ],
        [
            10,
            11
        ],
        [
            8,
            9
        ],
        [
            8
        ],
        [
            1,
            6
        ],
        [
            6,
            10
        ],
        [
            4,
            11
        ],
        [
            9,
            10
        ],
        [
            5,
            10
        ],
        [
            1
        ],
        [
            0,
            8
        ],
        [
            0,
            3
        ],
        [
            6,
            11
        ],
        [
            2,
            11
        ],
        [
            0
        ],
        [
            11
        ],
        [
            2,
            6
        ],
        [
            3,
            8
        ],
        [
            0,
            9
        ],
        [
            0,
            10
        ],
        [
            5,
            9
        ],
        [
            1,
            4
        ],
        [
            10
        ],
        [
            1,
            5
        ],
        [
            6
        ],
        [
            3
        ],
        [
            5,
            7
        ],
        [
            4,
            10
        ],
        [
            4,
            6
        ],
        [
            0,
            2
        ],
        [
            9
        ],
        [
            0,
            7
        ],
        [
            7,
            8
        ],
        [
            5,
            8
        ],
        [
            4,
            8
        ],
        [
            1,
            8
        ]
    ],
    "c": [
        9.377084527626797,
        0.23632685901383133,
        8.778987956760556,
        9.840541977830746,
        8.102339768812994,
        1.637543037923479,
        -0.7317868635452898,
        1.821351743642973,
        0.9706179280148326,
        0.9009130771861508,
        1.3720182150125055,
        8.750808030351324,
        10.107088920155473,
        0.8762036676195526,
        10.041299305301923,
        0.9356047597023316,
        0.8399887550770505,
        10.513114966714188,
        0.27276540434873153,
        0.6180800648819109,
        9.637001749210137,
        2.8998708879552906,
        0.4951334320576888,
        10.028577570408412,
        0.6864520906469941,
        10.27125426106313,
        8.020116612906248,
        9.653906760833308,
        9.189142596299295,
        0.4560481144267782,
        9.44489156331048,
        1.4243827056168201,
        -0.15718417253444383,
        1.6677601359730116,
        8.63630650009873,
        11.371900812887908,
        10.344938004748137,
        10.690085314413977,
        10.692892974385495,
        0.3509902358743977,
        10.574665684277925,
        11.814864383100733,
        0.48260512370911335,
        1.5821574981116928,
        1.7258022583712043,
        11.66035354799975
    ],
    "label": {
        "x": [
            1.0,
            1.0,
            1.0,
            0.0,
            0.0,
            1.0,
            0.0,
            0.0,
            0.0,
            0.0,
            1.0,
            0.0
        ],
        "z": [
            1.0,
            1.0,
            1.0,
            -1.0,
            -1.0,
            1.0,
            -1.0,
            -1.0,
            -1.0,
            -1.0,
            1.0,
            -1.0
        ],
        "obj_val": -147.41283651932332
    }
}