{
    "J": [
        [
            5,
            9
        ],
        [
            4,
            7
        ],
        [
            0,
            6
        ],
        [
            10
        ],
        [
            3,
            4
        ],
        [
            7,
            10
        ],
        [
            1,
            4
        ],
        [
            6,
            8
        ],
        [
            8
        ],
        [
            1,
            3
        ],
        [
            7,
            8
        ],
        [
            0,
            7
        ],
        [
            4,
            11
        ],
        [
            5,
            8
        ],
        [
            5
        ],
        [
            2,
            8
        ],
        [
            5,
            10
        ],
        [
            1,
            6
        ],
        [
            6,
            9
        ],
        [
            6,
            10
        ],
        [
            10,
            11
        ],
        [
            3,
            9
        ],
        [
            4,
            8
        ],
        [
            0,
            9
        ],
        [
            8,
            9
        ],
        [
            4,
            9
        ],
        [
            4,
            6
        ],
        [
            8,
            11
        ],
        [
            3,
            10
        ],
        [
            2,
            10
        ],
        [
            7
        ],
        [
            2,
            6
        ],
        [
            0,
            8
        ],
        [
            1,
            5
        ],
        [
            2,
            3
        ],
        [
            0,
            11
        ],
        [
            5,
            7
        ],
        [
            1,
            8
        ],
        [
            0,
            2
        ],
        [
            2,
            4
        ],
        [
            7,
            11
        ],
        [
            3,
            6
        ],
        [
            5,
            6
        ],
        [
            1,
            10
        ],
        [
            7,
            9
        ],
        [
            9
        ]
    ],
    "c": [
        2.6668171116169237,
        0.572997983403858,
        0.6740316797771485,
        -0.09407662835139097,
        1.7418867831470237,
        10.661701383689643,
        2.150487364269174,
        1.6767704336771811,
        11.26026600271479,
        0.27831292443555977,
        10.429316407474511,
        7.652797117513302,
        0.7204051743288542,
        -0.2959235966603393,
        0.43249936351961227,
        10.679980326140848,
        7.931437668949881,
        2.5050085269785587,
        9.608127040756465,
        10.90462758157909,
        9.28029107093078,
        0.2620744937310936,
        -0.4908760761761257,
        7.082684634859572,
        10.151504443806235,
        0.240158648745182,
        0.8878056079415533,
        9.422104018917265,
        11.60699278269805,
        0.038140421182553785,
        9.413073497599921,
        9.044637282026818,
        -0.6481233027930473,
        9.740853861241684,
        1.2005275411883634,
        -0.5594353528919054,
        1.0630654826579415,
        8.648865651448821,
        0.7550661163465817,
        1.8173177065838002,
        2.210489195879463,
        8.074460024508017,
        1.9522133283834586,
        0.6367491648052626,
        0.7995074674559195,
        9.797595159555465
    ],
    "label": {
        "x": [
            1.0,
            0.0,
            0.0,
            0.0,
            1.0,
            1.0,
            1.0,
            0.0,
            1.0,
            0.0,
            1.0,
            0.0
        ],
        "z": [
            1.0,
            -1.0,
            -1.0,
            -1.0,
            1.0,
            1.0,
            1.0,
            -1.0,
            1.0,
            -1.0,
            1.0,
            -1.0
        ],
        "obj_val": -126.70208614908907
    }
}