{
    "J": [
        [
            7,
            11
        ],
        [
            10
        ],
        [
            5,
            10
        ],
        [
            0,
            11
        ],
        [
            6,
            11
        ],
        [
            0
        ],
        [
            3,
            9
        ],
        [
            3,
            10
        ],
        [
            1,
            8
        ],
        [
            8
        ],
        [
            7,
            10
        ],
        [
            4,
            6
        ],
        [
            0,
            1
        ],
        [
            5
        ],
        [
            0,
            4
        ],
        [
            3,
            11
        ],
        [
            0,
            2
        ],
        [
            1,
            3
        ],
        [
            6
        ],
        [
            1,
            5
        ],
        [
            3
        ],
        [
            2,
            9
        ],
        [
            1
        ]
    ],
    "c": [
        0.9076098226599346,
        0.8123801834525479,
        9.991343726067667,
        -0.056724555719629866,
        10.205053650259071,
        1.7862083523080545,
        0.950462429787839,
        -0.1541176585534325,
        2.0634817778402788,
        9.743654400986085,
        9.830460824690794,
        9.342290242895762,
        0.6892438489541284,
        2.5926455785569904,
        9.609104539709438,
        8.708708635328886,
        9.354815950239006,
        0.2432509396931627,
        1.9109040117002285,
        0.4343373060251434,
        8.606764270864348,
        0.4238907049640419,
        0.9026711985982443
    ],
    "label": {
        "x": [
            0.0,
            1.0,
            1.0,
            0.0,
            1.0,
            0.0,
            0.0,
            0.0,
            0.0,
            1.0,
            1.0,
            1.0
        ],
        "z": [
            -1.0,
            1.0,
            1.0,
            -1.0,
            1.0,
            -1.0,
            -1.0,
            -1.0,
            -1.0,
            1.0,
            1.0,
            1.0
        ],
        "obj_val": -94.62055600727888
    }
}