{
    "J": [
        [
            3,
            4
        ],
        [
            5,
            8
        ],
        [
            1,
            3
        ],
        [
            0,
            2
        ],
        [
            7,
            11
        ],
        [
            6,
            7
        ],
        [
            4,
            11
        ],
        [
            9
        ],
        [
            5,
            9
        ],
        [
            5,
            6
        ],
        [
            0,
            1
        ],
        [
            4,
            6
        ],
        [
            2
        ],
        [
            2,
            5
        ],
        [
            8,
            9
        ],
        [
            1
        ],
        [
            1,
            4
        ],
        [
            1,
            7
        ],
        [
            3,
            10
        ],
        [
            7,
            10
        ],
        [
            3,
            11
        ],
        [
            1,
            11
        ],
        [
            3,
            8
        ],
        [
            5,
            10
        ],
        [
            2,
            4
        ],
        [
            3
        ],
        [
            0,
            5
        ],
        [
            6,
            9
        ],
        [
            0,
            6
        ],
        [
            8,
            10
        ],
        [
            7,
            9
        ],
        [
            11
        ],
        [
            2,
            9
        ],
        [
            2,
            6
        ],
        [
            4,
            5
        ],
        [
            10
        ],
        [
            4,
            7
        ],
        [
            0
        ],
        [
            6
        ],
        [
            2,
            3
        ],
        [
            6,
            10
        ],
        [
            2,
            7
        ],
        [
            0,
            4
        ],
        [
            2,
            10
        ],
        [
            1,
            8
        ],
        [
            4,
            10
        ]
    ],
    "c": [
        2.80777901590319,
        9.942486061520693,
        -0.42901360164121827,
        8.842532695814537,
        9.739325582823872,
        11.562763392243001,
        8.848522064324975,
        1.4125826867546967,
        1.387418099844551,
        10.331055059497805,
        9.954456028364426,
        10.881544958538873,
        12.858190018378902,
        10.272597172524932,
        1.2747150327982106,
        8.891079094544105,
        8.83357784005912,
        3.193845181678782,
        12.298711562285972,
        0.921905001578039,
        1.467908217980519,
        10.053406638257398,
        1.0812090770851113,
        0.7879344448646676,
        2.0710799891468064,
        11.121362401902775,
        8.300801305906548,
        9.733782197522562,
        -0.1434140361219014,
        0.7135851506197808,
        1.045269537944994,
        9.439569037496634,
        8.61452700789893,
        10.165532827522751,
        1.134950460846585,
        9.710817869986263,
        11.517212268785274,
        9.99178915179425,
        8.595081276092081,
        0.8288874538934775,
        9.760177116007165,
        1.9935854455179272,
        10.856274425454377,
        9.250484919640762,
        1.148465866382998,
        10.892719991819265
    ],
    "label": {
        "x": [
            0.0,
            0.0,
            0.0,
            0.0,
            1.0,
            1.0,
            0.0,
            1.0,
            0.0,
            1.0,
            1.0,
            0.0
        ],
        "z": [
            -1.0,
            -1.0,
            -1.0,
            -1.0,
            1.0,
            1.0,
            -1.0,
            1.0,
            -1.0,
            1.0,
            1.0,
            -1.0
        ],
        "obj_val": -140.39750993216063
    }
}