{
    "J": [
        [
            4,
            6
        ],
        [
            7
        ],
        [
            2,
            7
        ],
        [
            7,
            11
        ],
        [
            6,
            8
        ],
        [
            1,
            2
        ],
        [
            0,
            11
        ],
        [
            11
        ],
        [
            3,
            11
        ],
        [
            0,
            2
        ],
        [
            1,
            11
        ],
        [
            7,
            8
        ],
        [
            1,
            6
        ],
        [
            1,
            8
        ],
        [
            4,
            9
        ],
        [
            6,
            10
        ],
        [
            1,
            4
        ],
        [
            2,
            8
        ],
        [
            8,
            9
        ],
        [
            10
        ],
        [
            4,
            11
        ],
        [
            3,
            4
        ],
        [
            2,
            5
        ]
    ],
    "c": [
        11.286725954539552,
        9.844290180264256,
        11.800091695244339,
        1.0606292649120719,
        8.512231157574815,
        0.565714770573144,
        -1.2958571572517426,
        2.342878963206269,
        11.09194724309935,
        -0.5321816168278783,
        11.247499700047383,
        -1.839218785903566,
        0.5889179589456193,
        1.3853211154278906,
        -0.13330742906228177,
        0.8939881725849788,
        1.8862833836179775,
        8.71707837362943,
        7.946309963557919,
        9.694289456647232,
        2.834146304963423,
        2.0171725160930496,
        1.3622254646071144
    ],
    "label": {
        "x": [
            0.0,
            1.0,
            1.0,
            1.0,
            0.0,
            0.0,
            1.0,
            0.0,
            0.0,
            1.0,
            0.0,
            0.0
        ],
        "z": [
            -1.0,
            1.0,
            1.0,
            1.0,
            -1.0,
            -1.0,
            1.0,
            -1.0,
            -1.0,
            1.0,
            -1.0,
            -1.0
        ],
        "obj_val": -97.44851193801244
    }
}