{
    "J": [
        [
            0,
            9
        ],
        [
            1,
            8
        ],
        [
            1,
            2
        ],
        [
            0
        ],
        [
            9,
            10
        ],
        [
            3,
            4
        ],
        [
            0,
            2
        ],
        [
            11
        ],
        [
            6,
            9
        ],
        [
            1,
            5
        ],
        [
            6
        ],
        [
            2,
            4
        ],
        [
            3,
            7
        ],
        [
            4,
            8
        ],
        [
            4,
            10
        ],
        [
            7,
            11
        ],
        [
            1
        ],
        [
            6,
            11
        ],
        [
            0,
            10
        ],
        [
            4
        ],
        [
            4,
            6
        ],
        [
            4,
            11
        ],
        [
            5,
            8
        ],
        [
            8
        ],
        [
            2
        ],
        [
            0,
            4
        ],
        [
            3,
            6
        ],
        [
            6,
            10
        ],
        [
            2,
            7
        ],
        [
            3,
            8
        ],
        [
            3,
            10
        ],
        [
            0,
            7
        ],
        [
            5,
            11
        ],
        [
            5,
            9
        ],
        [
            10
        ],
        [
            7,
            9
        ],
        [
            1,
            9
        ],
        [
            2,
            9
        ],
        [
            5,
            10
        ],
        [
            3
        ],
        [
            0,
            6
        ],
        [
            9,
            11
        ],
        [
            7,
            10
        ],
        [
            0,
            5
        ],
        [
            5,
            6
        ],
        [
            1,
            10
        ]
    ],
    "c": [
        9.938041448868303,
        1.2537735774455174,
        11.322782674347234,
        -0.4136643459479723,
        9.458053438043336,
        1.3537944626450111,
        1.6935453518169805,
        2.0185834982315995,
        9.335215793426121,
        10.758061008324908,
        9.546102126073533,
        10.167785633666279,
        8.295566616603534,
        8.810143292703497,
        9.6278052936049,
        0.932684782975499,
        0.6473362481359323,
        0.2090192323658493,
        9.937031041955231,
        0.7019871355630521,
        9.976327231528975,
        8.823399713991096,
        1.029511763965936,
        10.111460712328245,
        10.768531331874218,
        11.23522685622026,
        0.7155932706159284,
        9.882925417058578,
        10.889962501285796,
        11.7735851372332,
        10.733851262350653,
        9.674123003181666,
        11.925895403719863,
        -0.06202460319902703,
        10.824863388725015,
        9.492866986632473,
        0.9619296273177536,
        1.2875456160807242,
        8.554470105940556,
        0.8318175995434774,
        0.7576888690325015,
        11.17275365747012,
        2.5047501138303216,
        8.834135327220498,
        -0.6355321888776491,
        0.9801060649323503
    ],
    "label": {
        "x": [
            0.0,
            1.0,
            0.0,
            1.0,
            1.0,
            1.0,
            0.0,
            1.0,
            0.0,
            1.0,
            0.0,
            0.0
        ],
        "z": [
            -1.0,
            1.0,
            -1.0,
            1.0,
            1.0,
            1.0,
            -1.0,
            1.0,
            -1.0,
            1.0,
            -1.0,
            -1.0
        ],
        "obj_val": -177.71632249325936
    }
}