{
    "J": [
        [
            4,
            5
        ],
        [
            6,
            10
        ],
        [
            8,
            9
        ],
        [
            4,
            10
        ],
        [
            0,
            10
        ],
        [
            6,
            7
        ],
        [
            0,
            5
        ],
        [
            1,
            3
        ],
        [
            0,
            9
        ],
        [
            0
        ],
        [
            3,
            5
        ],
        [
            3,
            9
        ],
        [
            0,
            1
        ],
        [
            2,
            10
        ],
        [
            7,
            9
        ],
        [
            8,
            11
        ],
        [
            2
        ],
        [
            10
        ],
        [
            1,
            4
        ],
        [
            3,
            7
        ],
        [
            5
        ],
        [
            2,
            8
        ],
        [
            0,
            11
        ],
        [
            7
        ],
        [
            2,
            6
        ],
        [
            1,
            5
        ],
        [
            9,
            11
        ],
        [
            5,
            10
        ],
        [
            2,
            4
        ],
        [
            11
        ],
        [
            1
        ],
        [
            3
        ],
        [
            1,
            10
        ],
        [
            0,
            6
        ],
        [
            1,
            11
        ],
        [
            1,
            2
        ],
        [
            1,
            8
        ],
        [
            4,
            7
        ],
        [
            2,
            11
        ],
        [
            8
        ],
        [
            0,
            3
        ],
        [
            7,
            8
        ],
        [
            3,
            11
        ],
        [
            5,
            11
        ],
        [
            4,
            8
        ],
        [
            4,
            6
        ]
    ],
    "c": [
        10.833058668260733,
        2.513709859523386,
        0.33864722457536955,
        10.452503354117514,
        1.3137427769456618,
        1.5859713539563498,
        2.6282931742134297,
        2.2636565526582864,
        9.23259981638238,
        9.5706049035203,
        10.499014471250751,
        -0.05687195541388457,
        -0.6942208567422055,
        1.653121634903138,
        1.3930050422033908,
        0.8995032951782632,
        1.03237186753142,
        1.5957894342359766,
        -1.2356992236781403,
        1.6676240592896114,
        2.0025354224966967,
        9.778849701886566,
        2.0709783233125654,
        0.9831523608030293,
        9.711766548072774,
        9.651958376119383,
        9.941286203098443,
        10.815311554875224,
        1.2994413441624835,
        0.47768553573025474,
        1.7485307751836972,
        1.0745322848289216,
        9.632139826777937,
        -0.05899926336536021,
        2.408304966614555,
        11.155334711890605,
        -0.7150048299500054,
        11.538575580371727,
        10.059048977854502,
        1.187129568561536,
        10.753936916835526,
        12.527522088141332,
        9.235243702581666,
        1.597096017571829,
        7.689117289283748,
        8.567637508639859
    ],
    "label": {
        "x": [
            0.0,
            0.0,
            1.0,
            1.0,
            1.0,
            0.0,
            0.0,
            0.0,
            0.0,
            1.0,
            1.0,
            0.0
        ],
        "z": [
            -1.0,
            -1.0,
            1.0,
            1.0,
            1.0,
            -1.0,
            -1.0,
            -1.0,
            -1.0,
            1.0,
            1.0,
            -1.0
        ],
        "obj_val": -124.71495572645978
    }
}