{
    "J": [
        [
            0,
            10
        ],
        [
            5,
            11
        ],
        [
            1,
            6
        ],
        [
            0,
            4
        ],
        [
            7,
            10
        ],
        [
            5,
            9
        ],
        [
            0,
            11
        ],
        [
            2,
            7
        ],
        [
            7,
            11
        ],
        [
            0,
            8
        ],
        [
            3,
            7
        ],
        [
            10
        ],
        [
            9
        ],
        [
            8,
            10
        ],
        [
            5
        ],
        [
            2,
            4
        ],
        [
            8,
            11
        ],
        [
            2,
            9
        ],
        [
            9,
            11
        ],
        [
            4,
            5
        ],
        [
            0,
            5
        ],
        [
            3,
            6
        ],
        [
            1,
            5
        ]
    ],
    "c": [
        8.56311899005133,
        2.265257866530579,
        9.065121386902758,
        9.961148812101017,
        9.674949640735345,
        9.858595658017107,
        9.197982415638075,
        0.6534130212422286,
        9.066472935560013,
        7.595138236642324,
        1.2772176847925092,
        7.057781529691852,
        1.0306629834334862,
        10.083406968176144,
        8.689470524705266,
        10.111770072273268,
        1.0061884635883067,
        1.463962033088941,
        11.027610383340255,
        0.30546973140340783,
        -0.2394511494531233,
        1.3387669217542344,
        2.904432079458026
    ],
    "label": {
        "x": [
            1.0,
            1.0,
            1.0,
            1.0,
            0.0,
            0.0,
            0.0,
            1.0,
            1.0,
            1.0,
            0.0,
            0.0
        ],
        "z": [
            1.0,
            1.0,
            1.0,
            1.0,
            -1.0,
            -1.0,
            -1.0,
            1.0,
            1.0,
            1.0,
            -1.0,
            -1.0
        ],
        "obj_val": -102.7762440754064
    }
}