{
    "J": [
        [
            2,
            8
        ],
        [
            4,
            11
        ],
        [
            3,
            4
        ],
        [
            2,
            4
        ],
        [
            1,
            7
        ],
        [
            2,
            6
        ],
        [
            0,
            4
        ],
        [
            2,
            7
        ],
        [
            0,
            10
        ],
        [
            2,
            11
        ],
        [
            4,
            8
        ],
        [
            7,
            10
        ],
        [
            1,
            11
        ],
        [
            0,
            8
        ],
        [
            1,
            3
        ],
        [
            6,
            11
        ],
        [
            3,
            7
        ],
        [
            0,
            6
        ],
        [
            1,
            9
        ],
        [
            0,
            5
        ],
        [
            3,
            5
        ],
        [
            0
        ],
        [
            6
        ],
        [
            0,
            3
        ],
        [
            6,
            7
        ],
        [
            8,
            11
        ],
        [
            6,
            9
        ],
        [
            1
        ],
        [
            1,
            10
        ],
        [
            4,
            7
        ],
        [
            2,
            10
        ],
        [
            1,
            6
        ],
        [
            5,
            8
        ],
        [
            6,
            10
        ],
        [
            5
        ],
        [
            1,
            2
        ],
        [
            7,
            8
        ],
        [
            5,
            11
        ],
        [
            0,
            7
        ],
        [
            5,
            9
        ],
        [
            6,
            8
        ],
        [
            8
        ],
        [
            1,
            5
        ],
        [
            5,
            7
        ],
        [
            3,
            10
        ],
        [
            7,
            9
        ]
    ],
    "c": [
        0.6641361295143109,
        11.761639060331461,
        11.35249280708286,
        8.569653386161399,
        11.684464991309898,
        10.853133031466063,
        10.649087516671395,
        10.6548684343594,
        -1.329118090558993,
        -0.28044666768722304,
        2.4120766766908948,
        7.313811478481103,
        0.29636295520534905,
        0.019963511852141402,
        0.3234882543793346,
        9.117724436234665,
        0.6352802784134555,
        2.1142506123865767,
        11.051180924631447,
        0.5712408780736945,
        2.5820473985793484,
        -0.6541770666038145,
        1.657369869125716,
        10.359379243545527,
        9.254994850087579,
        9.829853913982866,
        -0.12692439995735083,
        1.418321533463495,
        -0.4655013280719804,
        10.665453616388898,
        10.1169343413554,
        10.346240528818846,
        11.15090412040852,
        0.2642559774369019,
        8.072297954944863,
        1.5064833192718872,
        0.973316004657727,
        1.6852306916280808,
        9.841722431343262,
        0.3414783694630886,
        2.213866841038623,
        -0.3776860760891185,
        0.4809463757332747,
        10.642105963006948,
        9.416329227117718,
        1.998626425644551
    ],
    "label": {
        "x": [
            0.0,
            0.0,
            1.0,
            1.0,
            0.0,
            0.0,
            0.0,
            1.0,
            1.0,
            1.0,
            0.0,
            1.0
        ],
        "z": [
            -1.0,
            -1.0,
            1.0,
            1.0,
            -1.0,
            -1.0,
            -1.0,
            1.0,
            1.0,
            1.0,
            -1.0,
            1.0
        ],
        "obj_val": -138.17045890474867
    }
}