{
    "J": [
        [
            7,
            11
        ],
        [
            2,
            4
        ],
        [
            2,
            10
        ],
        [
            1,
            4
        ],
        [
            2,
            5
        ],
        [
            5,
            7
        ],
        [
            6
        ],
        [
            3,
            7
        ],
        [
            2
        ],
        [
            7,
            8
        ],
        [
            5,
            8
        ],
        [
            0,
            8
        ],
        [
            0,
            1
        ],
        [
            4,
            5
        ],
        [
            4,
            6
        ],
        [
            5,
            9
        ],
        [
            0,
            11
        ],
        [
            1,
            5
        ],
        [
            3
        ],
        [
            5
        ],
        [
            4,
            11
        ],
        [
            4,
            9
        ],
        [
            3,
            11
        ],
        [
            0,
            7
        ],
        [
            8,
            9
        ],
        [
            6,
            7
        ],
        [
            10,
            11
        ],
        [
            2,
            3
        ],
        [
            1,
            6
        ],
        [
            1,
            10
        ],
        [
            9,
            11
        ],
        [
            1,
            2
        ],
        [
            4,
            8
        ],
        [
            0,
            5
        ],
        [
            7
        ],
        [
            0,
            10
        ],
        [
            3,
            8
        ],
        [
            6,
            8
        ],
        [
            1
        ],
        [
            8
        ],
        [
            3,
            9
        ],
        [
            1,
            8
        ],
        [
            6,
            10
        ],
        [
            3,
            5
        ],
        [
            5,
            10
        ],
        [
            3,
            6
        ]
    ],
    "c": [
        0.6403802870564568,
        2.4435857171237565,
        0.8054797163144741,
        10.315968276178562,
        1.7593269500764825,
        1.6215234578518922,
        -1.5167242729271853,
        9.945309703317813,
        10.43376698221019,
        2.38949475727188,
        11.413151848987694,
        10.609841668673106,
        0.40931913482536786,
        10.29042724155384,
        1.4751521824566622,
        -0.20789939737657548,
        11.785774173437755,
        0.27995350061898394,
        3.1171912592608964,
        10.189834293442258,
        11.008537991985603,
        0.7336338554389695,
        10.295870545277447,
        9.051559317253423,
        10.791839615807234,
        11.039588267928407,
        1.102256666750689,
        8.264833077942491,
        11.0698531217095,
        10.145097621789771,
        9.889955475861198,
        10.208642414359765,
        2.3563239174288757,
        10.04819516985046,
        2.292413968807483,
        0.342481033232262,
        8.014911223624004,
        0.8708967171423162,
        10.064723195562847,
        11.50238673416225,
        10.629974817443554,
        1.8419342866171187,
        0.911133307729664,
        0.42831401306174854,
        0.4300763146138701,
        0.9961028766669893
    ],
    "label": {
        "x": [
            1.0,
            0.0,
            0.0,
            1.0,
            1.0,
            0.0,
            1.0,
            0.0,
            0.0,
            1.0,
            1.0,
            0.0
        ],
        "z": [
            1.0,
            -1.0,
            -1.0,
            1.0,
            1.0,
            -1.0,
            1.0,
            -1.0,
            -1.0,
            1.0,
            1.0,
            -1.0
        ],
        "obj_val": -168.845687904118
    }
}