{
    "J": [
        [
            7,
            8
        ],
        [
            0,
            6
        ],
        [
            2,
            5
        ],
        [
            0,
            4
        ],
        [
            0,
            11
        ],
        [
            1,
            11
        ],
        [
            0,
            1
        ],
        [
            8
        ],
        [
            5,
            9
        ],
        [
            1,
            4
        ],
        [
            3
        ],
        [
            2,
            4
        ],
        [
            3,
            9
        ],
        [
            8,
            9
        ],
        [
            6,
            11
        ],
        [
            10,
            11
        ],
        [
            4,
            11
        ],
        [
            11
        ],
        [
            3,
            6
        ],
        [
            0,
            2
        ],
        [
            7,
            9
        ],
        [
            2,
            7
        ],
        [
            1,
            2
        ],
        [
            1,
            9
        ],
        [
            3,
            7
        ],
        [
            2,
            6
        ],
        [
            1,
            5
        ],
        [
            8,
            10
        ],
        [
            7
        ],
        [
            5,
            8
        ],
        [
            2,
            11
        ],
        [
            9
        ],
        [
            6,
            8
        ],
        [
            2,
            9
        ],
        [
            4,
            8
        ],
        [
            1,
            3
        ],
        [
            1,
            6
        ],
        [
            7,
            10
        ],
        [
            5,
            11
        ],
        [
            6,
            7
        ],
        [
            0,
            8
        ],
        [
            3,
            10
        ],
        [
            0,
            10
        ],
        [
            0,
            5
        ],
        [
            6,
            10
        ],
        [
            4,
            5
        ]
    ],
    "c": [
        3.5337667718759094,
        1.576053433577084,
        1.3724663308989304,
        10.180433909407583,
        0.5564408809310434,
        10.376540431452312,
        9.726008733849993,
        2.202255897439946,
        0.6043911087225231,
        9.642077619958918,
        1.5991284647097688,
        10.209394706979603,
        1.167696336055187,
        0.8546876417049853,
        1.5002996682249463,
        9.631191358474647,
        0.6214834230312016,
        0.4670989830821273,
        8.208680018735947,
        1.7762553605730413,
        2.8669656489471755,
        11.167615492115115,
        9.865154805051729,
        2.826484026388753,
        9.468331653669598,
        12.059002838724263,
        0.402222750885176,
        2.3302298662373913,
        1.275043424548995,
        1.625668287114002,
        1.8991429022696327,
        1.373263594890605,
        -1.084560213417233,
        10.229577285872294,
        10.522092414979598,
        1.745600802056358,
        9.972199034202557,
        0.9056367438708658,
        8.560385377363382,
        9.562250188921114,
        -0.2866466845455464,
        8.991731776088827,
        0.5132524917986945,
        1.5147227409445008,
        9.975967079274943,
        0.6634702891439133
    ],
    "label": {
        "x": [
            0.0,
            1.0,
            0.0,
            0.0,
            1.0,
            1.0,
            0.0,
            1.0,
            0.0,
            1.0,
            1.0,
            0.0
        ],
        "z": [
            -1.0,
            1.0,
            -1.0,
            -1.0,
            1.0,
            1.0,
            -1.0,
            1.0,
            -1.0,
            1.0,
            1.0,
            -1.0
        ],
        "obj_val": -121.2227088722222
    }
}