{
    "J": [
        [
            0,
            3
        ],
        [
            5,
            8
        ],
        [
            5,
            10
        ],
        [
            9,
            10
        ],
        [
            3,
            4
        ],
        [
            3,
            11
        ],
        [
            8,
            10
        ],
        [
            4,
            5
        ],
        [
            2,
            11
        ],
        [
            1,
            11
        ],
        [
            2,
            5
        ],
        [
            7,
            11
        ],
        [
            5,
            9
        ],
        [
            0,
            9
        ],
        [
            2,
            7
        ],
        [
            1,
            2
        ],
        [
            3
        ],
        [
            4,
            8
        ],
        [
            2,
            3
        ],
        [
            6
        ],
        [
            0,
            2
        ],
        [
            6,
            10
        ],
        [
            1,
            10
        ],
        [
            9
        ],
        [
            3,
            9
        ],
        [
            4
        ],
        [
            8
        ],
        [
            1
        ],
        [
            7,
            10
        ],
        [
            0,
            10
        ],
        [
            7,
            8
        ],
        [
            4,
            11
        ],
        [
            10
        ],
        [
            3,
            6
        ],
        [
            1,
            9
        ],
        [
            5,
            11
        ],
        [
            3,
            7
        ],
        [
            4,
            10
        ],
        [
            1,
            5
        ],
        [
            3,
            8
        ],
        [
            2,
            4
        ],
        [
            0,
            11
        ],
        [
            4,
            6
        ],
        [
            8,
            11
        ],
        [
            7
        ],
        [
            2,
            10
        ]
    ],
    "c": [
        1.8788530086383013,
        9.884042241051892,
        9.170798704495498,
        1.3046105223468953,
        10.529113557662683,
        11.544805616275035,
        9.691291923633019,
        8.445989857041717,
        1.9899707566211038,
        0.6040931225192752,
        9.65715591520974,
        0.5188263320147368,
        10.917958906696285,
        1.6855668526102137,
        2.201484737573643,
        8.62138869893344,
        10.201315402552178,
        1.4603706198705506,
        -0.9155906714241584,
        9.270102765352435,
        0.10712770325327747,
        0.5632049884701129,
        1.2269246244456327,
        10.205589807473851,
        -0.7920125383168561,
        9.369737575037338,
        8.747839100112873,
        11.338586932820515,
        9.984059422121025,
        7.899581799632335,
        11.548653341297582,
        9.946435648487938,
        2.820202502924773,
        0.9875677971721412,
        0.2680585484485244,
        0.798234651970026,
        9.220638439286528,
        1.7706316085721743,
        -0.019666171582190417,
        0.65017439798209,
        9.819866143116046,
        2.7478773493030353,
        2.8375574546514803,
        2.5931111017898996,
        9.596821509744043,
        11.349124858908448
    ],
    "label": {
        "x": [
            1.0,
            0.0,
            1.0,
            0.0,
            0.0,
            1.0,
            0.0,
            1.0,
            0.0,
            0.0,
            0.0,
            1.0
        ],
        "z": [
            1.0,
            -1.0,
            1.0,
            -1.0,
            -1.0,
            1.0,
            -1.0,
            1.0,
            -1.0,
            -1.0,
            -1.0,
            1.0
        ],
        "obj_val": -138.01809254554104
    }
}