{
    "J": [
        [
            3,
            4
        ],
        [
            6,
            7
        ],
        [
            5,
            6
        ],
        [
            3,
            8
        ],
        [
            5,
            9
        ],
        [
            4,
            7
        ],
        [
            1,
            2
        ],
        [
            5,
            10
        ],
        [
            5,
            11
        ],
        [
            2,
            6
        ],
        [
            8
        ],
        [
            0,
            1
        ],
        [
            9,
            11
        ],
        [
            3,
            9
        ],
        [
            3,
            10
        ],
        [
            0,
            7
        ],
        [
            2,
            8
        ],
        [
            7,
            9
        ],
        [
            3,
            7
        ],
        [
            0,
            5
        ],
        [
            7,
            8
        ],
        [
            10,
            11
        ],
        [
            1,
            9
        ]
    ],
    "c": [
        9.377084527626797,
        0.23632685901383133,
        8.778987956760556,
        9.840541977830746,
        8.102339768812994,
        1.637543037923479,
        -0.7317868635452898,
        1.821351743642973,
        0.9706179280148326,
        0.9009130771861508,
        1.3720182150125055,
        8.750808030351324,
        10.107088920155473,
        0.8762036676195526,
        10.041299305301923,
        0.9356047597023316,
        0.8399887550770505,
        10.513114966714188,
        0.27276540434873153,
        0.6180800648819109,
        9.637001749210137,
        2.8998708879552906,
        0.4951334320576888
    ],
    "label": {
        "x": [
            0.0,
            1.0,
            1.0,
            1.0,
            0.0,
            1.0,
            0.0,
            1.0,
            0.0,
            0.0,
            0.0,
            1.0
        ],
        "z": [
            -1.0,
            1.0,
            1.0,
            1.0,
            -1.0,
            1.0,
            -1.0,
            1.0,
            -1.0,
            -1.0,
            -1.0,
            1.0
        ],
        "obj_val": -97.26970523401864
    }
}