{
    "J": [
        [
            2,
            3
        ],
        [
            6,
            7
        ],
        [
            1,
            9
        ],
        [
            4,
            10
        ],
        [
            2,
            7
        ],
        [
            1,
            3
        ],
        [
            0,
            9
        ],
        [
            1
        ],
        [
            1,
            11
        ],
        [
            0,
            7
        ],
        [
            1,
            6
        ],
        [
            8,
            11
        ],
        [
            7
        ],
        [
            2,
            9
        ],
        [
            5,
            7
        ],
        [
            4
        ],
        [
            5,
            10
        ],
        [
            9,
            11
        ],
        [
            1,
            10
        ],
        [
            10,
            11
        ],
        [
            6,
            8
        ],
        [
            1,
            5
        ],
        [
            2,
            11
        ],
        [
            4,
            6
        ],
        [
            2,
            6
        ],
        [
            9
        ],
        [
            0,
            2
        ],
        [
            7,
            8
        ],
        [
            3,
            9
        ],
        [
            3,
            8
        ],
        [
            7,
            9
        ],
        [
            1,
            4
        ],
        [
            8
        ],
        [
            3,
            7
        ],
        [
            5,
            6
        ],
        [
            6,
            10
        ],
        [
            5,
            11
        ],
        [
            4,
            11
        ],
        [
            3,
            5
        ],
        [
            5,
            9
        ],
        [
            2,
            4
        ],
        [
            3,
            10
        ],
        [
            3,
            6
        ],
        [
            2,
            5
        ],
        [
            6
        ],
        [
            6,
            9
        ]
    ],
    "c": [
        -0.017784431788160582,
        0.49982259849062316,
        0.34367121596897776,
        1.0905914879515801,
        0.7312147498695826,
        9.880830885593449,
        10.213827527022842,
        0.14227194628657924,
        11.606618437785496,
        10.351093552532506,
        8.677513218584203,
        10.294932882622756,
        1.5448085603527564,
        10.004338703712806,
        11.753352570411542,
        0.9399117551205846,
        10.947874316021254,
        10.201985510057172,
        0.28391933547810966,
        0.33426038400823455,
        1.5516862802530325,
        9.183561080086287,
        2.1085866098117494,
        0.5933277656800997,
        9.806869420014829,
        9.979869857226683,
        1.0829033076640004,
        9.15887394566393,
        2.268489473294271,
        1.9355453690787865,
        10.774409544201841,
        1.0553169543051681,
        1.4716805448328123,
        1.4570968774715969,
        9.97842301690173,
        10.288650921493366,
        11.248201321181913,
        0.808535155182105,
        8.637132078320885,
        1.1531727848970414,
        0.3074275160496409,
        0.868748815595867,
        9.121492143074294,
        8.155307712627994,
        10.537405679271362,
        8.653873034029253
    ],
    "label": {
        "x": [
            0.0,
            0.0,
            1.0,
            1.0,
            0.0,
            0.0,
            0.0,
            1.0,
            0.0,
            0.0,
            1.0,
            1.0
        ],
        "z": [
            -1.0,
            -1.0,
            1.0,
            1.0,
            -1.0,
            -1.0,
            -1.0,
            1.0,
            -1.0,
            -1.0,
            1.0,
            1.0
        ],
        "obj_val": -135.14903352819294
    }
}