{
    "J": [
        [
            1,
            4
        ],
        [
            6,
            9
        ],
        [
            4,
            9
        ],
        [
            6,
            11
        ],
        [
            4,
            8
        ],
        [
            0,
            6
        ],
        [
            1,
            9
        ],
        [
            7,
            11
        ],
        [
            9,
            10
        ],
        [
            2,
            11
        ],
        [
            6
        ],
        [
            1,
            6
        ],
        [
            3,
            6
        ],
        [
            2,
            9
        ],
        [
            0,
            2
        ],
        [
            4,
            11
        ],
        [
            2,
            4
        ],
        [
            2,
            7
        ],
        [
            5,
            9
        ],
        [
            3,
            5
        ],
        [
            1,
            10
        ],
        [
            6,
            8
        ],
        [
            5
        ],
        [
            2,
            6
        ],
        [
            0,
            8
        ],
        [
            3,
            7
        ],
        [
            0,
            10
        ],
        [
            7,
            9
        ],
        [
            10
        ],
        [
            4,
            10
        ],
        [
            3,
            8
        ],
        [
            2,
            3
        ],
        [
            9
        ],
        [
            1
        ],
        [
            3,
            11
        ],
        [
            1,
            7
        ],
        [
            8,
            11
        ],
        [
            4,
            6
        ],
        [
            0,
            1
        ],
        [
            8
        ],
        [
            5,
            6
        ],
        [
            9,
            11
        ],
        [
            0,
            3
        ],
        [
            2,
            8
        ],
        [
            1,
            11
        ],
        [
            8,
            9
        ]
    ],
    "c": [
        -0.8072971410581951,
        9.313463050610938,
        9.546454193541729,
        1.1624175996169042,
        1.1193774399126637,
        1.052329320071336,
        1.1551168757297294,
        11.46248800596305,
        9.271217261014161,
        9.394785729129199,
        1.9878739435665902,
        9.439308246303904,
        9.646610014594069,
        -0.23873742371165196,
        9.851063881371005,
        12.011419649471776,
        0.9993782353665958,
        10.742908195642066,
        0.21402225531872043,
        1.1302070901682615,
        9.68633243078785,
        10.676767689349026,
        10.939975065053671,
        1.7149853590915585,
        1.3328909069286252,
        9.05682353646011,
        11.364918690309482,
        9.94006925241001,
        8.937505296281525,
        2.3240160772661698,
        11.87458124664143,
        1.1433421229047658,
        8.729883749471776,
        0.7581015537730504,
        7.976165217697666,
        1.7972021751683456,
        9.335853624754597,
        10.940866701949107,
        0.8296687311277577,
        -0.39138532522816694,
        9.87795233495898,
        8.595703614089034,
        10.7564955714186,
        1.8246977881613244,
        2.939875264368088,
        1.656636910654191
    ],
    "label": {
        "x": [
            1.0,
            0.0,
            0.0,
            0.0,
            0.0,
            0.0,
            1.0,
            1.0,
            0.0,
            0.0,
            1.0,
            1.0
        ],
        "z": [
            1.0,
            -1.0,
            -1.0,
            -1.0,
            -1.0,
            -1.0,
            1.0,
            1.0,
            -1.0,
            -1.0,
            1.0,
            1.0
        ],
        "obj_val": -141.90370710959454
    }
}