{
    "J": [
        [
            1,
            2
        ],
        [
            1,
            10
        ],
        [
            1,
            6
        ],
        [
            0,
            9
        ],
        [
            2,
            4
        ],
        [
            1,
            11
        ],
        [
            7,
            8
        ],
        [
            2
        ],
        [
            2,
            11
        ],
        [
            4,
            5
        ],
        [
            5,
            10
        ],
        [
            4,
            9
        ],
        [
            0,
            6
        ],
        [
            6,
            8
        ],
        [
            8,
            10
        ],
        [
            0,
            4
        ],
        [
            7
        ],
        [
            5,
            11
        ],
        [
            5,
            9
        ],
        [
            2,
            9
        ],
        [
            0,
            1
        ],
        [
            6
        ],
        [
            8
        ],
        [
            6,
            11
        ],
        [
            4,
            10
        ],
        [
            11
        ],
        [
            3,
            9
        ],
        [
            6,
            9
        ],
        [
            1,
            4
        ],
        [
            0,
            2
        ],
        [
            5
        ],
        [
            4,
            8
        ],
        [
            4,
            11
        ],
        [
            7,
            9
        ],
        [
            3,
            7
        ],
        [
            4,
            6
        ],
        [
            7,
            11
        ],
        [
            1,
            8
        ],
        [
            8,
            9
        ],
        [
            7,
            10
        ],
        [
            2,
            8
        ],
        [
            0,
            8
        ],
        [
            0,
            10
        ],
        [
            3,
            4
        ],
        [
            0,
            5
        ],
        [
            3,
            5
        ]
    ],
    "c": [
        9.340270958964593,
        2.722700052022546,
        9.899058699387382,
        1.130543807634086,
        1.2914234732252672,
        0.9704565826460828,
        0.8839902031865587,
        9.880210911606753,
        1.0147024435092087,
        8.804336951429393,
        2.2489985159905572,
        10.78454719670092,
        -0.24976569466398701,
        9.431165122148398,
        8.264633831087146,
        8.762164203614507,
        9.550896588668609,
        2.3734092159899776,
        11.002929906477691,
        0.1286720172814073,
        1.1768294341660732,
        9.032885898721348,
        8.644438438626366,
        6.909702609542416,
        1.602797695156084,
        9.12971266898103,
        11.317087110298687,
        9.570484776195977,
        1.8688600925484002,
        0.3858348164036486,
        11.129642505719666,
        2.8915298878664766,
        -0.6590605113881882,
        10.022631894049242,
        9.664868160286067,
        9.631208372555623,
        9.298207156244784,
        0.7026014075771174,
        9.52361008592511,
        11.727338491891357,
        10.709580955190138,
        -0.48452491153932487,
        0.11197447363950497,
        10.71776844955065,
        1.8464726131711007,
        12.013437339223342
    ],
    "label": {
        "x": [
            1.0,
            0.0,
            1.0,
            1.0,
            0.0,
            0.0,
            1.0,
            0.0,
            0.0,
            1.0,
            1.0,
            0.0
        ],
        "z": [
            1.0,
            -1.0,
            1.0,
            1.0,
            -1.0,
            -1.0,
            1.0,
            -1.0,
            -1.0,
            1.0,
            1.0,
            -1.0
        ],
        "obj_val": -139.83674669107373
    }
}