{
    "J": [
        [
            8,
            10
        ],
        [
            0,
            11
        ],
        [
            2,
            11
        ],
        [
            6,
            11
        ],
        [
            5,
            6
        ],
        [
            7,
            8
        ],
        [
            5,
            7
        ],
        [
            4,
            6
        ],
        [
            9
        ],
        [
            4,
            10
        ],
        [
            3
        ],
        [
            3,
            4
        ],
        [
            1,
            10
        ],
        [
            3,
            6
        ],
        [
            1,
            8
        ],
        [
            2,
            4
        ],
        [
            2,
            3
        ],
        [
            2,
            8
        ],
        [
            0,
            8
        ],
        [
            10
        ],
        [
            4,
            9
        ],
        [
            0,
            6
        ],
        [
            0,
            10
        ]
    ],
    "c": [
        1.2936037704823924,
        -0.03929114206681117,
        7.364158707275273,
        11.403163883123055,
        1.7820186031632321,
        0.6279173233640587,
        8.913649229948541,
        8.722327378186346,
        8.621355056241779,
        9.221616861961566,
        9.191726968729688,
        0.17826540347381503,
        1.1142483758693686,
        0.9821112451742489,
        0.3772367562628224,
        0.9907739751515087,
        2.283309944067677,
        0.2237735489053122,
        1.6093490394076917,
        9.953786843117946,
        2.6323531971331597,
        0.35893949107953005,
        10.413079785232865
    ],
    "label": {
        "x": [
            1.0,
            1.0,
            0.0,
            0.0,
            1.0,
            1.0,
            0.0,
            0.0,
            1.0,
            0.0,
            0.0,
            1.0
        ],
        "z": [
            1.0,
            1.0,
            -1.0,
            -1.0,
            1.0,
            1.0,
            -1.0,
            -1.0,
            1.0,
            -1.0,
            -1.0,
            1.0
        ],
        "obj_val": -87.7940425595938
    }
}