{
    "J": [
        [
            5,
            9
        ],
        [
            1,
            9
        ],
        [
            4,
            6
        ],
        [
            3,
            7
        ],
        [
            0,
            5
        ],
        [
            0,
            7
        ],
        [
            9,
            10
        ],
        [
            1,
            7
        ],
        [
            1,
            2
        ],
        [
            5,
            11
        ],
        [
            3,
            6
        ],
        [
            0,
            1
        ],
        [
            7
        ],
        [
            0,
            6
        ],
        [
            1
        ],
        [
            3
        ],
        [
            8,
            9
        ],
        [
            7,
            9
        ],
        [
            0,
            2
        ],
        [
            2,
            11
        ],
        [
            0,
            8
        ],
        [
            6,
            11
        ],
        [
            2,
            9
        ]
    ],
    "c": [
        1.174278032927194,
        9.404511049364316,
        10.65209474953969,
        1.7413406390667197,
        9.085808917009569,
        1.3787620950501176,
        9.983183302037816,
        2.488610031792759,
        1.9653104124393297,
        9.41887789200403,
        9.663631870475943,
        10.542712351483466,
        9.930271638457253,
        11.145908717947455,
        9.310438086500415,
        0.6750051477037919,
        9.857669857186739,
        8.305344233217612,
        -0.2626301900146011,
        10.284282043576615,
        -0.381564351049515,
        0.4384276984818525,
        10.197903686957002
    ],
    "label": {
        "x": [
            1.0,
            0.0,
            0.0,
            1.0,
            1.0,
            0.0,
            0.0,
            0.0,
            0.0,
            1.0,
            0.0,
            1.0
        ],
        "z": [
            1.0,
            -1.0,
            -1.0,
            1.0,
            1.0,
            -1.0,
            -1.0,
            -1.0,
            -1.0,
            1.0,
            -1.0,
            1.0
        ],
        "obj_val": -136.74232672828379
    }
}