{
    "J": [
        [
            1,
            3
        ],
        [
            0,
            2
        ],
        [
            4,
            5
        ],
        [
            9
        ],
        [
            7
        ],
        [
            2,
            3
        ],
        [
            8
        ],
        [
            2,
            11
        ],
        [
            2,
            5
        ],
        [
            11
        ],
        [
            2,
            6
        ],
        [
            6,
            9
        ],
        [
            10,
            11
        ],
        [
            5,
            7
        ],
        [
            1,
            9
        ],
        [
            4,
            11
        ],
        [
            10
        ],
        [
            1,
            10
        ],
        [
            5,
            11
        ],
        [
            1
        ],
        [
            4
        ],
        [
            5,
            10
        ],
        [
            2
        ]
    ],
    "c": [
        0.6641361295143109,
        11.761639060331461,
        11.35249280708286,
        8.569653386161399,
        11.684464991309898,
        10.853133031466063,
        10.649087516671395,
        10.6548684343594,
        -1.329118090558993,
        -0.28044666768722304,
        2.4120766766908948,
        7.313811478481103,
        0.29636295520534905,
        0.019963511852141402,
        0.3234882543793346,
        9.117724436234665,
        0.6352802784134555,
        2.1142506123865767,
        11.051180924631447,
        0.5712408780736945,
        2.5820473985793484,
        -0.6541770666038145,
        1.657369869125716
    ],
    "label": {
        "x": [
            1.0,
            1.0,
            0.0,
            1.0,
            0.0,
            0.0,
            1.0,
            0.0,
            0.0,
            0.0,
            0.0,
            1.0
        ],
        "z": [
            1.0,
            1.0,
            -1.0,
            1.0,
            -1.0,
            -1.0,
            1.0,
            -1.0,
            -1.0,
            -1.0,
            -1.0,
            1.0
        ],
        "obj_val": -91.33234780275453
    }
}