{
    "J": [
        [
            0,
            8
        ],
        [
            1,
            10
        ],
        [
            5,
            7
        ],
        [
            6,
            8
        ],
        [
            4,
            11
        ],
        [
            0,
            4
        ],
        [
            1,
            6
        ],
        [
            4,
            5
        ],
        [
            4,
            10
        ],
        [
            7,
            11
        ],
        [
            4,
            9
        ],
        [
            6
        ],
        [
            1,
            3
        ],
        [
            6,
            7
        ],
        [
            3,
            11
        ],
        [
            3,
            8
        ],
        [
            6,
            9
        ],
        [
            5
        ],
        [
            1,
            8
        ],
        [
            1,
            2
        ],
        [
            3,
            10
        ],
        [
            4
        ],
        [
            5,
            9
        ]
    ],
    "c": [
        2.6668171116169237,
        0.572997983403858,
        0.6740316797771485,
        -0.09407662835139097,
        1.7418867831470237,
        10.661701383689643,
        2.150487364269174,
        1.6767704336771811,
        11.26026600271479,
        0.27831292443555977,
        10.429316407474511,
        7.652797117513302,
        0.7204051743288542,
        -0.2959235966603393,
        0.43249936351961227,
        10.679980326140848,
        7.931437668949881,
        2.5050085269785587,
        9.608127040756465,
        10.90462758157909,
        9.28029107093078,
        0.2620744937310936,
        -0.4908760761761257
    ],
    "label": {
        "x": [
            1.0,
            0.0,
            1.0,
            0.0,
            0.0,
            1.0,
            0.0,
            0.0,
            1.0,
            1.0,
            1.0,
            1.0
        ],
        "z": [
            1.0,
            -1.0,
            1.0,
            -1.0,
            -1.0,
            1.0,
            -1.0,
            -1.0,
            1.0,
            1.0,
            1.0,
            1.0
        ],
        "obj_val": -86.69712312873234
    }
}