{
    "J": [
        [
            3,
            11
        ],
        [
            2,
            8
        ],
        [
            4
        ],
        [
            3,
            4
        ],
        [
            6,
            7
        ],
        [
            3,
            9
        ],
        [
            6,
            8
        ],
        [
            2,
            5
        ],
        [
            4,
            6
        ],
        [
            2,
            11
        ],
        [
            2,
            6
        ],
        [
            1,
            11
        ],
        [
            5,
            11
        ],
        [
            4,
            5
        ],
        [
            3
        ],
        [
            4,
            11
        ],
        [
            0,
            7
        ],
        [
            3,
            10
        ],
        [
            1,
            3
        ],
        [
            8,
            9
        ],
        [
            1,
            6
        ],
        [
            8,
            10
        ],
        [
            1,
            10
        ]
    ],
    "c": [
        11.439194859541388,
        1.732101435898897,
        0.11573940594559684,
        10.950879267280364,
        8.634432854139389,
        0.40555013697346465,
        1.1710366415254678,
        10.648229109417535,
        10.889888824442355,
        1.1443010570081789,
        9.344047469149572,
        2.002392335243825,
        -0.3087099628536891,
        11.229893484935472,
        10.331533405467631,
        1.7769475919068713,
        10.470781637935737,
        -0.804570114783077,
        1.9862923398606087,
        -0.7820651355678914,
        1.3882371008702084,
        1.2258710560876964,
        9.036251206168599
    ],
    "label": {
        "x": [
            0.0,
            1.0,
            1.0,
            0.0,
            1.0,
            0.0,
            0.0,
            1.0,
            1.0,
            1.0,
            0.0,
            1.0
        ],
        "z": [
            -1.0,
            1.0,
            1.0,
            -1.0,
            1.0,
            -1.0,
            -1.0,
            1.0,
            1.0,
            1.0,
            -1.0,
            1.0
        ],
        "obj_val": -103.65856285528935
    }
}