{
    "J": [
        [
            0,
            9
        ],
        [
            3,
            7
        ],
        [
            4,
            10
        ],
        [
            5
        ],
        [
            3,
            10
        ],
        [
            1,
            6
        ],
        [
            7,
            8
        ],
        [
            0,
            1
        ],
        [
            0,
            2
        ],
        [
            6,
            11
        ],
        [
            3,
            4
        ],
        [
            6,
            8
        ],
        [
            10
        ],
        [
            3,
            9
        ],
        [
            5,
            9
        ],
        [
            2,
            10
        ],
        [
            3,
            5
        ],
        [
            4,
            11
        ],
        [
            1,
            8
        ],
        [
            2,
            4
        ],
        [
            7,
            10
        ],
        [
            3,
            6
        ],
        [
            4,
            7
        ],
        [
            2,
            9
        ],
        [
            2,
            11
        ],
        [
            8
        ],
        [
            5,
            8
        ],
        [
            8,
            11
        ],
        [
            6
        ],
        [
            8,
            10
        ],
        [
            2,
            5
        ],
        [
            1,
            10
        ],
        [
            4,
            9
        ],
        [
            3,
            8
        ],
        [
            1,
            5
        ],
        [
            5,
            11
        ],
        [
            2,
            3
        ],
        [
            1,
            4
        ],
        [
            7
        ],
        [
            2,
            8
        ],
        [
            3
        ],
        [
            0,
            8
        ],
        [
            4,
            8
        ],
        [
            1,
            11
        ],
        [
            5,
            7
        ],
        [
            1,
            9
        ]
    ],
    "c": [
        8.863507093804118,
        10.84020554221342,
        -0.06013066034257797,
        -0.12020387490635454,
        9.799344714758556,
        0.7307093051421498,
        12.283720612999547,
        10.252432419337334,
        1.640952566675597,
        -1.222094025891305,
        10.248428807054655,
        -0.021736574442375423,
        10.048562040571248,
        10.524374423149535,
        2.2505720874597044,
        11.337166882429907,
        -0.848194953652653,
        3.3605076382567454,
        1.0745925436252057,
        1.4238220469251812,
        1.7752108134200209,
        0.9938138458874222,
        -1.4116980980667795,
        3.0277964941898095,
        10.483563900187427,
        9.550274912311874,
        -0.15993466260481903,
        10.164118652076391,
        11.302415903809305,
        11.401779046484712,
        9.021166713504424,
        0.053946515527877215,
        0.03359343822167393,
        2.3342595124752687,
        1.961431195451675,
        1.2329746432173194,
        10.409767868584021,
        0.9914758651019366,
        1.1441446940489373,
        9.214912573130656,
        10.077805121768844,
        9.078487760442794,
        9.378985390083516,
        9.558152947543498,
        10.527411562660848,
        10.015800403669685
    ],
    "label": {
        "x": [
            1.0,
            0.0,
            1.0,
            0.0,
            1.0,
            0.0,
            0.0,
            1.0,
            0.0,
            1.0,
            0.0,
            1.0
        ],
        "z": [
            1.0,
            -1.0,
            1.0,
            -1.0,
            1.0,
            -1.0,
            -1.0,
            1.0,
            -1.0,
            1.0,
            -1.0,
            1.0
        ],
        "obj_val": -142.79579512250444
    }
}