{
    "J": [
        [
            1,
            6
        ],
        [
            0,
            7
        ],
        [
            4,
            11
        ],
        [
            8,
            10
        ],
        [
            0,
            8
        ],
        [
            2,
            3
        ],
        [
            6,
            9
        ],
        [
            1
        ],
        [
            0,
            1
        ],
        [
            4,
            10
        ],
        [
            1,
            4
        ],
        [
            9,
            11
        ],
        [
            0,
            11
        ],
        [
            1,
            9
        ],
        [
            2,
            10
        ],
        [
            0,
            5
        ],
        [
            3,
            5
        ],
        [
            5,
            7
        ],
        [
            8
        ],
        [
            3,
            8
        ],
        [
            6,
            7
        ],
        [
            0,
            9
        ],
        [
            3,
            9
        ]
    ],
    "c": [
        0.01655012389506738,
        10.343500720211567,
        2.0958723360953875,
        9.686311225911107,
        0.8612474732241191,
        8.682870835181992,
        1.6637894971030465,
        1.130494105081751,
        1.2665368428717996,
        1.254266346077222,
        1.9341156598350144,
        0.5860755089550026,
        1.213132479681491,
        11.115360498188702,
        1.479259227233457,
        8.424835647965782,
        9.553725258677865,
        10.956292876329853,
        9.83762854039496,
        11.017244936074361,
        12.172058473693756,
        1.7099057557185344,
        12.346303178192697
    ],
    "label": {
        "x": [
            0.0,
            1.0,
            0.0,
            1.0,
            0.0,
            0.0,
            0.0,
            1.0,
            0.0,
            0.0,
            1.0,
            1.0
        ],
        "z": [
            -1.0,
            1.0,
            -1.0,
            1.0,
            -1.0,
            -1.0,
            -1.0,
            1.0,
            -1.0,
            -1.0,
            1.0,
            1.0
        ],
        "obj_val": -101.76683258840805
    }
}