{
    "J": [
        [
            7
        ],
        [
            7,
            11
        ],
        [
            8,
            9
        ],
        [
            10,
            11
        ],
        [
            3
        ],
        [
            1
        ],
        [
            4,
            6
        ],
        [
            7,
            9
        ],
        [
            2,
            11
        ],
        [
            4,
            10
        ],
        [
            5,
            9
        ],
        [
            2,
            7
        ],
        [
            1,
            5
        ],
        [
            6,
            7
        ],
        [
            8,
            11
        ],
        [
            1,
            11
        ],
        [
            0,
            6
        ],
        [
            7,
            10
        ],
        [
            6,
            9
        ],
        [
            2,
            8
        ],
        [
            0,
            1
        ],
        [
            5,
            7
        ],
        [
            6,
            8
        ],
        [
            3,
            9
        ],
        [
            0,
            4
        ],
        [
            9,
            11
        ],
        [
            0,
            10
        ],
        [
            4,
            8
        ],
        [
            5,
            10
        ],
        [
            11
        ],
        [
            1,
            2
        ],
        [
            2
        ],
        [
            1,
            10
        ],
        [
            3,
            6
        ],
        [
            4,
            9
        ],
        [
            1,
            7
        ],
        [
            1,
            3
        ],
        [
            9,
            10
        ],
        [
            3,
            7
        ],
        [
            6,
            10
        ],
        [
            4
        ],
        [
            10
        ],
        [
            3,
            11
        ],
        [
            2,
            4
        ],
        [
            3,
            10
        ],
        [
            5,
            8
        ]
    ],
    "c": [
        9.822529431372287,
        8.677043597215707,
        8.931888518617678,
        1.6093743342801787,
        2.1555752184652297,
        -0.015281851912862798,
        12.038618545430818,
        10.703510777219662,
        10.261262634730924,
        -1.4762020259648367,
        0.7401318185728738,
        10.253852637859667,
        9.369215835277933,
        1.311831487098949,
        9.892890897406408,
        2.765520490918342,
        -0.4011406940288904,
        0.8991853026481175,
        8.71591473188737,
        9.366989892155509,
        9.184845638259128,
        9.9347298039479,
        9.505339281486783,
        2.81086558901726,
        1.7326019679617932,
        10.819425172161209,
        9.70732365637344,
        9.935533017036441,
        9.43963993799437,
        0.601427018716334,
        10.827035457072725,
        -0.5474968804217275,
        11.253381340042836,
        -1.1097413080339393,
        -1.0314367865497402,
        9.444400083915102,
        11.44828623249747,
        2.605829618205221,
        10.13873172865542,
        2.304856380227111,
        8.441966909636008,
        1.9903620841850167,
        2.3847984066620826,
        0.7045202850179209,
        1.4572335907253249,
        4.1734770384727495
    ],
    "label": {
        "x": [
            1.0,
            0.0,
            1.0,
            1.0,
            0.0,
            1.0,
            1.0,
            0.0,
            0.0,
            0.0,
            0.0,
            1.0
        ],
        "z": [
            1.0,
            -1.0,
            1.0,
            1.0,
            -1.0,
            1.0,
            1.0,
            -1.0,
            -1.0,
            -1.0,
            -1.0,
            1.0
        ],
        "obj_val": -134.55909835999424
    }
}