{
    "J": [
        [
            1,
            7
        ],
        [
            7,
            11
        ],
        [
            3,
            5
        ],
        [
            4
        ],
        [
            0,
            9
        ],
        [
            7,
            8
        ],
        [
            4,
            7
        ],
        [
            4,
            5
        ],
        [
            0,
            7
        ],
        [
            5,
            11
        ],
        [
            2,
            10
        ],
        [
            0,
            8
        ],
        [
            1,
            5
        ],
        [
            6,
            7
        ],
        [
            2,
            6
        ],
        [
            0,
            4
        ],
        [
            8,
            11
        ],
        [
            4,
            9
        ],
        [
            10
        ],
        [
            1
        ],
        [
            0
        ],
        [
            0,
            2
        ],
        [
            3,
            8
        ]
    ],
    "c": [
        9.561926034131934,
        11.9505100720338,
        0.7188931366206905,
        0.899698998010892,
        2.1368639861856344,
        10.92143149880917,
        7.747438021429179,
        9.888132197085591,
        11.381903638224594,
        8.63729923028798,
        0.689575524793427,
        1.1280077262158619,
        0.44105610190488187,
        9.782170297114249,
        10.489908798494376,
        11.750205184770573,
        10.99163896721809,
        1.8199693567406587,
        10.145174737955326,
        0.6006573956930545,
        9.0741394351721,
        -1.1970063135399287,
        10.651557936940295
    ],
    "label": {
        "x": [
            0.0,
            0.0,
            1.0,
            0.0,
            0.0,
            1.0,
            0.0,
            1.0,
            1.0,
            1.0,
            0.0,
            0.0
        ],
        "z": [
            -1.0,
            -1.0,
            1.0,
            -1.0,
            -1.0,
            1.0,
            -1.0,
            1.0,
            1.0,
            1.0,
            -1.0,
            -1.0
        ],
        "obj_val": -104.86787859513299
    }
}