{
    "J": [
        [
            9,
            10
        ],
        [
            1,
            10
        ],
        [
            2,
            9
        ],
        [
            10,
            11
        ],
        [
            2
        ],
        [
            3,
            6
        ],
        [
            0,
            5
        ],
        [
            7,
            10
        ],
        [
            3,
            9
        ],
        [
            0,
            11
        ],
        [
            0,
            3
        ],
        [
            2,
            3
        ],
        [
            1,
            5
        ],
        [
            11
        ],
        [
            1,
            6
        ],
        [
            7,
            11
        ],
        [
            1,
            11
        ],
        [
            3,
            4
        ],
        [
            2,
            8
        ],
        [
            6,
            10
        ],
        [
            8,
            10
        ],
        [
            7,
            8
        ],
        [
            1,
            4
        ]
    ],
    "c": [
        12.95719795057055,
        11.238079200866748,
        10.03373146611952,
        10.775480495339872,
        1.1967057923735183,
        11.256003674945887,
        1.8537849209397952,
        10.443208471745804,
        1.6653089493902584,
        0.1722658978223992,
        1.4288491721100347,
        -0.5920933143297773,
        9.108521052513591,
        0.9234515597036579,
        1.4179535656775102,
        9.15610426095635,
        1.096082861890884,
        -1.7465357230546013,
        9.823714771524315,
        1.4834201969187277,
        0.8002991077107481,
        11.390104194705943,
        0.5458892037726542
    ],
    "label": {
        "x": [
            1.0,
            1.0,
            0.0,
            0.0,
            0.0,
            0.0,
            1.0,
            0.0,
            1.0,
            1.0,
            0.0,
            1.0
        ],
        "z": [
            1.0,
            1.0,
            -1.0,
            -1.0,
            -1.0,
            -1.0,
            1.0,
            -1.0,
            1.0,
            1.0,
            -1.0,
            1.0
        ],
        "obj_val": -92.99886109130266
    }
}