{
    "J": [
        [
            0,
            1
        ],
        [
            4,
            6
        ],
        [
            2
        ],
        [
            2,
            5
        ],
        [
            6,
            7
        ],
        [
            9,
            10
        ],
        [
            4,
            5
        ],
        [
            4,
            11
        ],
        [
            0,
            8
        ],
        [
            6,
            9
        ],
        [
            7,
            11
        ],
        [
            7
        ],
        [
            2,
            3
        ],
        [
            4
        ],
        [
            8,
            11
        ],
        [
            1,
            11
        ],
        [
            4,
            8
        ],
        [
            1,
            7
        ],
        [
            11
        ],
        [
            6,
            11
        ],
        [
            2,
            9
        ],
        [
            2,
            6
        ],
        [
            9,
            11
        ]
    ],
    "c": [
        10.111460712328245,
        10.768531331874218,
        11.23522685622026,
        0.7155932706159284,
        9.882925417058578,
        10.889962501285796,
        11.7735851372332,
        10.733851262350653,
        9.674123003181666,
        11.925895403719863,
        -0.06202460319902703,
        10.824863388725015,
        9.492866986632473,
        0.9619296273177536,
        1.2875456160807242,
        8.554470105940556,
        0.8318175995434774,
        0.7576888690325015,
        11.17275365747012,
        2.5047501138303216,
        8.834135327220498,
        -0.6355321888776491,
        0.9801060649323503
    ],
    "label": {
        "x": [
            0.0,
            1.0,
            0.0,
            1.0,
            1.0,
            0.0,
            0.0,
            0.0,
            1.0,
            1.0,
            0.0,
            0.0
        ],
        "z": [
            -1.0,
            1.0,
            -1.0,
            1.0,
            1.0,
            -1.0,
            -1.0,
            -1.0,
            1.0,
            1.0,
            -1.0,
            -1.0
        ],
        "obj_val": -124.81760698793875
    }
}