{
    "J": [
        [
            7
        ],
        [
            5,
            8
        ],
        [
            0,
            6
        ],
        [
            0,
            1
        ],
        [
            1,
            3
        ],
        [
            6,
            9
        ],
        [
            10
        ],
        [
            1,
            6
        ],
        [
            4,
            9
        ],
        [
            4
        ],
        [
            2,
            7
        ],
        [
            0,
            8
        ],
        [
            0,
            9
        ],
        [
            5
        ],
        [
            2,
            11
        ],
        [
            6,
            7
        ],
        [
            8,
            10
        ],
        [
            4,
            5
        ],
        [
            3,
            7
        ],
        [
            5,
            11
        ],
        [
            8,
            9
        ],
        [
            1,
            5
        ],
        [
            3,
            5
        ]
    ],
    "c": [
        9.822529431372287,
        8.677043597215707,
        8.931888518617678,
        1.6093743342801787,
        2.1555752184652297,
        -0.015281851912862798,
        12.038618545430818,
        10.703510777219662,
        10.261262634730924,
        -1.4762020259648367,
        0.7401318185728738,
        10.253852637859667,
        9.369215835277933,
        1.311831487098949,
        9.892890897406408,
        2.765520490918342,
        -0.4011406940288904,
        0.8991853026481175,
        8.71591473188737,
        9.366989892155509,
        9.184845638259128,
        9.9347298039479,
        9.505339281486783
    ],
    "label": {
        "x": [
            1.0,
            1.0,
            0.0,
            1.0,
            1.0,
            0.0,
            0.0,
            0.0,
            1.0,
            0.0,
            0.0,
            1.0
        ],
        "z": [
            1.0,
            1.0,
            -1.0,
            1.0,
            1.0,
            -1.0,
            -1.0,
            -1.0,
            1.0,
            -1.0,
            -1.0,
            1.0
        ],
        "obj_val": -112.18168505850767
    }
}