{
    "J": [
        [
            0,
            6
        ],
        [
            2,
            5
        ],
        [
            0,
            9
        ],
        [
            0,
            8
        ],
        [
            3,
            6
        ],
        [
            11
        ],
        [
            4,
            5
        ],
        [
            6,
            10
        ],
        [
            2
        ],
        [
            1,
            4
        ],
        [
            10,
            11
        ],
        [
            2,
            4
        ],
        [
            1,
            9
        ],
        [
            1,
            7
        ],
        [
            3,
            7
        ],
        [
            1,
            11
        ],
        [
            6,
            9
        ],
        [
            2,
            10
        ],
        [
            1,
            5
        ],
        [
            4,
            11
        ],
        [
            10
        ],
        [
            3,
            9
        ],
        [
            2,
            3
        ],
        [
            4
        ],
        [
            0,
            10
        ],
        [
            0,
            1
        ],
        [
            1,
            2
        ],
        [
            7,
            11
        ],
        [
            9,
            11
        ],
        [
            2,
            9
        ],
        [
            6,
            8
        ],
        [
            5,
            11
        ],
        [
            4,
            7
        ],
        [
            6
        ],
        [
            7,
            9
        ],
        [
            5,
            9
        ],
        [
            3,
            11
        ],
        [
            7,
            10
        ],
        [
            9
        ],
        [
            0,
            2
        ],
        [
            4,
            10
        ],
        [
            1,
            3
        ],
        [
            3,
            5
        ],
        [
            5,
            7
        ],
        [
            8
        ],
        [
            5,
            8
        ]
    ],
    "c": [
        2.7919946950816823,
        2.8801303095170776,
        10.254865134842467,
        1.1929936067802955,
        1.5082004631873718,
        1.556820915251362,
        1.3274706336849786,
        0.7217044967870423,
        1.1546207965625017,
        10.369135940487343,
        8.878459623382012,
        0.6603722577459834,
        9.394992298524507,
        10.233107912330494,
        8.545095964817214,
        10.46259351719842,
        10.582279302130331,
        10.047892262562653,
        10.740523707655148,
        2.589686129773086,
        9.894841200590031,
        1.2482475777421795,
        11.040566063972104,
        -0.36677964714195843,
        10.028109446853506,
        9.670508647013927,
        10.801015863544478,
        1.2739165155004704,
        9.82258970105768,
        1.5095864880382521,
        1.1067107426944187,
        0.14177196182266782,
        9.860346504186918,
        0.7331781384155969,
        1.1501038919791693,
        9.427374268422325,
        -0.1189748291487216,
        8.637365277399212,
        10.942319461429575,
        10.126399834731153,
        -1.210274990973426,
        2.501806691019863,
        10.109030097142163,
        9.977312579946581,
        9.995669975066315,
        9.705568573274887
    ],
    "label": {
        "x": [
            1.0,
            0.0,
            1.0,
            0.0,
            0.0,
            1.0,
            1.0,
            1.0,
            0.0,
            0.0,
            0.0,
            1.0
        ],
        "z": [
            1.0,
            -1.0,
            1.0,
            -1.0,
            -1.0,
            1.0,
            1.0,
            1.0,
            -1.0,
            -1.0,
            -1.0,
            1.0
        ],
        "obj_val": -168.02114347562224
    }
}