{
    "J": [
        [
            9,
            11
        ],
        [
            6,
            8
        ],
        [
            1,
            11
        ],
        [
            5
        ],
        [
            7,
            11
        ],
        [
            2,
            9
        ],
        [
            2,
            10
        ],
        [
            7,
            8
        ],
        [
            1,
            5
        ],
        [
            5,
            6
        ],
        [
            3,
            6
        ],
        [
            1,
            8
        ],
        [
            5,
            10
        ],
        [
            4,
            5
        ],
        [
            3,
            5
        ],
        [
            8,
            11
        ],
        [
            6,
            10
        ],
        [
            2,
            11
        ],
        [
            3
        ],
        [
            1,
            9
        ],
        [
            1,
            4
        ],
        [
            5,
            9
        ],
        [
            0,
            4
        ]
    ],
    "c": [
        0.5933277656800997,
        9.806869420014829,
        9.979869857226683,
        1.0829033076640004,
        9.15887394566393,
        2.268489473294271,
        1.9355453690787865,
        10.774409544201841,
        1.0553169543051681,
        1.4716805448328123,
        1.4570968774715969,
        9.97842301690173,
        10.288650921493366,
        11.248201321181913,
        0.808535155182105,
        8.637132078320885,
        1.1531727848970414,
        0.3074275160496409,
        0.868748815595867,
        9.121492143074294,
        8.155307712627994,
        10.537405679271362,
        8.653873034029253
    ],
    "label": {
        "x": [
            0.0,
            0.0,
            0.0,
            1.0,
            1.0,
            0.0,
            0.0,
            0.0,
            1.0,
            1.0,
            1.0,
            1.0
        ],
        "z": [
            -1.0,
            -1.0,
            -1.0,
            1.0,
            1.0,
            -1.0,
            -1.0,
            -1.0,
            1.0,
            1.0,
            1.0,
            1.0
        ],
        "obj_val": -104.09034092058977
    }
}