{
    "J": [
        [
            2,
            11
        ],
        [
            2,
            9
        ],
        [
            1,
            6
        ],
        [
            1,
            4
        ],
        [
            2,
            5
        ],
        [
            3,
            5
        ],
        [
            4,
            8
        ],
        [
            7,
            8
        ],
        [
            3,
            6
        ],
        [
            0,
            10
        ],
        [
            2,
            6
        ],
        [
            4,
            10
        ],
        [
            0,
            6
        ],
        [
            3,
            11
        ],
        [
            11
        ],
        [
            10
        ],
        [
            9,
            10
        ],
        [
            6,
            8
        ],
        [
            8,
            11
        ],
        [
            1
        ],
        [
            3,
            10
        ],
        [
            8,
            9
        ],
        [
            7,
            11
        ],
        [
            0,
            3
        ],
        [
            5
        ],
        [
            8
        ],
        [
            5,
            8
        ],
        [
            4,
            6
        ],
        [
            0,
            9
        ],
        [
            3,
            8
        ],
        [
            9,
            11
        ],
        [
            3,
            9
        ],
        [
            3,
            7
        ],
        [
            4,
            5
        ],
        [
            0,
            11
        ],
        [
            6,
            10
        ],
        [
            0
        ],
        [
            2,
            7
        ],
        [
            2,
            8
        ],
        [
            6,
            7
        ],
        [
            2
        ],
        [
            0,
            7
        ],
        [
            3,
            4
        ],
        [
            0,
            8
        ],
        [
            6,
            11
        ],
        [
            1,
            11
        ]
    ],
    "c": [
        11.916593075437891,
        2.6850349379606335,
        1.2328451034024022,
        9.958722128017477,
        8.88964013355551,
        11.22878243892989,
        10.53082132711922,
        11.184103745458899,
        10.831311827933007,
        1.4092893164875226,
        1.8591442609028954,
        -0.5367552496699592,
        10.3254334862495,
        -0.03176194763040763,
        0.5679717564095697,
        7.827383679439621,
        9.069072551967468,
        9.020118802760724,
        0.6892308066280111,
        4.269465778425073,
        0.8229139579922709,
        0.5864823842374256,
        1.5736503914372415,
        1.2554181493641505,
        -0.24544446560384015,
        2.7662124390647107,
        0.970009013693689,
        -1.447572058020874,
        8.76648103880145,
        8.502054462023416,
        8.806816979652485,
        10.245335963360166,
        2.26893028015553,
        10.773756538140496,
        10.211156679292436,
        10.853105318288954,
        0.8676878125457345,
        1.398587075575945,
        1.624919789907364,
        10.031968054169706,
        10.685399523784119,
        1.0389492383993308,
        10.511312300223109,
        10.473457707004913,
        -0.1545180691026833,
        7.5251020625550975
    ],
    "label": {
        "x": [
            0.0,
            0.0,
            0.0,
            0.0,
            1.0,
            1.0,
            1.0,
            0.0,
            1.0,
            1.0,
            0.0,
            1.0
        ],
        "z": [
            -1.0,
            -1.0,
            -1.0,
            -1.0,
            1.0,
            1.0,
            1.0,
            -1.0,
            1.0,
            1.0,
            -1.0,
            1.0
        ],
        "obj_val": -151.52267358081994
    }
}