{
    "J": [
        [
            0
        ],
        [
            5,
            11
        ],
        [
            6,
            9
        ],
        [
            1,
            11
        ],
        [
            2,
            10
        ],
        [
            9,
            11
        ],
        [
            5,
            7
        ],
        [
            4,
            10
        ],
        [
            2,
            11
        ],
        [
            5,
            6
        ],
        [
            2,
            7
        ],
        [
            7,
            11
        ],
        [
            0,
            1
        ],
        [
            0,
            4
        ],
        [
            1,
            4
        ],
        [
            10
        ],
        [
            6,
            10
        ],
        [
            0,
            6
        ],
        [
            3,
            9
        ],
        [
            2,
            3
        ],
        [
            3,
            11
        ],
        [
            8,
            9
        ],
        [
            5,
            9
        ]
    ],
    "c": [
        -0.3094160728771118,
        2.3472925851529642,
        8.678180663118273,
        0.8861158090764235,
        11.32655436770434,
        1.8290265262007463,
        2.2036431898451947,
        -1.0960123295126714,
        1.2378682080442795,
        1.248582486671267,
        -0.10157321497323157,
        2.952625316511785,
        9.576740199452686,
        1.2856394856808566,
        10.882577454914356,
        2.0926577206526438,
        10.729046072344623,
        1.5526120824835519,
        10.912045294806454,
        1.6259260611397237,
        10.809360214933303,
        10.4312049399045,
        1.776595587773318
    ],
    "label": {
        "x": [
            0.0,
            1.0,
            1.0,
            1.0,
            0.0,
            1.0,
            1.0,
            1.0,
            1.0,
            0.0,
            0.0,
            0.0
        ],
        "z": [
            -1.0,
            1.0,
            1.0,
            1.0,
            -1.0,
            1.0,
            1.0,
            1.0,
            1.0,
            -1.0,
            -1.0,
            -1.0
        ],
        "obj_val": -88.8868282389445
    }
}