{
    "J": [
        [
            3,
            4
        ],
        [
            2,
            3
        ],
        [
            4,
            10
        ],
        [
            0,
            9
        ],
        [
            6,
            11
        ],
        [
            9
        ],
        [
            0,
            3
        ],
        [
            5,
            8
        ],
        [
            5,
            10
        ],
        [
            7,
            9
        ],
        [
            10,
            11
        ],
        [
            3,
            11
        ],
        [
            8,
            10
        ],
        [
            4,
            5
        ],
        [
            2,
            11
        ],
        [
            0,
            5
        ],
        [
            0,
            6
        ],
        [
            4,
            9
        ],
        [
            0,
            10
        ],
        [
            1,
            9
        ],
        [
            10
        ],
        [
            2,
            9
        ],
        [
            0,
            7
        ]
    ],
    "c": [
        0.314027341394575,
        9.386223575826584,
        10.287511014813537,
        10.347451519405531,
        10.585114078235176,
        10.970377438784846,
        -0.6046424056180926,
        0.4544011594146118,
        9.538514259337628,
        0.9626432983787193,
        0.24706857294486628,
        -0.5345532813439415,
        9.23740940374218,
        2.2832975322378224,
        10.02189391694065,
        10.587467797319992,
        9.549819222020544,
        9.895559301534117,
        1.2105979938718632,
        2.119285762224825,
        -0.4866328305217671,
        1.135587538384029,
        10.66394183845503
    ],
    "label": {
        "x": [
            1.0,
            1.0,
            0.0,
            1.0,
            1.0,
            0.0,
            0.0,
            0.0,
            1.0,
            0.0,
            0.0,
            1.0
        ],
        "z": [
            1.0,
            1.0,
            -1.0,
            1.0,
            1.0,
            -1.0,
            -1.0,
            -1.0,
            1.0,
            -1.0,
            -1.0,
            1.0
        ],
        "obj_val": -106.54921054671745
    }
}