{
    "J": [
        [
            6
        ],
        [
            1,
            8
        ],
        [
            10
        ],
        [
            8,
            9
        ],
        [
            3,
            7
        ],
        [
            4,
            10
        ],
        [
            4,
            7
        ],
        [
            5,
            8
        ],
        [
            2,
            6
        ],
        [
            2,
            5
        ],
        [
            5,
            7
        ],
        [
            8,
            10
        ],
        [
            3,
            8
        ],
        [
            1,
            7
        ],
        [
            3,
            11
        ],
        [
            9
        ],
        [
            2,
            4
        ],
        [
            4,
            9
        ],
        [
            5,
            11
        ],
        [
            7,
            9
        ],
        [
            7,
            10
        ],
        [
            4,
            11
        ],
        [
            7,
            8
        ],
        [
            3,
            6
        ],
        [
            0,
            9
        ],
        [
            7
        ],
        [
            0,
            10
        ],
        [
            2,
            10
        ],
        [
            4
        ],
        [
            10,
            11
        ],
        [
            8,
            11
        ],
        [
            3
        ],
        [
            0,
            2
        ],
        [
            1,
            11
        ],
        [
            5,
            6
        ],
        [
            0,
            6
        ],
        [
            3,
            4
        ],
        [
            5
        ],
        [
            5,
            10
        ],
        [
            0,
            11
        ],
        [
            3,
            5
        ],
        [
            0
        ],
        [
            0,
            3
        ],
        [
            5,
            9
        ],
        [
            7,
            11
        ],
        [
            4,
            6
        ]
    ],
    "c": [
        12.442232084499329,
        2.1006752792520156,
        10.716740055011876,
        1.1864108809626344,
        0.7522992254986706,
        2.4933779651507217,
        9.273215159188343,
        11.807167395703225,
        0.764241404692217,
        2.4020767922729913,
        10.062794588557443,
        8.964691014438348,
        10.101797389928958,
        9.939338065396031,
        10.521258428825407,
        2.580189735107934,
        1.2824448034488625,
        1.4968003505093117,
        0.6281463339246312,
        2.2598207598371634,
        2.370786482079123,
        1.9384212222828152,
        9.476440245317127,
        8.42537168652502,
        -0.6154066036525958,
        2.445643858718899,
        10.480546839107811,
        0.6613651713258124,
        0.7184783147636007,
        1.6888808823710324,
        10.644632375237771,
        9.53537111588104,
        -0.9254832994726108,
        1.2907234292727219,
        2.3539076672104144,
        9.398195164228477,
        11.548522840058713,
        11.146420611894943,
        10.86469499121757,
        2.691683713538608,
        0.014290991786951701,
        9.433479566755247,
        9.840448636148798,
        1.8279457025582504,
        2.021038065474964,
        11.726802197653821
    ],
    "label": {
        "x": [
            1.0,
            1.0,
            0.0,
            0.0,
            1.0,
            1.0,
            0.0,
            0.0,
            1.0,
            0.0,
            0.0,
            0.0
        ],
        "z": [
            1.0,
            1.0,
            -1.0,
            -1.0,
            1.0,
            1.0,
            -1.0,
            -1.0,
            1.0,
            -1.0,
            -1.0,
            -1.0
        ],
        "obj_val": -123.43635303049348
    }
}