{
    "J": [
        [
            5,
            7
        ],
        [
            3,
            9
        ],
        [
            4,
            8
        ],
        [
            3,
            6
        ],
        [
            8
        ],
        [
            0
        ],
        [
            6
        ],
        [
            2,
            10
        ],
        [
            4,
            5
        ],
        [
            0,
            4
        ],
        [
            1,
            6
        ],
        [
            3,
            4
        ],
        [
            1,
            7
        ],
        [
            6,
            7
        ],
        [
            0,
            5
        ],
        [
            3,
            10
        ],
        [
            7,
            9
        ],
        [
            10
        ],
        [
            2,
            5
        ],
        [
            0,
            7
        ],
        [
            2,
            9
        ],
        [
            3,
            11
        ],
        [
            6,
            9
        ]
    ],
    "c": [
        10.991916064896728,
        11.809340681582967,
        11.047891630574483,
        9.754070687957679,
        1.9437917924814339,
        1.5836979056084168,
        1.4097323585785773,
        12.745168545762583,
        2.441944689784881,
        9.130221946001116,
        1.0626044920320818,
        9.937935996446322,
        10.20163083881096,
        10.777478407578153,
        9.736809759445519,
        0.9748735125218263,
        1.096253187056113,
        1.3277174808769745,
        0.4383055476220601,
        9.899557546711131,
        10.515766702720331,
        1.3549784318235598,
        11.238815585730567
    ],
    "label": {
        "x": [
            0.0,
            0.0,
            0.0,
            0.0,
            1.0,
            0.0,
            0.0,
            1.0,
            0.0,
            1.0,
            1.0,
            1.0
        ],
        "z": [
            -1.0,
            -1.0,
            -1.0,
            -1.0,
            1.0,
            -1.0,
            -1.0,
            1.0,
            -1.0,
            1.0,
            1.0,
            1.0
        ],
        "obj_val": -104.58898148262358
    }
}