{
    "J": [
        [
            2,
            7
        ],
        [
            11
        ],
        [
            1,
            7
        ],
        [
            2,
            6
        ],
        [
            5,
            7
        ],
        [
            3,
            9
        ],
        [
            4,
            8
        ],
        [
            3,
            6
        ],
        [
            8
        ],
        [
            0
        ],
        [
            6
        ],
        [
            2,
            10
        ],
        [
            4,
            5
        ],
        [
            0,
            4
        ],
        [
            1,
            6
        ],
        [
            6,
            10
        ],
        [
            0,
            10
        ],
        [
            0,
            3
        ],
        [
            1,
            10
        ],
        [
            2,
            8
        ],
        [
            2,
            4
        ],
        [
            7,
            9
        ],
        [
            3,
            10
        ],
        [
            6,
            9
        ],
        [
            10
        ],
        [
            2,
            5
        ],
        [
            0,
            7
        ],
        [
            2,
            9
        ],
        [
            3,
            11
        ],
        [
            9,
            10
        ],
        [
            9,
            11
        ],
        [
            4,
            10
        ],
        [
            0,
            8
        ],
        [
            0,
            6
        ],
        [
            5,
            11
        ],
        [
            1,
            9
        ],
        [
            4,
            6
        ],
        [
            4
        ],
        [
            0,
            11
        ],
        [
            8,
            9
        ],
        [
            2,
            11
        ],
        [
            4,
            9
        ],
        [
            4,
            7
        ],
        [
            5,
            6
        ],
        [
            5,
            10
        ],
        [
            1
        ]
    ],
    "c": [
        1.923891792156144,
        9.71590693286175,
        1.2902434598237396,
        9.037410644506158,
        10.889646177500572,
        1.360282811398242,
        9.640388929667893,
        11.325739355320385,
        7.743055664141206,
        11.308832195678741,
        1.0857686849335584,
        9.943501702062223,
        1.5299763251551601,
        1.5460833050356748,
        1.4483750232647168,
        10.265166749990579,
        9.947818387491132,
        10.201416824759125,
        0.977748864565135,
        10.324585429690767,
        0.5428318064703718,
        8.586800998837191,
        10.70188702585687,
        0.29221181758410686,
        2.682228269423254,
        -1.8265043908907188,
        12.160617132582829,
        3.019628067722426,
        9.907309556699328,
        1.3973110779903453,
        2.0232219122933897,
        8.477559938885287,
        2.7006226934318587,
        1.360275071035164,
        8.163309918765808,
        -0.06963290111863274,
        -0.9246631191314956,
        2.108513197587185,
        3.891795555993543,
        9.876688413260245,
        10.417664936871514,
        2.126791302554638,
        -0.03297398252086259,
        10.355557290538446,
        11.112033857539632,
        2.838559134009756
    ],
    "label": {
        "x": [
            1.0,
            1.0,
            1.0,
            1.0,
            1.0,
            1.0,
            0.0,
            0.0,
            0.0,
            1.0,
            0.0,
            0.0
        ],
        "z": [
            1.0,
            1.0,
            1.0,
            1.0,
            1.0,
            1.0,
            -1.0,
            -1.0,
            -1.0,
            1.0,
            -1.0,
            -1.0
        ],
        "obj_val": -163.49159498556915
    }
}