{
    "J": [
        [
            7
        ],
        [
            0,
            11
        ],
        [
            4,
            11
        ],
        [
            3,
            11
        ],
        [
            1
        ],
        [
            2,
            8
        ],
        [
            3,
            6
        ],
        [
            8,
            9
        ],
        [
            4,
            8
        ],
        [
            6,
            7
        ],
        [
            5,
            9
        ],
        [
            5
        ],
        [
            2
        ],
        [
            5,
            6
        ],
        [
            3,
            5
        ],
        [
            0,
            7
        ],
        [
            3
        ],
        [
            10
        ],
        [
            2,
            3
        ],
        [
            4,
            6
        ],
        [
            1,
            7
        ],
        [
            8,
            11
        ],
        [
            0
        ],
        [
            4,
            5
        ],
        [
            1,
            8
        ],
        [
            1,
            10
        ],
        [
            9,
            10
        ],
        [
            2,
            5
        ],
        [
            0,
            10
        ],
        [
            11
        ],
        [
            7,
            8
        ],
        [
            2,
            10
        ],
        [
            6
        ],
        [
            5,
            11
        ],
        [
            0,
            1
        ],
        [
            5,
            10
        ],
        [
            2,
            11
        ],
        [
            6,
            9
        ],
        [
            4,
            7
        ],
        [
            1,
            3
        ],
        [
            9
        ],
        [
            2,
            7
        ],
        [
            0,
            4
        ],
        [
            7,
            11
        ],
        [
            3,
            9
        ],
        [
            3,
            10
        ]
    ],
    "c": [
        1.7948771781427113,
        7.785519686477182,
        2.0812223903671185,
        10.02711366967842,
        7.581053638017638,
        2.5053483115183295,
        -1.0207015437154001,
        1.6261778252296333,
        0.5760802186661318,
        -0.18296819239833284,
        9.147202856295928,
        0.08736737063679267,
        0.44292328672071934,
        11.298198259525723,
        -0.5908507297937478,
        1.5449040536068326,
        2.027359833357841,
        11.022324270190872,
        12.257054574289123,
        9.096197233765194,
        8.86635257711698,
        0.2415899875362224,
        -0.17857041502206972,
        1.8571691441080809,
        9.88655309095383,
        0.9180366090257672,
        0.7653446250912788,
        1.1949800161188042,
        9.01656377286851,
        9.599586137585831,
        11.06547522713563,
        -0.34323845661375096,
        1.3715975104853035,
        -0.937808158909623,
        -0.1525117904017239,
        1.0312455595433383,
        2.159737024700131,
        0.4572129246455269,
        8.191646038002116,
        0.8606538630482643,
        0.2142660087899062,
        0.9116101699224599,
        10.052391085427175,
        10.149223416170138,
        9.494982934448462,
        0.5877761188070102
    ],
    "label": {
        "x": [
            1.0,
            0.0,
            0.0,
            1.0,
            0.0,
            1.0,
            0.0,
            1.0,
            1.0,
            0.0,
            0.0,
            0.0
        ],
        "z": [
            1.0,
            -1.0,
            -1.0,
            1.0,
            -1.0,
            1.0,
            -1.0,
            1.0,
            1.0,
            -1.0,
            -1.0,
            -1.0
        ],
        "obj_val": -124.6181194730718
    }
}