{
    "J": [
        [
            5,
            9
        ],
        [
            2,
            6
        ],
        [
            2,
            5
        ],
        [
            6,
            11
        ],
        [
            0,
            2
        ],
        [
            7,
            11
        ],
        [
            2,
            7
        ],
        [
            3,
            10
        ],
        [
            3,
            5
        ],
        [
            2,
            8
        ],
        [
            0,
            5
        ],
        [
            4,
            10
        ],
        [
            1,
            2
        ],
        [
            6,
            10
        ],
        [
            2,
            9
        ],
        [
            0,
            4
        ],
        [
            1,
            10
        ],
        [
            4,
            6
        ],
        [
            7,
            9
        ],
        [
            5,
            8
        ],
        [
            0,
            10
        ],
        [
            1,
            8
        ],
        [
            6,
            7
        ],
        [
            4
        ],
        [
            0,
            11
        ],
        [
            4,
            9
        ],
        [
            1,
            9
        ],
        [
            4,
            8
        ],
        [
            10
        ],
        [
            7,
            10
        ],
        [
            8
        ],
        [
            4,
            5
        ],
        [
            8,
            9
        ],
        [
            4,
            7
        ],
        [
            0,
            3
        ],
        [
            2,
            11
        ],
        [
            1,
            5
        ],
        [
            7,
            8
        ],
        [
            8,
            10
        ],
        [
            9,
            10
        ],
        [
            3,
            6
        ],
        [
            9
        ],
        [
            1,
            11
        ],
        [
            7
        ],
        [
            3
        ],
        [
            2,
            4
        ]
    ],
    "c": [
        10.950413817101037,
        8.604470918422308,
        9.951838198221324,
        0.45046483642780055,
        11.119771247594484,
        9.883182449732992,
        -0.4141743180943718,
        9.343053066682003,
        10.32248959931408,
        10.39775999718237,
        0.5987278089480269,
        0.5992835884525259,
        10.12775219837808,
        2.326679785380443,
        -1.0791993525727266,
        9.476017068627163,
        10.129268260915566,
        8.877582714167305,
        1.0093647469060059,
        -0.17338714359632568,
        10.46565311964985,
        10.33448423602104,
        9.50110032936236,
        0.048044356575529745,
        0.03232204746374223,
        8.963738406788098,
        0.16668725566149456,
        9.754961817622922,
        10.126110358644762,
        10.059955130111549,
        11.06642908881572,
        10.940999944839822,
        -0.041079875078056105,
        1.5330047066802144,
        9.527910930796196,
        0.8407795479903826,
        -0.37073386615353865,
        0.006166149745846505,
        0.4074820103993637,
        9.309928487845616,
        0.646780368486163,
        10.782850370009115,
        1.752736821348722,
        0.3526986334880874,
        9.847100164913742,
        1.3006376993839879
    ],
    "label": {
        "x": [
            0.0,
            1.0,
            1.0,
            1.0,
            1.0,
            0.0,
            0.0,
            1.0,
            0.0,
            1.0,
            0.0,
            0.0
        ],
        "z": [
            -1.0,
            1.0,
            1.0,
            1.0,
            1.0,
            -1.0,
            -1.0,
            1.0,
            -1.0,
            1.0,
            -1.0,
            -1.0
        ],
        "obj_val": -146.36521306402256
    }
}