{
    "J": [
        [
            0,
            3
        ],
        [
            2,
            3
        ],
        [
            5,
            11
        ],
        [
            1,
            6
        ],
        [
            3
        ],
        [
            2,
            9
        ],
        [
            2,
            5
        ],
        [
            8
        ],
        [
            3,
            4
        ],
        [
            4,
            8
        ],
        [
            8,
            10
        ],
        [
            2,
            7
        ],
        [
            3,
            5
        ],
        [
            11
        ],
        [
            1,
            4
        ],
        [
            3,
            10
        ],
        [
            1,
            3
        ],
        [
            2,
            4
        ],
        [
            7,
            11
        ],
        [
            0,
            9
        ],
        [
            7,
            10
        ],
        [
            9
        ],
        [
            1,
            7
        ]
    ],
    "c": [
        1.811856636800794,
        10.279726403529873,
        1.927094076614864,
        1.4182844078982537,
        10.277885595773277,
        11.35483288184999,
        10.174738755621219,
        1.4830893794962676,
        1.5327082044310851,
        1.6588758620943598,
        1.2905773668719829,
        0.5987462136166521,
        -0.013600974100634655,
        9.968504662718232,
        9.183845363078825,
        8.79453652522111,
        10.248450750606015,
        0.009793505373395184,
        11.54292520377426,
        0.7212381326687423,
        9.050098679861778,
        9.605113085758315,
        11.140021295789332
    ],
    "label": {
        "x": [
            1.0,
            1.0,
            1.0,
            0.0,
            0.0,
            0.0,
            0.0,
            0.0,
            0.0,
            0.0,
            1.0,
            1.0
        ],
        "z": [
            1.0,
            1.0,
            1.0,
            -1.0,
            -1.0,
            -1.0,
            -1.0,
            -1.0,
            -1.0,
            -1.0,
            1.0,
            1.0
        ],
        "obj_val": -107.76636650506191
    }
}