{
    "J": [
        [
            4,
            8
        ],
        [
            8,
            11
        ],
        [
            9,
            11
        ],
        [
            0,
            6
        ],
        [
            7,
            8
        ],
        [
            8
        ],
        [
            0,
            11
        ],
        [
            2,
            10
        ],
        [
            1,
            7
        ],
        [
            3
        ],
        [
            6,
            11
        ],
        [
            2,
            7
        ],
        [
            0,
            4
        ],
        [
            2,
            5
        ],
        [
            1,
            9
        ],
        [
            5
        ],
        [
            1,
            3
        ],
        [
            10,
            11
        ],
        [
            4,
            5
        ],
        [
            3,
            7
        ],
        [
            2,
            8
        ],
        [
            2
        ],
        [
            0,
            9
        ],
        [
            6,
            7
        ],
        [
            1,
            2
        ],
        [
            6,
            8
        ],
        [
            3,
            9
        ],
        [
            3,
            6
        ],
        [
            1,
            8
        ],
        [
            0,
            2
        ],
        [
            6,
            10
        ],
        [
            0,
            3
        ],
        [
            0,
            10
        ],
        [
            5,
            8
        ],
        [
            7,
            10
        ],
        [
            11
        ],
        [
            8,
            9
        ],
        [
            3,
            4
        ],
        [
            1
        ],
        [
            0,
            8
        ],
        [
            10
        ],
        [
            5,
            10
        ],
        [
            0,
            1
        ],
        [
            4
        ],
        [
            1,
            6
        ],
        [
            0
        ]
    ],
    "c": [
        9.666637763783744,
        9.555821320255038,
        -0.3055890527885812,
        9.691548642298319,
        9.92322790432622,
        8.426730462258842,
        10.296455450856014,
        10.839799584902968,
        0.709115493315799,
        10.017642924303164,
        7.5724158213369375,
        2.783160806786828,
        1.0466866103875443,
        11.171466006823431,
        10.446459538095755,
        8.902291973345596,
        9.574126227971549,
        8.740221394276853,
        0.21557458983779854,
        0.7701680131430212,
        1.2123622859575185,
        -0.17471711015179614,
        9.472992459069689,
        10.971741708864347,
        11.445914876653907,
        2.0616476315144014,
        9.241102304584253,
        1.7906998834278967,
        11.024706040312873,
        8.839822181381477,
        10.174696976251733,
        8.026988448399331,
        1.5878357832221823,
        12.127390926320343,
        9.741209607183766,
        10.414080886431256,
        9.139317744696775,
        9.694225964461394,
        2.3193739112916063,
        1.2440203052995444,
        1.2302566103531456,
        9.433984460495806,
        1.3964519187630833,
        1.7894368787589015,
        10.08553417007345,
        -0.02695742908678156
    ],
    "label": {
        "x": [
            0.0,
            0.0,
            1.0,
            1.0,
            0.0,
            0.0,
            1.0,
            0.0,
            1.0,
            1.0,
            1.0,
            0.0
        ],
        "z": [
            -1.0,
            -1.0,
            1.0,
            1.0,
            -1.0,
            -1.0,
            1.0,
            -1.0,
            1.0,
            1.0,
            1.0,
            -1.0
        ],
        "obj_val": -149.06043417752875
    }
}