{
    "J": [
        [
            1,
            9
        ],
        [
            7,
            8
        ],
        [
            7,
            11
        ],
        [
            1,
            11
        ],
        [
            1,
            8
        ],
        [
            10
        ],
        [
            0,
            6
        ],
        [
            6,
            9
        ],
        [
            7
        ],
        [
            6
        ],
        [
            8,
            9
        ],
        [
            5,
            9
        ],
        [
            4,
            7
        ],
        [
            9,
            10
        ],
        [
            6,
            11
        ],
        [
            0,
            10
        ],
        [
            6,
            10
        ],
        [
            2,
            5
        ],
        [
            0,
            1
        ],
        [
            4,
            5
        ],
        [
            8,
            11
        ],
        [
            4
        ],
        [
            2,
            8
        ]
    ],
    "c": [
        1.7813939756879278,
        1.987582624822323,
        10.460181701612075,
        1.3855674484752474,
        11.270989085167729,
        9.348865085740082,
        1.3149106637107675,
        11.7229099046865,
        9.62548401351577,
        9.628149985034655,
        10.890773662632592,
        8.758552105147684,
        1.6260953966117702,
        1.2242063883596561,
        -0.9961784150251298,
        11.475760863102659,
        0.13006727423648978,
        1.2111302113327387,
        9.045585607818568,
        0.4708769425387188,
        -0.4960582391884967,
        1.3982890421770988,
        3.3011083761654842
    ],
    "label": {
        "x": [
            1.0,
            0.0,
            0.0,
            0.0,
            1.0,
            0.0,
            0.0,
            0.0,
            1.0,
            1.0,
            0.0,
            1.0
        ],
        "z": [
            1.0,
            -1.0,
            -1.0,
            -1.0,
            1.0,
            -1.0,
            -1.0,
            -1.0,
            1.0,
            1.0,
            -1.0,
            1.0
        ],
        "obj_val": -90.29783980198212
    }
}