{
    "J": [
        [
            4,
            10
        ],
        [
            1,
            2
        ],
        [
            10,
            11
        ],
        [
            2,
            9
        ],
        [
            1,
            9
        ],
        [
            6,
            7
        ],
        [
            3,
            5
        ],
        [
            5,
            8
        ],
        [
            9
        ],
        [
            3,
            7
        ],
        [
            7,
            9
        ],
        [
            5,
            9
        ],
        [
            3,
            6
        ],
        [
            0,
            10
        ],
        [
            0,
            5
        ],
        [
            0,
            11
        ],
        [
            3,
            10
        ],
        [
            2,
            7
        ],
        [
            5,
            7
        ],
        [
            4
        ],
        [
            0,
            3
        ],
        [
            2,
            11
        ],
        [
            1,
            5
        ]
    ],
    "c": [
        10.950413817101037,
        8.604470918422308,
        9.951838198221324,
        0.45046483642780055,
        11.119771247594484,
        9.883182449732992,
        -0.4141743180943718,
        9.343053066682003,
        10.32248959931408,
        10.39775999718237,
        0.5987278089480269,
        0.5992835884525259,
        10.12775219837808,
        2.326679785380443,
        -1.0791993525727266,
        9.476017068627163,
        10.129268260915566,
        8.877582714167305,
        1.0093647469060059,
        -0.17338714359632568,
        10.46565311964985,
        10.33448423602104,
        9.50110032936236
    ],
    "label": {
        "x": [
            0.0,
            1.0,
            0.0,
            1.0,
            1.0,
            0.0,
            0.0,
            1.0,
            1.0,
            0.0,
            0.0,
            1.0
        ],
        "z": [
            -1.0,
            1.0,
            -1.0,
            1.0,
            1.0,
            -1.0,
            -1.0,
            1.0,
            1.0,
            -1.0,
            -1.0,
            1.0
        ],
        "obj_val": -127.75939375067517
    }
}