{
    "J": [
        [
            6,
            9
        ],
        [
            5,
            8
        ],
        [
            7
        ],
        [
            9,
            10
        ],
        [
            8,
            10
        ],
        [
            0,
            7
        ],
        [
            7,
            11
        ],
        [
            4,
            11
        ],
        [
            1
        ],
        [
            4,
            6
        ],
        [
            1,
            6
        ],
        [
            5,
            7
        ],
        [
            6,
            8
        ],
        [
            2,
            6
        ],
        [
            0,
            9
        ],
        [
            2,
            5
        ],
        [
            0,
            10
        ],
        [
            0,
            11
        ],
        [
            2,
            7
        ],
        [
            2,
            3
        ],
        [
            0,
            6
        ],
        [
            6,
            11
        ],
        [
            0,
            8
        ],
        [
            1,
            11
        ],
        [
            0
        ],
        [
            8
        ],
        [
            4,
            8
        ],
        [
            1,
            10
        ],
        [
            4,
            10
        ],
        [
            7,
            10
        ],
        [
            1,
            5
        ],
        [
            6
        ],
        [
            1,
            2
        ],
        [
            3,
            4
        ],
        [
            5,
            10
        ],
        [
            6,
            7
        ],
        [
            4,
            5
        ],
        [
            8,
            9
        ],
        [
            1,
            8
        ],
        [
            5,
            11
        ],
        [
            1,
            9
        ],
        [
            2,
            9
        ],
        [
            5,
            9
        ],
        [
            3,
            8
        ],
        [
            0,
            3
        ],
        [
            10
        ]
    ],
    "c": [
        0.28720609238540773,
        0.1758266233158856,
        1.1694117070135948,
        1.8306821771427926,
        1.6626886403856416,
        11.212213171381284,
        0.17407764136324932,
        10.123085462768397,
        0.2388603714255404,
        0.7550399224609474,
        1.8576133232817407,
        1.0349911617755247,
        10.579186983088638,
        1.640709520451158,
        0.5730510583560571,
        1.3107737790620084,
        2.1655379666673675,
        10.057031230043771,
        0.9266567704613511,
        2.158997140728639,
        8.766566830653078,
        1.9687307692107439,
        11.90617372243566,
        11.689673970439173,
        1.548391158249264,
        2.098016745794662,
        9.915351262582469,
        10.303797881313272,
        10.35927754616398,
        0.5366854476295542,
        -2.8451952913526837,
        9.87114763285431,
        1.291214319101696,
        2.8344353285442505,
        2.376199596045476,
        1.6827833649705137,
        10.082870664809906,
        10.53819830180062,
        9.689210482597368,
        2.23565227148171,
        8.687076407807043,
        10.203497084766159,
        10.687165935012086,
        10.525966661835795,
        9.097025382330347,
        8.837231727663577
    ],
    "label": {
        "x": [
            1.0,
            1.0,
            0.0,
            1.0,
            1.0,
            0.0,
            0.0,
            0.0,
            0.0,
            1.0,
            0.0,
            0.0
        ],
        "z": [
            1.0,
            1.0,
            -1.0,
            1.0,
            1.0,
            -1.0,
            -1.0,
            -1.0,
            -1.0,
            1.0,
            -1.0,
            -1.0
        ],
        "obj_val": -136.25318139639117
    }
}