{
    "J": [
        [
            9
        ],
        [
            4,
            11
        ],
        [
            0,
            1
        ],
        [
            7,
            11
        ],
        [
            8,
            10
        ],
        [
            0,
            5
        ],
        [
            5,
            11
        ],
        [
            9,
            10
        ],
        [
            1,
            7
        ],
        [
            6,
            9
        ],
        [
            4,
            9
        ],
        [
            4,
            5
        ],
        [
            1,
            2
        ],
        [
            3,
            4
        ],
        [
            2,
            9
        ],
        [
            0,
            3
        ],
        [
            6,
            10
        ],
        [
            1,
            11
        ],
        [
            4
        ],
        [
            3,
            10
        ],
        [
            0,
            2
        ],
        [
            7,
            9
        ],
        [
            9,
            11
        ]
    ],
    "c": [
        2.9033162324123016,
        11.013010942255976,
        10.028197854672946,
        1.6072876956059732,
        9.04036642367243,
        -0.2618239471173358,
        10.939409905999781,
        0.5092462495524311,
        9.836753396211625,
        1.3873677938740472,
        1.0117035326142587,
        10.462308580540547,
        0.16782453614886927,
        9.846543403872356,
        10.1971802985853,
        1.458310713713028,
        9.340796307225204,
        9.561519977917756,
        9.629869064167105,
        11.151481521827233,
        -0.2659266167181662,
        11.049366629005993,
        10.183829704630236
    ],
    "label": {
        "x": [
            1.0,
            0.0,
            1.0,
            1.0,
            0.0,
            0.0,
            1.0,
            1.0,
            1.0,
            0.0,
            0.0,
            1.0
        ],
        "z": [
            1.0,
            -1.0,
            1.0,
            1.0,
            -1.0,
            -1.0,
            1.0,
            1.0,
            1.0,
            -1.0,
            -1.0,
            1.0
        ],
        "obj_val": -121.23207989005371
    }
}