{
    "J": [
        [
            2,
            5
        ],
        [
            0,
            7
        ],
        [
            3,
            10
        ],
        [
            5,
            8
        ],
        [
            3,
            7
        ],
        [
            5,
            10
        ],
        [
            1,
            3
        ],
        [
            5,
            11
        ],
        [
            11
        ],
        [
            0,
            6
        ],
        [
            5,
            7
        ],
        [
            2,
            3
        ],
        [
            6,
            7
        ],
        [
            1,
            9
        ],
        [
            4,
            10
        ],
        [
            9,
            11
        ],
        [
            3,
            9
        ],
        [
            0,
            1
        ],
        [
            10
        ],
        [
            3,
            8
        ],
        [
            5,
            6
        ],
        [
            0
        ],
        [
            3,
            4
        ]
    ],
    "c": [
        1.5796411599345177,
        9.050832707415337,
        11.254359481171358,
        2.477489310747619,
        0.12641803994571776,
        11.270104350581207,
        -0.25321638138710023,
        1.8792823674536927,
        1.0640796002780615,
        10.530947414126505,
        10.958809071797543,
        2.080353653595277,
        1.665593513693366,
        0.7011775206925772,
        0.07522403611666262,
        11.216618207688965,
        1.7704499352078642,
        8.665460186094236,
        9.285811364238276,
        0.09981204471389482,
        0.47458873009456115,
        -1.0409130061118264,
        9.792875511367514
    ],
    "label": {
        "x": [
            1.0,
            0.0,
            0.0,
            1.0,
            0.0,
            1.0,
            0.0,
            0.0,
            0.0,
            1.0,
            0.0,
            0.0
        ],
        "z": [
            1.0,
            -1.0,
            -1.0,
            1.0,
            -1.0,
            1.0,
            -1.0,
            -1.0,
            -1.0,
            1.0,
            -1.0,
            -1.0
        ],
        "obj_val": -99.78508986164368
    }
}