{
    "J": [
        [
            4,
            8
        ],
        [
            1
        ],
        [
            8
        ],
        [
            8,
            9
        ],
        [
            1,
            4
        ],
        [
            3,
            6
        ],
        [
            7
        ],
        [
            3,
            9
        ],
        [
            4,
            11
        ],
        [
            3,
            7
        ],
        [
            4,
            5
        ],
        [
            7,
            10
        ],
        [
            0,
            9
        ],
        [
            4,
            10
        ],
        [
            5,
            11
        ],
        [
            8,
            11
        ],
        [
            6,
            8
        ],
        [
            2,
            8
        ],
        [
            1,
            3
        ],
        [
            0,
            6
        ],
        [
            1,
            5
        ],
        [
            3,
            10
        ],
        [
            10
        ],
        [
            1,
            10
        ],
        [
            0,
            2
        ],
        [
            6,
            10
        ],
        [
            2,
            10
        ],
        [
            7,
            11
        ],
        [
            2,
            5
        ],
        [
            1,
            9
        ],
        [
            11
        ],
        [
            0,
            7
        ],
        [
            4,
            7
        ],
        [
            9
        ],
        [
            0,
            11
        ],
        [
            3,
            4
        ],
        [
            5
        ],
        [
            4
        ],
        [
            3,
            8
        ],
        [
            2
        ],
        [
            2,
            4
        ],
        [
            0,
            4
        ],
        [
            2,
            7
        ],
        [
            0,
            5
        ],
        [
            5,
            6
        ],
        [
            2,
            11
        ]
    ],
    "c": [
        12.104576889699263,
        11.320060427407562,
        9.448750662717378,
        10.13059181203121,
        0.5684548633166688,
        9.06533836118054,
        10.73779796619128,
        -0.906044081227092,
        12.408270646292706,
        9.94800148718026,
        -1.207408054541769,
        8.444593413182096,
        1.1625639163102666,
        9.443503466847625,
        1.2866262812579203,
        9.99991842728566,
        9.415827484323549,
        10.405050862877445,
        9.72095478662873,
        10.86291137177445,
        0.7038590084518983,
        11.097955898886047,
        0.5980286612839221,
        9.218119717861901,
        -0.4253184209008882,
        3.0731844313962626,
        2.209492228768436,
        9.125050334256283,
        0.4045790687307145,
        1.9042020408282188,
        10.310503427363534,
        10.940430194455807,
        2.116273123128148,
        1.3453637933116358,
        10.847161658649135,
        1.2675653919147316,
        10.129815253055776,
        0.7392172747261513,
        8.232846515837428,
        -0.8734076167529361,
        8.931375170726035,
        0.9942369112190568,
        12.074049684760215,
        11.165949714224244,
        11.004559447548493,
        10.11756248562359
    ],
    "label": {
        "x": [
            1.0,
            0.0,
            1.0,
            1.0,
            1.0,
            0.0,
            1.0,
            0.0,
            0.0,
            1.0,
            0.0,
            0.0
        ],
        "z": [
            1.0,
            -1.0,
            1.0,
            1.0,
            1.0,
            -1.0,
            1.0,
            -1.0,
            -1.0,
            1.0,
            -1.0,
            -1.0
        ],
        "obj_val": -159.72905788093422
    }
}