{
    "J": [
        [
            9,
            11
        ],
        [
            1,
            2
        ],
        [
            9,
            10
        ],
        [
            10,
            11
        ],
        [
            6
        ],
        [
            0,
            1
        ],
        [
            5,
            6
        ],
        [
            1,
            10
        ],
        [
            0,
            7
        ],
        [
            8,
            9
        ],
        [
            6,
            9
        ],
        [
            1,
            4
        ],
        [
            1,
            3
        ],
        [
            8,
            11
        ],
        [
            2,
            8
        ],
        [
            4,
            11
        ],
        [
            5,
            7
        ],
        [
            0
        ],
        [
            5,
            8
        ],
        [
            6,
            10
        ],
        [
            2,
            4
        ],
        [
            3,
            9
        ],
        [
            9
        ]
    ],
    "c": [
        1.9914331135248824,
        0.9286805537616938,
        0.5212131420463055,
        1.6371894645809872,
        -0.2713472017277201,
        9.490300737079412,
        12.002433484632872,
        11.50181065847332,
        0.6038925209147905,
        11.366766557311085,
        1.038679042715069,
        -0.16007752304423906,
        9.476942872382441,
        12.712742424860235,
        9.60909184063564,
        0.17434564847114498,
        0.9617373795985907,
        10.766789267296167,
        12.125667185032615,
        10.177825983435316,
        1.484200539651808,
        1.464815572598621,
        10.463754943917483
    ],
    "label": {
        "x": [
            0.0,
            1.0,
            0.0,
            0.0,
            1.0,
            0.0,
            1.0,
            1.0,
            1.0,
            0.0,
            0.0,
            0.0
        ],
        "z": [
            -1.0,
            1.0,
            -1.0,
            -1.0,
            1.0,
            -1.0,
            1.0,
            1.0,
            1.0,
            -1.0,
            -1.0,
            -1.0
        ],
        "obj_val": -119.70243507219081
    }
}