{
    "J": [
        [
            2,
            5
        ],
        [
            0,
            11
        ],
        [
            9,
            11
        ],
        [
            3,
            10
        ],
        [
            4,
            6
        ],
        [
            2,
            8
        ],
        [
            4,
            8
        ],
        [
            0
        ],
        [
            2
        ],
        [
            6,
            11
        ],
        [
            3,
            6
        ],
        [
            1,
            8
        ],
        [
            6,
            8
        ],
        [
            8
        ],
        [
            2,
            10
        ],
        [
            1,
            11
        ],
        [
            7,
            9
        ],
        [
            9,
            10
        ],
        [
            7,
            10
        ],
        [
            1,
            6
        ],
        [
            10,
            11
        ],
        [
            6
        ],
        [
            3,
            7
        ],
        [
            0,
            4
        ],
        [
            5,
            8
        ],
        [
            1,
            3
        ],
        [
            2,
            7
        ],
        [
            6,
            10
        ],
        [
            0,
            2
        ],
        [
            2,
            9
        ],
        [
            1,
            4
        ],
        [
            1,
            2
        ],
        [
            0,
            6
        ],
        [
            1
        ],
        [
            0,
            10
        ],
        [
            9
        ],
        [
            8,
            10
        ],
        [
            0,
            1
        ],
        [
            2,
            6
        ],
        [
            11
        ],
        [
            6,
            7
        ],
        [
            4,
            7
        ],
        [
            2,
            3
        ],
        [
            3
        ],
        [
            7,
            8
        ],
        [
            0,
            3
        ]
    ],
    "c": [
        10.53140468037966,
        9.854058910852384,
        9.980886563019798,
        9.879584277988002,
        0.5424439223716309,
        0.4748528378465334,
        0.2804126000914072,
        8.216500506632944,
        0.2677996888110551,
        12.007317377891574,
        1.1264726114197585,
        8.89927796594752,
        9.930976515106858,
        10.552881394166086,
        0.9038180557125229,
        0.404463213257816,
        9.248272307325761,
        -1.696761595478769,
        1.6332356711205573,
        11.313740296497645,
        7.8134389620718405,
        10.434859037583799,
        10.621196750094493,
        0.8195333619403115,
        0.1765356492193325,
        8.02461651250748,
        11.469867640962196,
        9.786277295180678,
        2.241878792983194,
        0.05738551160232941,
        2.52765194096006,
        -1.3594785232486397,
        9.703012710532965,
        6.978584983780573,
        9.919504477771454,
        9.184952865540613,
        10.990189502198659,
        10.926289002783049,
        11.104812066418724,
        1.1728538089890104,
        9.19130889807596,
        1.8402936077551466,
        9.357018322831525,
        0.6541304279857405,
        10.34160644946223,
        0.7881928526410492
    ],
    "label": {
        "x": [
            0.0,
            1.0,
            1.0,
            0.0,
            0.0,
            0.0,
            0.0,
            1.0,
            0.0,
            0.0,
            1.0,
            1.0
        ],
        "z": [
            -1.0,
            1.0,
            1.0,
            -1.0,
            -1.0,
            -1.0,
            -1.0,
            1.0,
            -1.0,
            -1.0,
            1.0,
            1.0
        ],
        "obj_val": -173.8138232600241
    }
}