{
    "J": [
        [
            3,
            5
        ],
        [
            4
        ],
        [
            5,
            11
        ],
        [
            2,
            8
        ],
        [
            9
        ],
        [
            1
        ],
        [
            6,
            11
        ],
        [
            5,
            10
        ],
        [
            3,
            4
        ],
        [
            3
        ],
        [
            6,
            10
        ],
        [
            0,
            1
        ],
        [
            3,
            6
        ],
        [
            3,
            9
        ],
        [
            6,
            7
        ],
        [
            1,
            4
        ],
        [
            8,
            11
        ],
        [
            1,
            7
        ],
        [
            2,
            3
        ],
        [
            2,
            10
        ],
        [
            0,
            3
        ],
        [
            10,
            11
        ],
        [
            2,
            11
        ]
    ],
    "c": [
        0.5430607239641736,
        11.970065229153528,
        9.741444046226542,
        0.03331144643794415,
        9.366739157076669,
        10.549359374033939,
        10.950478122705649,
        8.161575473007375,
        10.810839041281243,
        9.298245779784262,
        1.171829677038207,
        -0.10185247057029012,
        2.950854550766877,
        1.3234937860673581,
        8.560659101288618,
        2.1777399532338153,
        8.839236574414961,
        2.9668329663304958,
        9.43978290133705,
        8.985306605649587,
        9.846938264615014,
        1.9709538275879575,
        10.183470517374023
    ],
    "label": {
        "x": [
            0.0,
            0.0,
            0.0,
            1.0,
            0.0,
            0.0,
            0.0,
            1.0,
            0.0,
            0.0,
            1.0,
            1.0
        ],
        "z": [
            -1.0,
            -1.0,
            -1.0,
            1.0,
            -1.0,
            -1.0,
            -1.0,
            1.0,
            -1.0,
            -1.0,
            1.0,
            1.0
        ],
        "obj_val": -122.98356757585762
    }
}