{
    "J": [
        [
            0,
            10
        ],
        [
            0,
            4
        ],
        [
            9,
            10
        ],
        [
            10
        ],
        [
            4,
            10
        ],
        [
            5,
            10
        ],
        [
            9,
            11
        ],
        [
            4,
            9
        ],
        [
            1,
            9
        ],
        [
            4
        ],
        [
            5,
            8
        ],
        [
            4,
            5
        ],
        [
            1,
            7
        ],
        [
            0,
            11
        ],
        [
            3,
            6
        ],
        [
            7,
            9
        ],
        [
            7,
            11
        ],
        [
            3,
            9
        ],
        [
            6,
            10
        ],
        [
            3,
            11
        ],
        [
            8,
            9
        ],
        [
            8,
            10
        ],
        [
            7
        ],
        [
            5
        ],
        [
            1,
            6
        ],
        [
            3,
            8
        ],
        [
            0,
            5
        ],
        [
            7,
            10
        ],
        [
            0,
            9
        ],
        [
            10,
            11
        ],
        [
            5,
            11
        ],
        [
            6,
            8
        ],
        [
            0
        ],
        [
            2,
            6
        ],
        [
            5,
            7
        ],
        [
            2,
            8
        ],
        [
            6,
            9
        ],
        [
            8,
            11
        ],
        [
            2
        ],
        [
            0,
            8
        ],
        [
            11
        ],
        [
            5,
            9
        ],
        [
            1,
            4
        ],
        [
            2,
            11
        ],
        [
            1,
            10
        ],
        [
            5,
            6
        ]
    ],
    "c": [
        9.656827807967105,
        9.003984928786787,
        9.874914287462104,
        11.55032678469814,
        2.3126190550123926,
        -0.7061172486699214,
        9.358772513346372,
        2.364852786540845,
        1.3610307517303215,
        1.2448357784311854,
        10.369334657358415,
        10.09002657598863,
        9.104723197219801,
        10.817078558125349,
        9.873918924862712,
        10.848840734547347,
        2.5612198307637457,
        0.695229921680927,
        8.279742402908559,
        9.513565609298436,
        8.295469445830454,
        -0.20691976438692228,
        2.5407119260743096,
        7.699905196338825,
        10.090285968934444,
        11.655292912280636,
        10.019200088726905,
        8.768500017513704,
        0.6622515782184091,
        0.09382392388796779,
        0.4612274713402196,
        3.019114667803079,
        2.2628406156046244,
        12.572023609937805,
        11.75743263625711,
        10.923666538078487,
        -0.3243824093649088,
        0.3887422762871646,
        1.2305394708782298,
        1.3916779634609329,
        10.980976299807372,
        3.1304348169928127,
        0.5069612013247013,
        11.104957897716119,
        0.1124377936141654,
        10.074805718817046
    ],
    "label": {
        "x": [
            1.0,
            1.0,
            1.0,
            1.0,
            0.0,
            1.0,
            0.0,
            0.0,
            0.0,
            1.0,
            0.0,
            0.0
        ],
        "z": [
            1.0,
            1.0,
            1.0,
            1.0,
            -1.0,
            1.0,
            -1.0,
            -1.0,
            -1.0,
            1.0,
            -1.0,
            -1.0
        ],
        "obj_val": -172.83115602011145
    }
}