{
    "J": [
        [
            7,
            8
        ],
        [
            9
        ],
        [
            1,
            4
        ],
        [
            8
        ],
        [
            1,
            2
        ],
        [
            11
        ],
        [
            7,
            11
        ],
        [
            5,
            11
        ],
        [
            1,
            8
        ],
        [
            5,
            9
        ],
        [
            0,
            3
        ],
        [
            6,
            9
        ],
        [
            7,
            10
        ],
        [
            0,
            9
        ],
        [
            5,
            6
        ],
        [
            4,
            6
        ],
        [
            3,
            9
        ],
        [
            2,
            7
        ],
        [
            5,
            7
        ],
        [
            2,
            6
        ],
        [
            6,
            7
        ],
        [
            8,
            11
        ],
        [
            3,
            7
        ],
        [
            4,
            8
        ],
        [
            2,
            3
        ],
        [
            3,
            8
        ],
        [
            2,
            10
        ],
        [
            6,
            11
        ],
        [
            3,
            5
        ],
        [
            4,
            11
        ],
        [
            2,
            11
        ],
        [
            10,
            11
        ],
        [
            8,
            9
        ],
        [
            4
        ],
        [
            3,
            6
        ],
        [
            3
        ],
        [
            2,
            5
        ],
        [
            4,
            10
        ],
        [
            3,
            11
        ],
        [
            0,
            6
        ],
        [
            7
        ],
        [
            0,
            11
        ],
        [
            7,
            9
        ],
        [
            9,
            10
        ],
        [
            1,
            6
        ],
        [
            4,
            9
        ]
    ],
    "c": [
        9.888261571280214,
        11.03691024486089,
        9.989807129490956,
        0.5232893603952087,
        9.979163519746184,
        10.12982686222219,
        -0.4937904123391754,
        0.26358024627574717,
        10.637971051754327,
        1.1956049104707847,
        10.463861308977073,
        11.723523736398223,
        11.187808710074936,
        8.774978656065516,
        11.000186715095492,
        9.466782097361465,
        10.058421134576717,
        1.825852757851981,
        0.24099575621900293,
        1.3261949603843044,
        10.512679546518646,
        9.519493180066897,
        11.271747811345225,
        1.9272711843256245,
        9.920397905811898,
        8.87444386487161,
        -0.6528044978956098,
        9.735995551374547,
        9.261751570720673,
        10.910354163301228,
        10.423535932864109,
        11.141130443252036,
        9.850136529171946,
        11.707601341065331,
        2.100443361676841,
        10.215626298371124,
        9.65138448995856,
        11.108433150641527,
        9.52257157558979,
        2.189365612497722,
        1.960192618574899,
        -0.15308985910320172,
        2.1725041990887486,
        10.370633997230385,
        1.0023341343613759,
        9.946999255157394
    ],
    "label": {
        "x": [
            0.0,
            0.0,
            1.0,
            1.0,
            0.0,
            0.0,
            1.0,
            0.0,
            1.0,
            0.0,
            1.0,
            0.0
        ],
        "z": [
            -1.0,
            -1.0,
            1.0,
            1.0,
            -1.0,
            -1.0,
            1.0,
            -1.0,
            1.0,
            -1.0,
            1.0,
            -1.0
        ],
        "obj_val": -183.3992930815167
    }
}