{
    "J": [
        [
            7,
            8
        ],
        [
            1,
            5
        ],
        [
            5,
            9
        ],
        [
            6,
            8
        ],
        [
            4,
            7
        ],
        [
            5,
            8
        ],
        [
            0,
            3
        ],
        [
            4,
            5
        ],
        [
            2,
            11
        ],
        [
            5,
            6
        ],
        [
            0,
            5
        ],
        [
            0,
            4
        ],
        [
            3,
            6
        ],
        [
            0,
            11
        ],
        [
            7,
            11
        ],
        [
            2,
            10
        ],
        [
            7,
            9
        ],
        [
            2,
            7
        ],
        [
            0,
            10
        ],
        [
            6
        ],
        [
            9,
            10
        ],
        [
            1
        ],
        [
            5,
            10
        ]
    ],
    "c": [
        1.4013243624735239,
        0.1646239819046913,
        9.750109783501314,
        1.2664689481145097,
        8.83032266681309,
        11.62409946506723,
        0.4090865333248105,
        1.7182733604778324,
        9.254906867921314,
        2.355012631626603,
        11.094091611903352,
        9.729591416935287,
        1.0424682579979605,
        1.1498972305097865,
        1.5231834998170672,
        11.79093994533694,
        -1.6732974767860997,
        8.328118860154031,
        1.0824781019635947,
        0.8628351745779468,
        -0.02669970857935633,
        1.6687314582430863,
        10.527868853906297
    ],
    "label": {
        "x": [
            0.0,
            0.0,
            1.0,
            1.0,
            1.0,
            1.0,
            0.0,
            0.0,
            0.0,
            0.0,
            0.0,
            0.0
        ],
        "z": [
            -1.0,
            -1.0,
            1.0,
            1.0,
            1.0,
            1.0,
            -1.0,
            -1.0,
            -1.0,
            -1.0,
            -1.0,
            -1.0
        ],
        "obj_val": -90.9911791912231
    }
}