{
    "J": [
        [
            1,
            10
        ],
        [
            0,
            6
        ],
        [
            3,
            6
        ],
        [
            5,
            10
        ],
        [
            10
        ],
        [
            5,
            11
        ],
        [
            4,
            10
        ],
        [
            8,
            9
        ],
        [
            9
        ],
        [
            0
        ],
        [
            1,
            8
        ],
        [
            11
        ],
        [
            5,
            8
        ],
        [
            0,
            3
        ],
        [
            6,
            11
        ],
        [
            4,
            8
        ],
        [
            2
        ],
        [
            1,
            2
        ],
        [
            1,
            5
        ],
        [
            3,
            8
        ],
        [
            3,
            7
        ],
        [
            0,
            8
        ],
        [
            7,
            11
        ]
    ],
    "c": [
        0.42946295996485284,
        8.871036002170412,
        2.143063159844238,
        11.01817784097811,
        1.8046491835010545,
        9.520661883722832,
        10.168196804791007,
        1.7137903942870611,
        1.7221410916671223,
        -0.7695872550888356,
        0.8293205105716928,
        8.582807766408159,
        9.468430437082612,
        9.444233941358194,
        10.237823202421497,
        1.0885447999139102,
        1.251192467833503,
        9.074322848390615,
        3.3147258952788516,
        9.77441544522081,
        0.6410823691070402,
        11.101253026317341,
        2.9909093677229226
    ],
    "label": {
        "x": [
            0.0,
            0.0,
            1.0,
            1.0,
            1.0,
            1.0,
            1.0,
            1.0,
            0.0,
            0.0,
            0.0,
            0.0
        ],
        "z": [
            -1.0,
            -1.0,
            1.0,
            1.0,
            1.0,
            1.0,
            1.0,
            1.0,
            -1.0,
            -1.0,
            -1.0,
            -1.0
        ],
        "obj_val": -88.20232436761354
    }
}