{
    "J": [
        [
            8,
            9
        ],
        [
            1,
            6
        ],
        [
            5
        ],
        [
            3,
            5
        ],
        [
            0,
            6
        ],
        [
            7,
            8
        ],
        [
            6,
            10
        ],
        [
            3,
            7
        ],
        [
            3,
            4
        ],
        [
            1,
            11
        ],
        [
            1,
            3
        ],
        [
            0,
            4
        ],
        [
            7,
            11
        ],
        [
            5,
            8
        ],
        [
            1,
            2
        ],
        [
            2,
            7
        ],
        [
            3
        ],
        [
            3,
            9
        ],
        [
            2,
            3
        ],
        [
            0,
            8
        ],
        [
            4,
            10
        ],
        [
            4,
            6
        ],
        [
            2,
            11
        ],
        [
            4,
            11
        ],
        [
            6
        ],
        [
            9
        ],
        [
            3,
            6
        ],
        [
            0,
            2
        ],
        [
            0,
            9
        ],
        [
            11
        ],
        [
            5,
            9
        ],
        [
            10,
            11
        ],
        [
            9,
            11
        ],
        [
            3,
            10
        ],
        [
            1,
            4
        ],
        [
            1,
            10
        ],
        [
            7
        ],
        [
            0,
            7
        ],
        [
            0,
            1
        ],
        [
            10
        ],
        [
            2,
            9
        ],
        [
            5,
            10
        ],
        [
            7,
            10
        ],
        [
            2
        ],
        [
            8
        ],
        [
            5,
            7
        ]
    ],
    "c": [
        9.928961394209397,
        -0.9579477442884665,
        8.86745865138747,
        10.849022050599082,
        0.46055959678522773,
        1.4320429762362137,
        -1.5154580336834962,
        -0.8677738725623374,
        1.7641056447666008,
        0.8136396361032223,
        8.912787893192494,
        0.4110269964845291,
        0.4069693024000539,
        10.397060835479868,
        9.879711500509009,
        0.5389180837839359,
        11.095910530168336,
        9.445000253748733,
        0.23467776026096976,
        7.96478435988986,
        10.045789626816928,
        0.31775802103348005,
        10.959777600321853,
        0.8796398261919822,
        1.44698016180163,
        10.952278057862923,
        1.814010910688464,
        9.427491818511326,
        1.1271592307325005,
        8.892459790820917,
        9.029250845225901,
        0.2736944476375751,
        1.6333982959225386,
        9.916469173657482,
        0.65812115752048,
        -0.0017970004751635127,
        10.545804262983516,
        2.311692830687618,
        1.196362173514034,
        0.9553262310350871,
        10.864862932395308,
        11.124279329067157,
        9.31563368278033,
        -0.44544769184753563,
        1.1625903994359297,
        1.8026108112808417
    ],
    "label": {
        "x": [
            0.0,
            0.0,
            1.0,
            1.0,
            0.0,
            0.0,
            0.0,
            0.0,
            1.0,
            0.0,
            1.0,
            0.0
        ],
        "z": [
            -1.0,
            -1.0,
            1.0,
            1.0,
            -1.0,
            -1.0,
            -1.0,
            -1.0,
            1.0,
            -1.0,
            1.0,
            -1.0
        ],
        "obj_val": -130.24811997646532
    }
}