{
    "J": [
        [
            1,
            2
        ],
        [
            4,
            8
        ],
        [
            8,
            9
        ],
        [
            1,
            11
        ],
        [
            1,
            6
        ],
        [
            0,
            7
        ],
        [
            11
        ],
        [
            1,
            7
        ],
        [
            6,
            8
        ],
        [
            4
        ],
        [
            8
        ],
        [
            6,
            7
        ],
        [
            4,
            7
        ],
        [
            1,
            3
        ],
        [
            5
        ],
        [
            7,
            8
        ],
        [
            0
        ],
        [
            0,
            3
        ],
        [
            5,
            7
        ],
        [
            7,
            9
        ],
        [
            8,
            11
        ],
        [
            9,
            10
        ],
        [
            6,
            9
        ],
        [
            7,
            11
        ],
        [
            3,
            4
        ],
        [
            6
        ],
        [
            0,
            1
        ],
        [
            6,
            11
        ],
        [
            9
        ],
        [
            5,
            6
        ],
        [
            2,
            3
        ],
        [
            4,
            5
        ],
        [
            0,
            8
        ],
        [
            0,
            2
        ],
        [
            1,
            10
        ],
        [
            4,
            11
        ],
        [
            1
        ],
        [
            3,
            9
        ],
        [
            4,
            9
        ],
        [
            3,
            6
        ],
        [
            2,
            5
        ],
        [
            1,
            5
        ],
        [
            0,
            9
        ],
        [
            2,
            11
        ],
        [
            3,
            7
        ],
        [
            8,
            10
        ]
    ],
    "c": [
        8.862958151160006,
        11.40284341706267,
        1.8804804730274798,
        1.8197127649638345,
        12.251559467950832,
        7.932501298446346,
        10.815345946852416,
        7.737598876375482,
        11.61359447648873,
        0.9757644503155448,
        1.361213996939642,
        8.12163143288382,
        0.5851694743614961,
        -0.09082156537635888,
        9.515524318847966,
        10.332401592310283,
        -0.6625314342172237,
        11.034749863774108,
        9.129754924597695,
        1.9653394483129976,
        10.778833213775716,
        8.19147724752307,
        2.589134218654249,
        10.262916528417023,
        0.9550434894358708,
        1.2001510928885974,
        9.191490347851827,
        10.973146115007971,
        -0.8440026413552912,
        10.938498289159604,
        11.059009093309832,
        8.599425945416662,
        11.414978522617606,
        3.094065606004502,
        7.98628635107366,
        10.409283020174923,
        -0.03136882684283959,
        9.939508160360106,
        -0.5454725938260578,
        1.9915493901604382,
        9.190169346530833,
        8.977670184495512,
        9.913383673241217,
        1.754222316562366,
        0.5496142442338522,
        9.783152506592996
    ],
    "label": {
        "x": [
            1.0,
            0.0,
            1.0,
            0.0,
            1.0,
            0.0,
            1.0,
            1.0,
            0.0,
            0.0,
            1.0,
            0.0
        ],
        "z": [
            1.0,
            -1.0,
            1.0,
            -1.0,
            1.0,
            -1.0,
            1.0,
            1.0,
            -1.0,
            -1.0,
            1.0,
            -1.0
        ],
        "obj_val": -185.80268591268324
    }
}