{
    "J": [
        [
            0,
            2
        ],
        [
            2,
            6
        ],
        [
            2
        ],
        [
            6,
            10
        ],
        [
            0,
            3
        ],
        [
            0,
            4
        ],
        [
            1,
            4
        ],
        [
            1,
            8
        ],
        [
            4,
            9
        ],
        [
            2,
            11
        ],
        [
            2,
            8
        ],
        [
            3,
            10
        ],
        [
            5,
            10
        ],
        [
            4,
            7
        ],
        [
            0,
            5
        ],
        [
            5,
            8
        ],
        [
            4,
            8
        ],
        [
            5,
            9
        ],
        [
            0,
            10
        ],
        [
            7,
            10
        ],
        [
            1,
            5
        ],
        [
            5,
            6
        ],
        [
            2,
            7
        ],
        [
            0
        ],
        [
            3,
            8
        ],
        [
            0,
            7
        ],
        [
            2,
            4
        ],
        [
            2,
            5
        ],
        [
            8
        ],
        [
            6
        ],
        [
            0,
            8
        ],
        [
            6,
            7
        ],
        [
            6,
            9
        ],
        [
            10,
            11
        ],
        [
            8,
            11
        ],
        [
            7,
            9
        ],
        [
            7,
            8
        ],
        [
            9
        ],
        [
            6,
            11
        ],
        [
            3,
            11
        ],
        [
            5
        ],
        [
            4,
            6
        ],
        [
            9,
            11
        ],
        [
            3
        ],
        [
            1,
            10
        ],
        [
            1,
            6
        ]
    ],
    "c": [
        1.174278032927194,
        9.404511049364316,
        10.65209474953969,
        1.7413406390667197,
        9.085808917009569,
        1.3787620950501176,
        9.983183302037816,
        2.488610031792759,
        1.9653104124393297,
        9.41887789200403,
        9.663631870475943,
        10.542712351483466,
        9.930271638457253,
        11.145908717947455,
        9.310438086500415,
        0.6750051477037919,
        9.857669857186739,
        8.305344233217612,
        -0.2626301900146011,
        10.284282043576615,
        -0.381564351049515,
        0.4384276984818525,
        10.197903686957002,
        10.656474477038289,
        9.89327056303651,
        0.4262695339133664,
        9.615276525556947,
        11.4673929428116,
        9.666430141188199,
        1.5852789322120613,
        10.35711332010292,
        1.415370069696039,
        1.1132040661914222,
        1.7984087970864857,
        9.244499106568332,
        1.0863909652322532,
        1.9939587564591996,
        0.9249262985598643,
        10.39788163330803,
        2.2083315829464656,
        10.418921454837628,
        2.7952911565323224,
        0.8908297877783677,
        0.5167595730865753,
        2.2767459871203144,
        8.267529399402536
    ],
    "label": {
        "x": [
            0.0,
            0.0,
            0.0,
            1.0,
            1.0,
            1.0,
            1.0,
            1.0,
            0.0,
            0.0,
            0.0,
            1.0
        ],
        "z": [
            -1.0,
            -1.0,
            -1.0,
            1.0,
            1.0,
            1.0,
            1.0,
            1.0,
            -1.0,
            -1.0,
            -1.0,
            1.0
        ],
        "obj_val": -132.7768932399153
    }
}