{
    "J": [
        [
            4,
            9
        ],
        [
            0,
            2
        ],
        [
            5
        ],
        [
            0,
            11
        ],
        [
            7,
            9
        ],
        [
            6,
            10
        ],
        [
            0,
            10
        ],
        [
            9,
            10
        ],
        [
            8,
            11
        ],
        [
            3,
            9
        ],
        [
            7,
            11
        ],
        [
            4,
            10
        ],
        [
            1,
            11
        ],
        [
            7,
            8
        ],
        [
            11
        ],
        [
            5,
            7
        ],
        [
            1,
            10
        ],
        [
            7,
            10
        ],
        [
            1,
            8
        ],
        [
            5,
            8
        ],
        [
            4
        ],
        [
            2,
            6
        ],
        [
            8,
            9
        ],
        [
            2
        ],
        [
            2,
            8
        ],
        [
            3,
            4
        ],
        [
            4,
            7
        ],
        [
            2,
            3
        ],
        [
            6,
            11
        ],
        [
            1,
            4
        ],
        [
            2,
            4
        ],
        [
            0,
            5
        ],
        [
            3,
            5
        ],
        [
            3,
            8
        ],
        [
            3,
            7
        ],
        [
            0,
            6
        ],
        [
            5,
            6
        ],
        [
            0
        ],
        [
            6,
            9
        ],
        [
            6,
            8
        ],
        [
            5,
            10
        ],
        [
            8,
            10
        ],
        [
            10,
            11
        ],
        [
            7
        ],
        [
            9,
            11
        ],
        [
            1,
            7
        ]
    ],
    "c": [
        9.21598980030403,
        10.92723023175574,
        1.252315361074217,
        1.4652704908461192,
        0.7078213610802346,
        10.159182342990292,
        11.545622845526907,
        10.02396575303514,
        -1.4530271291364145,
        2.29536185177915,
        9.652913393156137,
        0.03684568952328149,
        0.5148845112156153,
        0.3120221082595037,
        9.260954016110176,
        0.029895280267221658,
        0.11274366336975405,
        1.8831799461738905,
        9.88038150183712,
        0.7377925309099764,
        11.116432246610774,
        2.1651898491284296,
        0.7528354847526338,
        1.2858067239797228,
        1.1636614252537665,
        11.39163172610379,
        2.4731815643926147,
        1.195011063157015,
        1.3107704574688812,
        1.8803906330008573,
        10.079290460831396,
        11.39713553627084,
        0.6001852901823561,
        -0.37029851953017445,
        9.075958110485278,
        0.4117769452348491,
        9.586855367360217,
        0.14185204900909787,
        3.2561728269035366,
        0.6068529056692571,
        10.924347749590698,
        7.854932620391541,
        10.387813420428012,
        1.3022240566024987,
        -0.0484334135924267,
        10.198749314903194
    ],
    "label": {
        "x": [
            0.0,
            1.0,
            1.0,
            1.0,
            0.0,
            1.0,
            0.0,
            0.0,
            0.0,
            1.0,
            1.0,
            0.0
        ],
        "z": [
            -1.0,
            1.0,
            1.0,
            1.0,
            -1.0,
            1.0,
            -1.0,
            -1.0,
            -1.0,
            1.0,
            1.0,
            -1.0
        ],
        "obj_val": -123.76267506054879
    }
}