{
    "J": [
        [
            2,
            3
        ],
        [
            1,
            7
        ],
        [
            3,
            6
        ],
        [
            0,
            4
        ],
        [
            3,
            7
        ],
        [
            5,
            7
        ],
        [
            4,
            10
        ],
        [
            7
        ],
        [
            4,
            6
        ],
        [
            7,
            9
        ],
        [
            0,
            1
        ],
        [
            4,
            9
        ],
        [
            4
        ],
        [
            7,
            8
        ],
        [
            8,
            9
        ],
        [
            0,
            3
        ],
        [
            5
        ],
        [
            0,
            7
        ],
        [
            6,
            10
        ],
        [
            3,
            8
        ],
        [
            0,
            6
        ],
        [
            5,
            6
        ],
        [
            3
        ]
    ],
    "c": [
        7.082684634859572,
        10.151504443806235,
        0.240158648745182,
        0.8878056079415533,
        9.422104018917265,
        11.60699278269805,
        0.038140421182553785,
        9.413073497599921,
        9.044637282026818,
        -0.6481233027930473,
        9.740853861241684,
        1.2005275411883634,
        -0.5594353528919054,
        1.0630654826579415,
        8.648865651448821,
        0.7550661163465817,
        1.8173177065838002,
        2.210489195879463,
        8.074460024508017,
        1.9522133283834586,
        0.6367491648052626,
        0.7995074674559195,
        9.797595159555465
    ],
    "label": {
        "x": [
            1.0,
            0.0,
            1.0,
            0.0,
            0.0,
            0.0,
            1.0,
            1.0,
            0.0,
            1.0,
            0.0,
            0.0
        ],
        "z": [
            1.0,
            -1.0,
            1.0,
            -1.0,
            -1.0,
            -1.0,
            1.0,
            1.0,
            -1.0,
            1.0,
            -1.0,
            -1.0
        ],
        "obj_val": -76.17116877203176
    }
}