{
    "J": [
        [
            6,
            7
        ],
        [
            6,
            11
        ],
        [
            1,
            6
        ],
        [
            6,
            8
        ],
        [
            5,
            11
        ],
        [
            5,
            10
        ],
        [
            2,
            5
        ],
        [
            4
        ],
        [
            4,
            9
        ],
        [
            2,
            9
        ],
        [
            11
        ],
        [
            1,
            4
        ],
        [
            7,
            8
        ],
        [
            2
        ],
        [
            1,
            2
        ],
        [
            2,
            6
        ],
        [
            5,
            6
        ],
        [
            9,
            10
        ],
        [
            3,
            9
        ],
        [
            1,
            11
        ],
        [
            6,
            9
        ],
        [
            7
        ],
        [
            2,
            8
        ],
        [
            1
        ],
        [
            3,
            5
        ],
        [
            0,
            2
        ],
        [
            0,
            3
        ],
        [
            4,
            11
        ],
        [
            1,
            3
        ],
        [
            2,
            10
        ],
        [
            8,
            9
        ],
        [
            9
        ],
        [
            1,
            5
        ],
        [
            7,
            11
        ],
        [
            10
        ],
        [
            0,
            5
        ],
        [
            1,
            9
        ],
        [
            2,
            7
        ],
        [
            5,
            8
        ],
        [
            9,
            11
        ],
        [
            3,
            8
        ],
        [
            3,
            4
        ],
        [
            2,
            4
        ],
        [
            7,
            9
        ],
        [
            3,
            6
        ],
        [
            2,
            3
        ]
    ],
    "c": [
        10.168479765643614,
        10.542643275589427,
        0.9988381105358647,
        10.553515343196956,
        11.533682330078037,
        0.06647604064225177,
        8.541358946185692,
        0.812247397289063,
        3.3728583833908687,
        0.6371076057356715,
        -1.7466890762983067,
        11.213456372010768,
        0.9527685540079176,
        7.798652481378401,
        2.472243911680162,
        9.934228917770554,
        2.585390454623309,
        2.288602207823536,
        10.262601735170723,
        10.697286697334288,
        0.6716443898904461,
        10.401005036631172,
        -0.24992507612000026,
        1.7928901966475865,
        1.6944514530349843,
        -0.48334148550198264,
        8.844674224922873,
        10.697617005360753,
        10.60211877700878,
        0.4828573825182675,
        9.648563310105702,
        1.0300327873197177,
        10.885058963477714,
        1.543336668397739,
        11.10363325448599,
        2.1515913892637757,
        1.0803659190348005,
        1.2462972905684533,
        10.263265050249975,
        9.5753096338026,
        8.743496959288198,
        -0.7126403298438551,
        10.330061193199318,
        1.1382412846922734,
        1.7031682105254489,
        0.32577573937043613
    ],
    "label": {
        "x": [
            0.0,
            0.0,
            0.0,
            1.0,
            1.0,
            1.0,
            1.0,
            0.0,
            0.0,
            1.0,
            0.0,
            0.0
        ],
        "z": [
            -1.0,
            -1.0,
            -1.0,
            1.0,
            1.0,
            1.0,
            1.0,
            -1.0,
            -1.0,
            1.0,
            -1.0,
            -1.0
        ],
        "obj_val": -162.03274183354887
    }
}