{
    "J": [
        [
            1,
            11
        ],
        [
            8,
            10
        ],
        [
            2,
            4
        ],
        [
            9,
            11
        ],
        [
            6,
            11
        ],
        [
            4,
            7
        ],
        [
            1,
            6
        ],
        [
            2,
            10
        ],
        [
            4,
            6
        ],
        [
            3,
            7
        ],
        [
            8,
            9
        ],
        [
            1,
            5
        ],
        [
            4,
            8
        ],
        [
            5,
            7
        ],
        [
            9
        ],
        [
            3,
            4
        ],
        [
            3,
            6
        ],
        [
            4,
            9
        ],
        [
            7,
            9
        ],
        [
            0,
            11
        ],
        [
            10,
            11
        ],
        [
            0,
            3
        ],
        [
            1,
            9
        ],
        [
            1,
            8
        ],
        [
            0,
            6
        ],
        [
            8,
            11
        ],
        [
            2,
            8
        ],
        [
            5
        ],
        [
            4,
            5
        ],
        [
            0,
            10
        ],
        [
            5,
            9
        ],
        [
            2,
            3
        ],
        [
            11
        ],
        [
            7,
            10
        ],
        [
            0,
            1
        ],
        [
            0,
            8
        ],
        [
            7,
            11
        ],
        [
            1,
            4
        ],
        [
            2,
            6
        ],
        [
            6,
            8
        ],
        [
            4,
            11
        ],
        [
            7
        ],
        [
            4,
            10
        ],
        [
            2,
            5
        ],
        [
            6
        ],
        [
            0
        ]
    ],
    "c": [
        7.193051954628391,
        2.1472166407284123,
        1.76863115551645,
        0.7570373223335494,
        2.168113086985489,
        1.4669012530186374,
        10.356616597554275,
        1.006313716857672,
        1.2565392248658542,
        1.2506654531379113,
        0.2979344685157055,
        8.960295789916888,
        10.914449862541073,
        1.8893040685856803,
        1.1712756367420936,
        10.018516995181102,
        0.4613107772140982,
        2.592667859237306,
        9.833354254991193,
        9.711178977929153,
        6.880003582418037,
        10.073902430254302,
        9.609338847387091,
        8.56311899005133,
        2.265257866530579,
        9.065121386902758,
        9.961148812101017,
        9.674949640735345,
        9.858595658017107,
        9.197982415638075,
        0.6534130212422286,
        9.066472935560013,
        7.595138236642324,
        1.2772176847925092,
        7.057781529691852,
        1.0306629834334862,
        10.083406968176144,
        8.689470524705266,
        10.111770072273268,
        1.0061884635883067,
        1.463962033088941,
        11.027610383340255,
        0.30546973140340783,
        -0.2394511494531233,
        1.3387669217542344,
        2.904432079458026
    ],
    "label": {
        "x": [
            1.0,
            1.0,
            1.0,
            0.0,
            1.0,
            0.0,
            0.0,
            1.0,
            0.0,
            0.0,
            0.0,
            0.0
        ],
        "z": [
            1.0,
            1.0,
            1.0,
            -1.0,
            1.0,
            -1.0,
            -1.0,
            1.0,
            -1.0,
            -1.0,
            -1.0,
            -1.0
        ],
        "obj_val": -131.04077579489564
    }
}