{
    "J": [
        [
            0,
            4
        ],
        [
            10,
            11
        ],
        [
            5,
            8
        ],
        [
            1,
            2
        ],
        [
            6
        ],
        [
            6,
            10
        ],
        [
            2,
            9
        ],
        [
            0,
            1
        ],
        [
            0,
            7
        ],
        [
            1,
            6
        ],
        [
            2,
            10
        ],
        [
            8,
            11
        ],
        [
            6,
            9
        ],
        [
            4,
            10
        ],
        [
            8,
            9
        ],
        [
            1,
            4
        ],
        [
            1,
            10
        ],
        [
            7
        ],
        [
            7,
            9
        ],
        [
            3,
            10
        ],
        [
            5,
            7
        ],
        [
            4,
            5
        ],
        [
            7,
            10
        ]
    ],
    "c": [
        9.928961394209397,
        -0.9579477442884665,
        8.86745865138747,
        10.849022050599082,
        0.46055959678522773,
        1.4320429762362137,
        -1.5154580336834962,
        -0.8677738725623374,
        1.7641056447666008,
        0.8136396361032223,
        8.912787893192494,
        0.4110269964845291,
        0.4069693024000539,
        10.397060835479868,
        9.879711500509009,
        0.5389180837839359,
        11.095910530168336,
        9.445000253748733,
        0.23467776026096976,
        7.96478435988986,
        10.045789626816928,
        0.31775802103348005,
        10.959777600321853
    ],
    "label": {
        "x": [
            1.0,
            0.0,
            1.0,
            0.0,
            0.0,
            1.0,
            0.0,
            0.0,
            0.0,
            1.0,
            1.0,
            1.0
        ],
        "z": [
            1.0,
            -1.0,
            1.0,
            -1.0,
            -1.0,
            1.0,
            -1.0,
            -1.0,
            -1.0,
            1.0,
            1.0,
            1.0
        ],
        "obj_val": -95.80090339342757
    }
}