{
    "J": [
        [
            3,
            5
        ],
        [
            7,
            11
        ],
        [
            3,
            9
        ],
        [
            0,
            1
        ],
        [
            2,
            10
        ],
        [
            6,
            8
        ],
        [
            6,
            9
        ],
        [
            0,
            9
        ],
        [
            5
        ],
        [
            7,
            10
        ],
        [
            4,
            6
        ],
        [
            10
        ],
        [
            3,
            6
        ],
        [
            0,
            3
        ],
        [
            4,
            8
        ],
        [
            5,
            9
        ],
        [
            9,
            10
        ],
        [
            2
        ],
        [
            2,
            4
        ],
        [
            11
        ],
        [
            1
        ],
        [
            3
        ],
        [
            1,
            10
        ]
    ],
    "c": [
        0.29221181758410686,
        2.682228269423254,
        -1.8265043908907188,
        12.160617132582829,
        3.019628067722426,
        9.907309556699328,
        1.3973110779903453,
        2.0232219122933897,
        8.477559938885287,
        2.7006226934318587,
        1.360275071035164,
        8.163309918765808,
        -0.06963290111863274,
        -0.9246631191314956,
        2.108513197587185,
        3.891795555993543,
        9.876688413260245,
        10.417664936871514,
        2.126791302554638,
        -0.03297398252086259,
        10.355557290538446,
        11.112033857539632,
        2.838559134009756
    ],
    "label": {
        "x": [
            1.0,
            0.0,
            0.0,
            0.0,
            1.0,
            0.0,
            0.0,
            1.0,
            1.0,
            1.0,
            0.0,
            0.0
        ],
        "z": [
            1.0,
            -1.0,
            -1.0,
            -1.0,
            1.0,
            -1.0,
            -1.0,
            1.0,
            1.0,
            1.0,
            -1.0,
            -1.0
        ],
        "obj_val": -81.63312229495057
    }
}