{
    "J": [
        [
            4,
            6
        ],
        [
            0,
            4
        ],
        [
            2,
            5
        ],
        [
            3,
            5
        ],
        [
            4,
            7
        ],
        [
            6,
            10
        ],
        [
            8,
            10
        ],
        [
            2,
            7
        ],
        [
            5,
            7
        ],
        [
            2,
            11
        ],
        [
            0
        ],
        [
            11
        ],
        [
            2,
            10
        ],
        [
            7,
            10
        ],
        [
            3
        ],
        [
            5
        ],
        [
            1,
            8
        ],
        [
            5,
            10
        ],
        [
            1
        ],
        [
            5,
            9
        ],
        [
            2,
            4
        ],
        [
            4,
            11
        ],
        [
            8,
            11
        ]
    ],
    "c": [
        3.0277964941898095,
        10.483563900187427,
        9.550274912311874,
        -0.15993466260481903,
        10.164118652076391,
        11.302415903809305,
        11.401779046484712,
        9.021166713504424,
        0.053946515527877215,
        0.03359343822167393,
        2.3342595124752687,
        1.961431195451675,
        1.2329746432173194,
        10.409767868584021,
        0.9914758651019366,
        1.1441446940489373,
        9.214912573130656,
        10.077805121768844,
        9.078487760442794,
        9.378985390083516,
        9.558152947543498,
        10.527411562660848,
        10.015800403669685
    ],
    "label": {
        "x": [
            0.0,
            0.0,
            0.0,
            0.0,
            1.0,
            1.0,
            1.0,
            1.0,
            1.0,
            0.0,
            0.0,
            0.0
        ],
        "z": [
            -1.0,
            -1.0,
            -1.0,
            -1.0,
            1.0,
            1.0,
            1.0,
            1.0,
            1.0,
            -1.0,
            -1.0,
            -1.0
        ],
        "obj_val": -119.49118157732367
    }
}