{
    "J": [
        [
            3
        ],
        [
            6,
            8
        ],
        [
            8,
            10
        ],
        [
            4,
            7
        ],
        [
            4
        ],
        [
            1,
            5
        ],
        [
            8,
            9
        ],
        [
            7,
            11
        ],
        [
            1,
            6
        ],
        [
            0,
            7
        ],
        [
            4,
            11
        ],
        [
            0,
            8
        ],
        [
            2,
            3
        ],
        [
            1
        ],
        [
            0,
            1
        ],
        [
            2,
            7
        ],
        [
            7,
            9
        ],
        [
            6,
            7
        ],
        [
            5,
            8
        ],
        [
            9
        ],
        [
            11
        ],
        [
            4,
            9
        ],
        [
            3,
            5
        ],
        [
            0,
            4
        ],
        [
            3,
            8
        ],
        [
            0,
            9
        ],
        [
            0,
            5
        ],
        [
            4,
            10
        ],
        [
            8
        ],
        [
            4,
            8
        ],
        [
            2,
            10
        ],
        [
            8,
            11
        ],
        [
            1,
            2
        ],
        [
            5,
            7
        ],
        [
            1,
            4
        ],
        [
            0,
            3
        ],
        [
            2,
            8
        ],
        [
            1,
            7
        ],
        [
            5,
            6
        ],
        [
            9,
            10
        ],
        [
            1,
            11
        ],
        [
            3,
            6
        ],
        [
            6,
            11
        ],
        [
            7,
            10
        ],
        [
            3,
            10
        ],
        [
            3,
            4
        ]
    ],
    "c": [
        -4.900431045425604,
        2.551045593098281,
        2.2596490170204566,
        4.043052831028277,
        -1.426921831862927,
        0.17480965521365377,
        -1.7404086694219592,
        4.534454127151848,
        4.889605934277645,
        -3.5066333183970197,
        2.330965139508793,
        -0.46194645635848275,
        -0.7312738433316577,
        1.1769612444415358,
        -1.6893858961016628,
        -3.822411315220866,
        1.2852886289870753,
        -2.5113699612455243,
        3.6014196951552773,
        1.0227045532812715,
        -2.425853620337292,
        -3.864144807000527,
        -2.684910465863198,
        -3.523590006277412,
        1.5144828098139698,
        1.987676435255782,
        1.2652862871332768,
        -3.982486711189911,
        -2.3754347599636816,
        3.4142818892817477,
        1.142417569456172,
        3.5368049015090577,
        -4.9278134905112765,
        0.8427383096141714,
        3.093357286361911,
        0.9157881584539274,
        4.53364859047433,
        2.575409360026538,
        -2.745312476276942,
        -2.382388963747224,
        -2.3095080112888065,
        1.3978702615465668,
        1.5286147891752648,
        0.5678736854105768,
        -0.6696939680725151,
        2.7455350223117767
    ],
    "label": {
        "x": [
            0.0,
            0.0,
            0.0,
            1.0,
            1.0,
            1.0,
            1.0,
            0.0,
            0.0,
            1.0,
            1.0,
            1.0
        ],
        "z": [
            -1.0,
            -1.0,
            -1.0,
            1.0,
            1.0,
            1.0,
            1.0,
            -1.0,
            -1.0,
            1.0,
            1.0,
            1.0
        ],
        "obj_val": -52.960995457176516
    }
}