{
    "J": [
        [
            9
        ],
        [
            1
        ],
        [
            1,
            4
        ],
        [
            1,
            5
        ],
        [
            2,
            5
        ],
        [
            0,
            2
        ],
        [
            3,
            10
        ],
        [
            0,
            9
        ],
        [
            3
        ],
        [
            5,
            11
        ],
        [
            7,
            9
        ],
        [
            0,
            5
        ],
        [
            8,
            11
        ],
        [
            2,
            11
        ],
        [
            5
        ],
        [
            4,
            9
        ],
        [
            2,
            10
        ],
        [
            5,
            6
        ],
        [
            2,
            7
        ],
        [
            4,
            6
        ],
        [
            0,
            7
        ],
        [
            6,
            8
        ],
        [
            2
        ]
    ],
    "c": [
        3.030589068047499,
        2.6759567742096335,
        2.1573729843540077,
        -2.177423648406501,
        3.2960348872573135,
        -0.4330858052690276,
        -1.6697433420802934,
        0.7204946890349984,
        3.7031397647598148,
        3.3359460265808814,
        -2.252575758234645,
        4.879934669965996,
        1.460418994755015,
        1.9381313461064744,
        3.4693142738318965,
        0.972033304226823,
        -4.873170774539471,
        2.0873698624181545,
        3.280560593121516,
        -1.3130370876755526,
        2.94376431929644,
        -3.2777737033036147,
        4.067483707794331
    ],
    "label": {
        "x": [
            1.0,
            0.0,
            0.0,
            0.0,
            1.0,
            0.0,
            1.0,
            0.0,
            1.0,
            0.0,
            0.0,
            1.0
        ],
        "z": [
            1.0,
            -1.0,
            -1.0,
            -1.0,
            1.0,
            -1.0,
            1.0,
            -1.0,
            1.0,
            -1.0,
            -1.0,
            1.0
        ],
        "obj_val": -43.07515482446416
    }
}