{
    "J": [
        [
            2,
            5
        ],
        [
            0,
            11
        ],
        [
            9,
            11
        ],
        [
            3,
            10
        ],
        [
            4,
            6
        ],
        [
            2,
            8
        ],
        [
            4,
            8
        ],
        [
            0
        ],
        [
            2
        ],
        [
            6,
            11
        ],
        [
            3,
            6
        ],
        [
            1,
            8
        ],
        [
            6,
            8
        ],
        [
            8
        ],
        [
            2,
            10
        ],
        [
            1,
            11
        ],
        [
            7,
            9
        ],
        [
            9,
            10
        ],
        [
            7,
            10
        ],
        [
            1,
            6
        ],
        [
            10,
            11
        ],
        [
            6
        ],
        [
            3,
            7
        ],
        [
            0,
            4
        ],
        [
            5,
            8
        ],
        [
            1,
            3
        ],
        [
            2,
            7
        ],
        [
            6,
            10
        ],
        [
            0,
            2
        ],
        [
            2,
            9
        ],
        [
            1,
            4
        ],
        [
            1,
            2
        ],
        [
            0,
            6
        ],
        [
            1
        ],
        [
            0,
            10
        ],
        [
            9
        ],
        [
            8,
            10
        ],
        [
            0,
            1
        ],
        [
            2,
            6
        ],
        [
            11
        ],
        [
            6,
            7
        ],
        [
            4,
            7
        ],
        [
            2,
            3
        ],
        [
            3
        ],
        [
            7,
            8
        ],
        [
            0,
            3
        ]
    ],
    "c": [
        4.727497708627466,
        1.7255757790261903,
        0.8223653458269364,
        -0.4132436660995067,
        4.278508466406393,
        1.9594584153898476,
        0.4001215617101126,
        -1.9420641022835419,
        -0.08601039248318187,
        -1.5207651399156195,
        4.524021791799029,
        -3.2351772588785046,
        -2.2842208762811755,
        1.543990825189855,
        -0.058443857961729684,
        4.797408552108871,
        -0.5014625363942251,
        0.9539076164922369,
        -3.5911501591238313,
        -2.276920080267184,
        3.979353773887709,
        2.147163935814234,
        -4.279429236677954,
        4.237920231701924,
        1.481938465155829,
        4.782913287440538,
        -0.42831449697010093,
        -4.115732609097088,
        2.410825598567765,
        -0.009392366190624557,
        -3.672680300595087,
        1.0329715509279236,
        2.710180151518978,
        -1.3478449637634204,
        -1.963932863982425,
        4.501268616734441,
        4.561027495756093,
        4.189930099720879,
        -0.36117313560116493,
        -1.4097215044187994,
        -3.403455574532148,
        -1.8281108403140935,
        1.2747118014460455,
        4.828113446471157,
        0.5969561750910888,
        -1.816444651802791
    ],
    "label": {
        "x": [
            0.0,
            1.0,
            1.0,
            0.0,
            1.0,
            0.0,
            0.0,
            0.0,
            1.0,
            0.0,
            0.0,
            1.0
        ],
        "z": [
            -1.0,
            1.0,
            1.0,
            -1.0,
            1.0,
            -1.0,
            -1.0,
            -1.0,
            1.0,
            -1.0,
            -1.0,
            1.0
        ],
        "obj_val": -51.75089058460158
    }
}