{
    "J": [
        [
            2,
            7
        ],
        [
            11
        ],
        [
            1,
            7
        ],
        [
            2,
            6
        ],
        [
            5,
            7
        ],
        [
            3,
            9
        ],
        [
            4,
            8
        ],
        [
            3,
            6
        ],
        [
            8
        ],
        [
            0
        ],
        [
            6
        ],
        [
            2,
            10
        ],
        [
            4,
            5
        ],
        [
            0,
            4
        ],
        [
            1,
            6
        ],
        [
            6,
            10
        ],
        [
            0,
            10
        ],
        [
            0,
            3
        ],
        [
            1,
            10
        ],
        [
            2,
            8
        ],
        [
            2,
            4
        ],
        [
            7,
            9
        ],
        [
            3,
            10
        ],
        [
            6,
            9
        ],
        [
            10
        ],
        [
            2,
            5
        ],
        [
            0,
            7
        ],
        [
            2,
            9
        ],
        [
            3,
            11
        ],
        [
            9,
            10
        ],
        [
            9,
            11
        ],
        [
            4,
            10
        ],
        [
            0,
            8
        ],
        [
            0,
            6
        ],
        [
            5,
            11
        ],
        [
            1,
            9
        ],
        [
            4,
            6
        ],
        [
            4
        ],
        [
            0,
            11
        ],
        [
            8,
            9
        ],
        [
            2,
            11
        ],
        [
            4,
            9
        ],
        [
            4,
            7
        ],
        [
            5,
            6
        ],
        [
            5,
            10
        ],
        [
            1
        ]
    ],
    "c": [
        4.687976334351379,
        -4.550304739847778,
        2.131683405286884,
        -3.4258763547945925,
        -0.6450784617210159,
        -3.932733463437045,
        3.8020164823433173,
        -2.2587055909515774,
        -3.8436514561161648,
        -3.641033018828449,
        -4.356406340405533,
        4.954139726736095,
        -4.559343077971114,
        1.5690102684767746,
        -3.2524076184574193,
        -3.5580316626412865,
        3.161521755537253,
        4.029309520394209,
        -0.7697583660723506,
        -4.1777728106269745,
        -4.747622698330275,
        3.863342584119035,
        4.275066012254147,
        3.8430720595543573,
        -3.772525255176713,
        1.7008025194434664,
        -1.2922298219401984,
        -0.008763334758571162,
        -2.8291902612369335,
        1.8333040957103233,
        -0.679553144972834,
        -3.9487463647157997,
        -3.1882154244624794,
        0.22444076204080954,
        -2.632954754414414,
        4.28390035582094,
        1.7854278578361624,
        3.539691491147499,
        2.292186056831972,
        0.8446806062802983,
        -1.159493039098718,
        -4.688738050322173,
        4.174429016506451,
        2.8790654946143635,
        3.2589539947366024,
        -2.560917284929183
    ],
    "label": {
        "x": [
            1.0,
            1.0,
            0.0,
            0.0,
            0.0,
            0.0,
            1.0,
            1.0,
            1.0,
            0.0,
            1.0,
            0.0
        ],
        "z": [
            1.0,
            1.0,
            -1.0,
            -1.0,
            -1.0,
            -1.0,
            1.0,
            1.0,
            1.0,
            -1.0,
            1.0,
            -1.0
        ],
        "obj_val": -85.16420726631964
    }
}