{
    "J": [
        [
            7
        ],
        [
            7,
            11
        ],
        [
            8,
            9
        ],
        [
            10,
            11
        ],
        [
            3
        ],
        [
            1
        ],
        [
            4,
            6
        ],
        [
            7,
            9
        ],
        [
            2,
            11
        ],
        [
            4,
            10
        ],
        [
            5,
            9
        ],
        [
            2,
            7
        ],
        [
            1,
            5
        ],
        [
            6,
            7
        ],
        [
            8,
            11
        ],
        [
            1,
            11
        ],
        [
            0,
            6
        ],
        [
            7,
            10
        ],
        [
            6,
            9
        ],
        [
            2,
            8
        ],
        [
            0,
            1
        ],
        [
            5,
            7
        ],
        [
            6,
            8
        ],
        [
            3,
            9
        ],
        [
            0,
            4
        ],
        [
            9,
            11
        ],
        [
            0,
            10
        ],
        [
            4,
            8
        ],
        [
            5,
            10
        ],
        [
            11
        ],
        [
            1,
            2
        ],
        [
            2
        ],
        [
            1,
            10
        ],
        [
            3,
            6
        ],
        [
            4,
            9
        ],
        [
            1,
            7
        ],
        [
            1,
            3
        ],
        [
            9,
            10
        ],
        [
            3,
            7
        ],
        [
            6,
            10
        ],
        [
            4
        ],
        [
            10
        ],
        [
            3,
            11
        ],
        [
            2,
            4
        ],
        [
            3,
            10
        ],
        [
            5,
            8
        ]
    ],
    "c": [
        1.5838999973674124,
        0.09727682674288829,
        3.872267847203128,
        -0.2962995359828513,
        3.493975799542282,
        -3.7235645216195046,
        4.130954049905318,
        0.9747384117822584,
        -4.410903532590643,
        -0.3422091799488989,
        -4.025905266818479,
        0.1398368168954054,
        -4.21335963803242,
        4.087817626385945,
        4.2944415435547825,
        3.2721493373758577,
        3.5752344901728215,
        3.612422033957639,
        2.371180377559691,
        2.3893343768474686,
        0.6729351392666336,
        -3.406410441925769,
        -4.564169844924063,
        1.4294198441189598,
        2.8600384821421265,
        1.4933332289490462,
        -0.8550048117247009,
        -0.4681558642850847,
        -3.224670766000922,
        0.6294751270425314,
        -1.9143695495999804,
        0.4548264999182514,
        3.1916314642083723,
        4.707501856767422,
        -1.6368924916904968,
        0.7734366551165808,
        0.5142559867423522,
        2.4550771362710853,
        1.3674908135120267,
        2.2953595539245732,
        -4.0303089314213985,
        4.028231227307163,
        2.531768864522518,
        4.008298667870232,
        -0.4612531147264942,
        -3.780701341517556
    ],
    "label": {
        "x": [
            0.0,
            1.0,
            0.0,
            0.0,
            1.0,
            1.0,
            1.0,
            1.0,
            1.0,
            1.0,
            0.0,
            0.0
        ],
        "z": [
            -1.0,
            1.0,
            -1.0,
            -1.0,
            1.0,
            1.0,
            1.0,
            1.0,
            1.0,
            1.0,
            -1.0,
            -1.0
        ],
        "obj_val": -61.0481622649967
    }
}