{
    "J": [
        [
            4,
            9
        ],
        [
            0,
            3
        ],
        [
            2,
            8
        ],
        [
            8,
            9
        ],
        [
            0
        ],
        [
            4,
            10
        ],
        [
            5,
            8
        ],
        [
            4,
            7
        ],
        [
            8
        ],
        [
            3,
            4
        ],
        [
            1,
            8
        ],
        [
            6
        ],
        [
            4,
            11
        ],
        [
            2,
            5
        ],
        [
            0,
            7
        ],
        [
            2,
            7
        ],
        [
            2,
            6
        ],
        [
            1,
            6
        ],
        [
            8,
            11
        ],
        [
            9
        ],
        [
            0,
            8
        ],
        [
            1,
            3
        ],
        [
            6,
            10
        ]
    ],
    "c": [
        -1.0974740512420365,
        -4.898028648757259,
        -0.48098381284203917,
        -2.5285408709856583,
        -0.060063809734315576,
        -1.716381957414037,
        1.398147657782526,
        -4.476497186418269,
        -2.885109846904804,
        -0.12208954780907799,
        -1.3092525694006052,
        2.4563837993496556,
        -2.579234926324958,
        1.5584447737867873,
        -0.880852320833883,
        -2.34809836332596,
        -2.2692445865262156,
        4.066682084877932,
        -2.3370996868659644,
        -1.0294721759027126,
        -3.689698058253472,
        -3.154913653740956,
        -2.052486830936995
    ],
    "label": {
        "x": [
            1.0,
            1.0,
            1.0,
            1.0,
            1.0,
            0.0,
            0.0,
            1.0,
            1.0,
            1.0,
            0.0,
            1.0
        ],
        "z": [
            1.0,
            1.0,
            1.0,
            1.0,
            1.0,
            -1.0,
            -1.0,
            1.0,
            1.0,
            1.0,
            -1.0,
            1.0
        ],
        "obj_val": -41.42392813213559
    }
}