{
    "J": [
        [
            5,
            9
        ],
        [
            2,
            6
        ],
        [
            2,
            5
        ],
        [
            6,
            11
        ],
        [
            0,
            2
        ],
        [
            7,
            11
        ],
        [
            2,
            7
        ],
        [
            3,
            10
        ],
        [
            3,
            5
        ],
        [
            2,
            8
        ],
        [
            0,
            5
        ],
        [
            4,
            10
        ],
        [
            1,
            2
        ],
        [
            6,
            10
        ],
        [
            2,
            9
        ],
        [
            0,
            4
        ],
        [
            1,
            10
        ],
        [
            4,
            6
        ],
        [
            7,
            9
        ],
        [
            5,
            8
        ],
        [
            0,
            10
        ],
        [
            1,
            8
        ],
        [
            6,
            7
        ],
        [
            4
        ],
        [
            0,
            11
        ],
        [
            4,
            9
        ],
        [
            1,
            9
        ],
        [
            4,
            8
        ],
        [
            10
        ],
        [
            7,
            10
        ],
        [
            8
        ],
        [
            4,
            5
        ],
        [
            8,
            9
        ],
        [
            4,
            7
        ],
        [
            0,
            3
        ],
        [
            2,
            11
        ],
        [
            1,
            5
        ],
        [
            7,
            8
        ],
        [
            8,
            10
        ],
        [
            9,
            10
        ],
        [
            3,
            6
        ],
        [
            9
        ],
        [
            1,
            11
        ],
        [
            7
        ],
        [
            3
        ],
        [
            2,
            4
        ]
    ],
    "c": [
        0.9687452254840503,
        -4.903650274803361,
        -4.968101415390591,
        -3.3144885220799756,
        0.8423770375846651,
        -1.2077966403353448,
        -0.5762511356146147,
        4.6784665012056355,
        -2.8524815999823385,
        -0.17833760050643477,
        0.21473195309553272,
        3.0609271191267045,
        -1.6174494457160238,
        -2.889822545548059,
        -1.3158884046281116,
        -4.9551590372073715,
        -4.877373245693761,
        1.465111382632304,
        3.1737993599421124,
        -1.6303893827343363,
        4.149621039707174,
        1.0470215035064285,
        -1.8502650881666827,
        0.47752145222375564,
        4.277614399620301,
        4.644486701186555,
        -1.2780366001832721,
        -2.4360952634323416,
        -3.500865653509251,
        3.5420982835855668,
        3.9108710937031077,
        -0.7818772477808196,
        0.16064674073396112,
        -3.986152472124307,
        0.4167958128744962,
        -0.5458237676875548,
        1.6360737897830289,
        2.7429116771736153,
        -3.6766296175094326,
        0.7556943914935577,
        -3.3207362488586045,
        2.3500928156408865,
        -1.0045289980490413,
        2.409898303112916,
        0.9023774441765084,
        -0.31112487969398916
    ],
    "label": {
        "x": [
            0.0,
            1.0,
            1.0,
            0.0,
            0.0,
            0.0,
            1.0,
            0.0,
            0.0,
            1.0,
            1.0,
            1.0
        ],
        "z": [
            -1.0,
            1.0,
            1.0,
            -1.0,
            -1.0,
            -1.0,
            1.0,
            -1.0,
            -1.0,
            1.0,
            1.0,
            1.0
        ],
        "obj_val": -60.668270562120895
    }
}