{
    "J": [
        [
            2,
            3
        ],
        [
            1,
            7
        ],
        [
            3,
            6
        ],
        [
            0,
            4
        ],
        [
            3,
            7
        ],
        [
            5,
            7
        ],
        [
            4,
            10
        ],
        [
            7
        ],
        [
            4,
            6
        ],
        [
            7,
            9
        ],
        [
            0,
            1
        ],
        [
            4,
            9
        ],
        [
            4
        ],
        [
            7,
            8
        ],
        [
            8,
            9
        ],
        [
            0,
            3
        ],
        [
            5
        ],
        [
            0,
            7
        ],
        [
            6,
            10
        ],
        [
            3,
            8
        ],
        [
            0,
            6
        ],
        [
            5,
            6
        ],
        [
            3
        ]
    ],
    "c": [
        3.8953568910589453,
        4.822120395382695,
        4.855793649300278,
        4.604237759626322,
        -4.559581523255606,
        -1.1340788277431582,
        -0.4102357471133846,
        -4.7069968382506575,
        -0.33743715537013497,
        -3.556775465813049,
        -2.741155945609266,
        -2.9752738118273028,
        3.8635083146265767,
        -4.728820597473296,
        3.8341681665999126,
        3.2341108097739664,
        2.7363667338121918,
        4.607699786701287,
        -1.9642050303582623,
        0.788361846741104,
        -0.8454672912802614,
        -4.247028208933145,
        -3.9247384837405743
    ],
    "label": {
        "x": [
            0.0,
            0.0,
            0.0,
            1.0,
            0.0,
            0.0,
            0.0,
            1.0,
            1.0,
            0.0,
            0.0,
            0.0
        ],
        "z": [
            -1.0,
            -1.0,
            -1.0,
            1.0,
            -1.0,
            -1.0,
            -1.0,
            1.0,
            1.0,
            -1.0,
            -1.0,
            -1.0
        ],
        "obj_val": -53.20661148054411
    }
}