{
    "J": [
        [
            0,
            1
        ],
        [
            0,
            8
        ],
        [
            4,
            10
        ],
        [
            6,
            11
        ],
        [
            1,
            8
        ],
        [
            8,
            10
        ],
        [
            5,
            10
        ],
        [
            5,
            6
        ],
        [
            9,
            10
        ],
        [
            10
        ],
        [
            4,
            8
        ],
        [
            6
        ],
        [
            0,
            6
        ],
        [
            1,
            11
        ],
        [
            2,
            3
        ],
        [
            6,
            9
        ],
        [
            0,
            3
        ],
        [
            8,
            9
        ],
        [
            2,
            4
        ],
        [
            1,
            4
        ],
        [
            3,
            6
        ],
        [
            2
        ],
        [
            2,
            6
        ],
        [
            5
        ],
        [
            3,
            7
        ],
        [
            3,
            4
        ],
        [
            9,
            11
        ],
        [
            5,
            7
        ],
        [
            8,
            11
        ],
        [
            5,
            8
        ],
        [
            4,
            5
        ],
        [
            1,
            10
        ],
        [
            0,
            9
        ],
        [
            7
        ],
        [
            3,
            5
        ],
        [
            3,
            10
        ],
        [
            4
        ],
        [
            3,
            9
        ],
        [
            10,
            11
        ],
        [
            2,
            5
        ],
        [
            2,
            7
        ],
        [
            3,
            11
        ],
        [
            8
        ],
        [
            1,
            7
        ],
        [
            1,
            6
        ],
        [
            7,
            9
        ]
    ],
    "c": [
        0.4924071274766373,
        0.21774233757933992,
        1.2676287274214335,
        2.9299053237057198,
        0.993725966210107,
        3.395140063948613,
        -1.8616430598054845,
        -3.3509176503320246,
        -1.606268481547973,
        -1.9266577916621328,
        -1.4294289618283829,
        3.273952154745661,
        4.842505575469202,
        1.1807795487906372,
        0.016413111260852986,
        3.6484912788657127,
        -2.2141209416697007,
        -2.258243688993453,
        -3.7155576083432917,
        2.2511249992101314,
        2.5940397358485967,
        0.21054485429464176,
        1.904292053752135,
        -3.9232888120565503,
        -4.881314700807295,
        4.482752962283602,
        -4.550504050253824,
        -3.6501669084869723,
        -2.4299960683382906,
        -0.5295076475499885,
        -3.0953861793498962,
        -3.4108285126097924,
        -0.2933796438659231,
        3.839541910020344,
        3.096101192559079,
        -4.111169098278534,
        4.984297071819517,
        -3.6907865263142456,
        3.6242558192683774,
        -1.2373157424386374,
        3.52774297505389,
        -1.5535755943688123,
        -2.1268036196392504,
        -2.3967453925722317,
        -4.990625446896356,
        -2.8938512499331126
    ],
    "label": {
        "x": [
            1.0,
            0.0,
            0.0,
            1.0,
            0.0,
            0.0,
            0.0,
            1.0,
            1.0,
            1.0,
            0.0,
            1.0
        ],
        "z": [
            1.0,
            -1.0,
            -1.0,
            1.0,
            -1.0,
            -1.0,
            -1.0,
            1.0,
            1.0,
            1.0,
            -1.0,
            1.0
        ],
        "obj_val": -62.794341923594104
    }
}