{
    "J": [
        [
            9
        ],
        [
            3,
            7
        ],
        [
            6,
            9
        ],
        [
            1,
            7
        ],
        [
            5,
            10
        ],
        [
            5,
            8
        ],
        [
            2,
            5
        ],
        [
            11
        ],
        [
            7,
            10
        ],
        [
            3,
            4
        ],
        [
            8,
            9
        ],
        [
            6,
            10
        ],
        [
            1,
            2
        ],
        [
            1,
            3
        ],
        [
            2,
            8
        ],
        [
            1,
            6
        ],
        [
            1,
            4
        ],
        [
            2,
            6
        ],
        [
            4,
            11
        ],
        [
            0,
            11
        ],
        [
            0,
            3
        ],
        [
            7
        ],
        [
            1,
            9
        ]
    ],
    "c": [
        -0.29635036583128294,
        -4.06123004784375,
        -2.754290076109865,
        -2.0400288282247256,
        -3.7761164019900226,
        -4.55567372890204,
        3.6229281253264816,
        -3.423897806154932,
        -1.3412043783577188,
        -0.6980282655358181,
        -2.265033141494964,
        -0.9715972175567691,
        -2.1938268195920307,
        3.6270040202746348,
        1.0738831698959448,
        4.2377928706275245,
        0.6654329194902866,
        -3.984579611601701,
        4.117491299792974,
        -4.437074382121944,
        -3.9117938346131744,
        -4.29426779998175,
        1.3233119632208687
    ],
    "label": {
        "x": [
            1.0,
            0.0,
            0.0,
            1.0,
            0.0,
            1.0,
            1.0,
            1.0,
            1.0,
            1.0,
            1.0,
            1.0
        ],
        "z": [
            1.0,
            -1.0,
            -1.0,
            1.0,
            -1.0,
            1.0,
            1.0,
            1.0,
            1.0,
            1.0,
            1.0,
            1.0
        ],
        "obj_val": -48.89669782483614
    }
}