{
    "J": [
        [
            0,
            9
        ],
        [
            4
        ],
        [
            7,
            11
        ],
        [
            2,
            10
        ],
        [
            3,
            6
        ],
        [
            1,
            7
        ],
        [
            6,
            11
        ],
        [
            7,
            10
        ],
        [
            4,
            7
        ],
        [
            10,
            11
        ],
        [
            3
        ],
        [
            1,
            4
        ],
        [
            2,
            7
        ],
        [
            0,
            10
        ],
        [
            6
        ],
        [
            2,
            4
        ],
        [
            9
        ],
        [
            3,
            4
        ],
        [
            0
        ],
        [
            4,
            9
        ],
        [
            0,
            6
        ],
        [
            7
        ],
        [
            4,
            10
        ],
        [
            8
        ],
        [
            1,
            2
        ],
        [
            3,
            11
        ],
        [
            11
        ],
        [
            2,
            11
        ],
        [
            3,
            10
        ],
        [
            0,
            3
        ],
        [
            8,
            10
        ],
        [
            2,
            6
        ],
        [
            6,
            8
        ],
        [
            6,
            10
        ],
        [
            0,
            8
        ],
        [
            1,
            10
        ],
        [
            10
        ],
        [
            7,
            8
        ],
        [
            1,
            6
        ],
        [
            2
        ],
        [
            1,
            11
        ],
        [
            0,
            2
        ],
        [
            1,
            8
        ],
        [
            1,
            5
        ],
        [
            2,
            9
        ],
        [
            0,
            4
        ]
    ],
    "c": [
        -4.642291620172276,
        2.0293015858314956,
        0.7401797516435247,
        2.484880440815667,
        -1.4114118748492266,
        1.306352112313549,
        4.639525000358759,
        4.4964752539302815,
        3.742045440296355,
        1.1659858908906031,
        4.063590359973464,
        0.12722351244273788,
        0.368461906370535,
        -0.006589957941328883,
        3.8077075386323695,
        -4.325228100469946,
        1.1844640460092588,
        -0.9932555290355225,
        -0.23728921254896118,
        1.5673050244151279,
        3.281637504758585,
        2.912499647690624,
        -1.6516446588786584,
        -2.1021775470326407,
        -4.572791447900673,
        -2.326597987729696,
        4.717569915602288,
        3.91723780964686,
        3.8701956598990854,
        -2.9001907578319686,
        -4.6185379466511955,
        -0.9614311289790125,
        -3.8712869424639065,
        3.4052691063956466,
        0.23802390109994764,
        -0.30068828488232757,
        -0.567933393778973,
        3.4951902290152344,
        2.5272326835922616,
        1.5987893067364656,
        -3.0694659594378737,
        -4.489542298680917,
        1.3392695593340411,
        0.8203786207447106,
        -3.5074743405554187,
        -4.02403548267476
    ],
    "label": {
        "x": [
            0.0,
            0.0,
            0.0,
            0.0,
            0.0,
            1.0,
            1.0,
            0.0,
            1.0,
            0.0,
            1.0,
            0.0
        ],
        "z": [
            -1.0,
            -1.0,
            -1.0,
            -1.0,
            -1.0,
            1.0,
            1.0,
            -1.0,
            1.0,
            -1.0,
            1.0,
            -1.0
        ],
        "obj_val": -67.32498164046231
    }
}