{
    "J": [
        [
            1,
            7
        ],
        [
            7,
            11
        ],
        [
            3,
            5
        ],
        [
            4
        ],
        [
            0,
            9
        ],
        [
            7,
            8
        ],
        [
            4,
            7
        ],
        [
            4,
            5
        ],
        [
            0,
            7
        ],
        [
            5,
            11
        ],
        [
            2,
            10
        ],
        [
            0,
            8
        ],
        [
            1,
            5
        ],
        [
            6,
            7
        ],
        [
            2,
            6
        ],
        [
            0,
            4
        ],
        [
            8,
            11
        ],
        [
            4,
            9
        ],
        [
            10
        ],
        [
            1
        ],
        [
            0
        ],
        [
            0,
            2
        ],
        [
            3,
            8
        ]
    ],
    "c": [
        1.0458180551999963,
        3.701212791514104,
        -1.048815567627397,
        -3.278851133285671,
        -4.906710861123306,
        -3.906859329403792,
        1.9291305342903105,
        2.1701004778666437,
        -0.3820719540626314,
        -2.65791232604093,
        -2.406287899953531,
        3.1956382186466143,
        -3.117615282228531,
        1.0814841002979882,
        -3.0678849539432274,
        -0.347973370767674,
        4.693289855630701,
        0.14384218495364465,
        0.29772037348706526,
        4.6449639964535425,
        -3.3904201360687,
        -0.22534382600023406,
        -3.37797416784181
    ],
    "label": {
        "x": [
            1.0,
            0.0,
            1.0,
            0.0,
            1.0,
            0.0,
            1.0,
            0.0,
            0.0,
            1.0,
            1.0,
            1.0
        ],
        "z": [
            1.0,
            -1.0,
            1.0,
            -1.0,
            1.0,
            -1.0,
            1.0,
            -1.0,
            -1.0,
            1.0,
            1.0,
            1.0
        ],
        "obj_val": -45.96319160919951
    }
}