{
    "J": [
        [
            9
        ],
        [
            4,
            11
        ],
        [
            0,
            1
        ],
        [
            7,
            11
        ],
        [
            8,
            10
        ],
        [
            0,
            5
        ],
        [
            5,
            11
        ],
        [
            9,
            10
        ],
        [
            1,
            7
        ],
        [
            6,
            9
        ],
        [
            4,
            9
        ],
        [
            4,
            5
        ],
        [
            1,
            2
        ],
        [
            3,
            4
        ],
        [
            2,
            9
        ],
        [
            0,
            3
        ],
        [
            6,
            10
        ],
        [
            1,
            11
        ],
        [
            4
        ],
        [
            3,
            10
        ],
        [
            0,
            2
        ],
        [
            7,
            9
        ],
        [
            9,
            11
        ]
    ],
    "c": [
        3.797866107710135,
        -1.90750053308814,
        1.2102876583363322,
        1.5331507483573255,
        -3.1424059294965034,
        3.814136010677032,
        2.260378995148603,
        -1.702478985257121,
        -0.5293417420941378,
        -3.381313834969266,
        -0.8893924879505626,
        3.961997408235785,
        -4.842082960708787,
        3.281605286376104,
        -2.8367407506869013,
        -2.176151800706423,
        3.1234866354039976,
        1.1237803885845512,
        4.982145445301372,
        -4.85276886257469,
        -0.44472804788937026,
        -1.1522956646798943,
        0.3173381453488755
    ],
    "label": {
        "x": [
            1.0,
            0.0,
            0.0,
            1.0,
            0.0,
            0.0,
            0.0,
            0.0,
            1.0,
            0.0,
            1.0,
            1.0
        ],
        "z": [
            1.0,
            -1.0,
            -1.0,
            1.0,
            -1.0,
            -1.0,
            -1.0,
            -1.0,
            1.0,
            -1.0,
            1.0,
            1.0
        ],
        "obj_val": -41.22996448064108
    }
}