{
    "J": [
        [
            7,
            8
        ],
        [
            1,
            5
        ],
        [
            5,
            9
        ],
        [
            6,
            8
        ],
        [
            4,
            7
        ],
        [
            5,
            8
        ],
        [
            0,
            3
        ],
        [
            4,
            5
        ],
        [
            2,
            11
        ],
        [
            5,
            6
        ],
        [
            0,
            5
        ],
        [
            0,
            4
        ],
        [
            3,
            6
        ],
        [
            0,
            11
        ],
        [
            7,
            11
        ],
        [
            2,
            10
        ],
        [
            7,
            9
        ],
        [
            2,
            7
        ],
        [
            0,
            10
        ],
        [
            6
        ],
        [
            9,
            10
        ],
        [
            1
        ],
        [
            5,
            10
        ]
    ],
    "c": [
        -4.909063632722983,
        -4.20473181915203,
        3.6974550581965495,
        -1.8879729742477833,
        2.3150965483650987,
        2.6372020440828994,
        3.205542884038479,
        -1.8309105831145445,
        4.67647843096902,
        -0.46554874507669286,
        4.080644616991647,
        4.026251440573542,
        2.2434489104219413,
        -2.890332445664808,
        -4.577898953973455,
        1.5367516229390796,
        0.3217576975976648,
        0.18370966267885613,
        3.8749905422688915,
        1.301464412474564,
        4.0807984272764894,
        4.128415625539084,
        -2.479796544098438
    ],
    "label": {
        "x": [
            1.0,
            0.0,
            0.0,
            0.0,
            0.0,
            0.0,
            1.0,
            1.0,
            1.0,
            1.0,
            0.0,
            1.0
        ],
        "z": [
            1.0,
            -1.0,
            -1.0,
            -1.0,
            -1.0,
            -1.0,
            1.0,
            1.0,
            1.0,
            1.0,
            -1.0,
            1.0
        ],
        "obj_val": -58.305218666288546
    }
}