{
    "J": [
        [
            8,
            11
        ],
        [
            2,
            8
        ],
        [
            2,
            9
        ],
        [
            2,
            3
        ],
        [
            1,
            10
        ],
        [
            2,
            4
        ],
        [
            1
        ],
        [
            7,
            9
        ],
        [
            8,
            10
        ],
        [
            6,
            10
        ],
        [
            0,
            11
        ],
        [
            5,
            8
        ],
        [
            4
        ],
        [
            0,
            4
        ],
        [
            1,
            5
        ],
        [
            5,
            6
        ],
        [
            3,
            9
        ],
        [
            7,
            10
        ],
        [
            3,
            5
        ],
        [
            0,
            9
        ],
        [
            6,
            11
        ],
        [
            3,
            7
        ],
        [
            0,
            2
        ],
        [
            4,
            11
        ],
        [
            0,
            6
        ],
        [
            0
        ],
        [
            6
        ],
        [
            5
        ],
        [
            0,
            10
        ],
        [
            1,
            3
        ],
        [
            7
        ],
        [
            7,
            11
        ],
        [
            4,
            7
        ],
        [
            4,
            10
        ],
        [
            10
        ],
        [
            2,
            6
        ],
        [
            8,
            9
        ],
        [
            2,
            10
        ],
        [
            1,
            4
        ],
        [
            0,
            5
        ],
        [
            5,
            11
        ],
        [
            4,
            6
        ],
        [
            1,
            8
        ],
        [
            9,
            11
        ],
        [
            3,
            4
        ],
        [
            0,
            3
        ]
    ],
    "c": [
        1.1527398460668028,
        2.517720004938595,
        2.4359892463390587,
        -2.6718413676978123,
        1.942087600191603,
        3.8852820504528225,
        -3.261137866219216,
        -0.830127382733707,
        -2.3094740704796877,
        3.0352770998086456,
        -4.030076982086078,
        3.927116289849222,
        1.0122499699743601,
        -4.448272690704755,
        0.5196164291844996,
        -3.758383715382939,
        -0.024469186929856335,
        2.2199487007674046,
        -3.6293732173747917,
        -2.7899973858092295,
        -4.99931348428655,
        -3.467313537994543,
        3.058252643002197,
        -4.72656788096668,
        3.406317213814326,
        -0.4019941438100796,
        2.2324438963204827,
        4.162458540211363,
        -2.472258263222531,
        -2.9463907482027905,
        -4.452129279767199,
        4.370059391999382,
        3.8736099663891963,
        2.888824451653475,
        2.0827262585061046,
        -0.5994656036163848,
        -4.1573328214460625,
        1.6598292300892208,
        -2.234050109427248,
        -1.7878722463888232,
        -3.8396126233600656,
        0.5226379370169054,
        -3.915790741946333,
        1.187012474228597,
        -1.845585443543185,
        0.26232365658974555
    ],
    "label": {
        "x": [
            0.0,
            1.0,
            1.0,
            1.0,
            0.0,
            0.0,
            0.0,
            1.0,
            1.0,
            1.0,
            0.0,
            0.0
        ],
        "z": [
            -1.0,
            1.0,
            1.0,
            1.0,
            -1.0,
            -1.0,
            -1.0,
            1.0,
            1.0,
            1.0,
            -1.0,
            -1.0
        ],
        "obj_val": -64.71994183552732
    }
}