{
    "J": [
        [
            3,
            5
        ],
        [
            7,
            11
        ],
        [
            3,
            9
        ],
        [
            0,
            1
        ],
        [
            2,
            10
        ],
        [
            6,
            8
        ],
        [
            6,
            9
        ],
        [
            0,
            9
        ],
        [
            5
        ],
        [
            7,
            10
        ],
        [
            4,
            6
        ],
        [
            10
        ],
        [
            3,
            6
        ],
        [
            0,
            3
        ],
        [
            4,
            8
        ],
        [
            5,
            9
        ],
        [
            9,
            10
        ],
        [
            2
        ],
        [
            2,
            4
        ],
        [
            11
        ],
        [
            1
        ],
        [
            3
        ],
        [
            1,
            10
        ]
    ],
    "c": [
        -2.2425596505182623,
        0.0330494612075487,
        -0.43386729421762915,
        2.304083240824159,
        3.7327955230208687,
        4.051442552809183,
        1.3083532229479955,
        2.8785356757756997,
        -3.7227233331312326,
        4.068256021399495,
        0.41358175563095845,
        -4.996716602043424,
        -0.9986676788545719,
        -0.4359752997801545,
        -2.9606986820554413,
        0.20119763926237066,
        1.752913321770273,
        -1.764455807984937,
        0.6816945031291919,
        -1.7536345618755353,
        0.03194912181292153,
        -3.482210965025714,
        -2.5918794727133223
    ],
    "label": {
        "x": [
            0.0,
            1.0,
            0.0,
            1.0,
            1.0,
            1.0,
            0.0,
            0.0,
            1.0,
            1.0,
            1.0,
            1.0
        ],
        "z": [
            -1.0,
            1.0,
            -1.0,
            1.0,
            1.0,
            1.0,
            -1.0,
            -1.0,
            1.0,
            1.0,
            1.0,
            1.0
        ],
        "obj_val": -36.47092364886043
    }
}