{
    "J": [
        [
            4,
            6
        ],
        [
            0,
            4
        ],
        [
            2,
            5
        ],
        [
            3,
            5
        ],
        [
            4,
            7
        ],
        [
            6,
            10
        ],
        [
            8,
            10
        ],
        [
            2,
            7
        ],
        [
            5,
            7
        ],
        [
            2,
            11
        ],
        [
            0
        ],
        [
            11
        ],
        [
            2,
            10
        ],
        [
            7,
            10
        ],
        [
            3
        ],
        [
            5
        ],
        [
            1,
            8
        ],
        [
            5,
            10
        ],
        [
            1
        ],
        [
            5,
            9
        ],
        [
            2,
            4
        ],
        [
            4,
            11
        ],
        [
            8,
            11
        ]
    ],
    "c": [
        -1.1313770595996555,
        -4.2308203476345785,
        -3.1859102064564926,
        3.366840126328505,
        1.7481542105248424,
        3.7162926086268193,
        3.8650237427182415,
        -2.8842623833982572,
        -1.2347945778589473,
        1.021499452822125,
        3.945773088052535,
        -3.9159557715686235,
        1.7095844582377637,
        3.6091525850277613,
        -2.5573576153492548,
        -0.9810411173320279,
        -4.104775542671058,
        0.8514626164382868,
        1.2301898011738857,
        -3.3216774804864424,
        2.6097529205448513,
        -2.695214590759348,
        2.989626129026713
    ],
    "label": {
        "x": [
            1.0,
            0.0,
            0.0,
            1.0,
            1.0,
            0.0,
            0.0,
            0.0,
            0.0,
            0.0,
            1.0,
            1.0
        ],
        "z": [
            1.0,
            -1.0,
            -1.0,
            1.0,
            1.0,
            -1.0,
            -1.0,
            -1.0,
            -1.0,
            -1.0,
            1.0,
            1.0
        ],
        "obj_val": -48.79015590266858
    }
}