{
    "J": [
        [
            2,
            11
        ],
        [
            2,
            9
        ],
        [
            1,
            6
        ],
        [
            1,
            4
        ],
        [
            2,
            5
        ],
        [
            3,
            5
        ],
        [
            4,
            8
        ],
        [
            7,
            8
        ],
        [
            3,
            6
        ],
        [
            0,
            10
        ],
        [
            2,
            6
        ],
        [
            4,
            10
        ],
        [
            0,
            6
        ],
        [
            3,
            11
        ],
        [
            11
        ],
        [
            10
        ],
        [
            9,
            10
        ],
        [
            6,
            8
        ],
        [
            8,
            11
        ],
        [
            1
        ],
        [
            3,
            10
        ],
        [
            8,
            9
        ],
        [
            7,
            11
        ],
        [
            0,
            3
        ],
        [
            5
        ],
        [
            8
        ],
        [
            5,
            8
        ],
        [
            4,
            6
        ],
        [
            0,
            9
        ],
        [
            3,
            8
        ],
        [
            9,
            11
        ],
        [
            3,
            9
        ],
        [
            3,
            7
        ],
        [
            4,
            5
        ],
        [
            0,
            11
        ],
        [
            6,
            10
        ],
        [
            0
        ],
        [
            2,
            7
        ],
        [
            2,
            8
        ],
        [
            6,
            7
        ],
        [
            2
        ],
        [
            0,
            7
        ],
        [
            3,
            4
        ],
        [
            0,
            8
        ],
        [
            6,
            11
        ],
        [
            1,
            11
        ]
    ],
    "c": [
        4.1035411993881326,
        0.08047133472094892,
        2.666146964121668,
        -3.7512947647534576,
        -0.7452628690938825,
        1.386313986021027,
        1.210048990159688,
        -0.8421999659860058,
        0.044978591224471565,
        2.166674802053304,
        1.1055365478065227,
        -4.565227578806121,
        3.6821782511563246,
        3.645381142103483,
        -3.7091546087922955,
        -2.845880901746234,
        -4.341944020464105,
        4.3573112081699765,
        4.986732583555058,
        -3.067816550600134,
        -4.580174003599382,
        4.324559214113885,
        4.763863469492781,
        1.7123460702667712,
        -0.5847422746622657,
        4.473626408260996,
        -4.830524600159748,
        1.1561561161959695,
        1.5944711480195481,
        4.929198963497784,
        -4.251537622172139,
        -0.7163845317143718,
        4.013325728140181,
        0.12558926028476947,
        -1.1651446293726098,
        1.5306184428666505,
        -0.9164250157908258,
        -0.8375925267676969,
        0.7412661700575418,
        -4.84041174893897,
        -3.9209103704388126,
        3.3951229323056022,
        2.2449133661412555,
        2.46873161526569,
        -0.9252719837135812,
        -0.45243312881088116
    ],
    "label": {
        "x": [
            1.0,
            1.0,
            1.0,
            1.0,
            1.0,
            0.0,
            0.0,
            0.0,
            0.0,
            1.0,
            1.0,
            1.0
        ],
        "z": [
            1.0,
            1.0,
            1.0,
            1.0,
            1.0,
            -1.0,
            -1.0,
            -1.0,
            -1.0,
            1.0,
            1.0,
            1.0
        ],
        "obj_val": -72.80347835157187
    }
}