{
    "J": [
        [
            1,
            7
        ],
        [
            6,
            7
        ],
        [
            8,
            10
        ],
        [
            3
        ],
        [
            6,
            10
        ],
        [
            4,
            8
        ],
        [
            0,
            4
        ],
        [
            1,
            10
        ],
        [
            5,
            11
        ],
        [
            1,
            8
        ],
        [
            4,
            5
        ],
        [
            0,
            10
        ],
        [
            9
        ],
        [
            6,
            9
        ],
        [
            6,
            8
        ],
        [
            1,
            5
        ],
        [
            1,
            6
        ],
        [
            7,
            9
        ],
        [
            4,
            10
        ],
        [
            8,
            9
        ],
        [
            0
        ],
        [
            0,
            1
        ],
        [
            4,
            6
        ],
        [
            1,
            3
        ],
        [
            3,
            5
        ],
        [
            6,
            11
        ],
        [
            4,
            9
        ],
        [
            7,
            10
        ],
        [
            7,
            8
        ],
        [
            5,
            8
        ],
        [
            2,
            3
        ],
        [
            3,
            4
        ],
        [
            1,
            11
        ],
        [
            0,
            8
        ],
        [
            0,
            5
        ],
        [
            1,
            2
        ],
        [
            2,
            8
        ],
        [
            0,
            7
        ],
        [
            0,
            6
        ],
        [
            2
        ],
        [
            1,
            9
        ],
        [
            0,
            2
        ],
        [
            11
        ],
        [
            3,
            11
        ],
        [
            0,
            3
        ],
        [
            4,
            7
        ]
    ],
    "c": [
        3.6819283388628996,
        4.957616798944695,
        2.0340537581903746,
        -4.654604703992792,
        4.2842395317760715,
        -3.073069451587116,
        -1.8856124240181948,
        -0.8447614824452039,
        -3.6587819801479227,
        0.799335623115156,
        -0.5386598779501641,
        -0.614045450640214,
        2.4255314402774513,
        0.7721326977367413,
        2.923187244842831,
        1.9452053463398684,
        -4.507513077775882,
        -0.564880719131561,
        -0.8165838433566064,
        -0.8001798444536785,
        3.617412110781995,
        -0.701082269437717,
        -2.7088319682551685,
        -0.031246154797816672,
        -3.5446137925929344,
        4.459005180656458,
        3.1306928419507916,
        4.569195835086138,
        -2.953862648109232,
        3.593736621597426,
        -0.7774932898060438,
        -3.8470642042302874,
        0.6966173618768678,
        -4.928737956749657,
        4.493733538230405,
        1.417190911901419,
        -0.3280345537551046,
        -0.9091258296202334,
        2.6929762644582453,
        1.635118424793701,
        -4.358362158173085,
        3.1403966672990897,
        -2.668885212500088,
        -0.5976547092674345,
        -3.580516756944677,
        0.6803602296209519
    ],
    "label": {
        "x": [
            1.0,
            0.0,
            0.0,
            1.0,
            1.0,
            1.0,
            0.0,
            1.0,
            1.0,
            0.0,
            0.0,
            1.0
        ],
        "z": [
            1.0,
            -1.0,
            -1.0,
            1.0,
            1.0,
            1.0,
            -1.0,
            1.0,
            1.0,
            -1.0,
            -1.0,
            1.0
        ],
        "obj_val": -59.44150365752055
    }
}