{
    "J": [
        [
            6
        ],
        [
            0,
            6
        ],
        [
            1,
            8
        ],
        [
            8
        ],
        [
            9,
            11
        ],
        [
            3,
            11
        ],
        [
            3,
            8
        ],
        [
            4,
            9
        ],
        [
            10,
            11
        ],
        [
            7,
            9
        ],
        [
            0,
            11
        ],
        [
            8,
            10
        ],
        [
            0,
            7
        ],
        [
            2,
            10
        ],
        [
            9
        ],
        [
            4,
            7
        ],
        [
            6,
            7
        ],
        [
            3
        ],
        [
            4,
            8
        ],
        [
            3,
            7
        ],
        [
            3,
            9
        ],
        [
            1,
            9
        ],
        [
            0,
            1
        ],
        [
            9,
            10
        ],
        [
            7,
            11
        ],
        [
            2,
            7
        ],
        [
            7
        ],
        [
            1,
            3
        ],
        [
            2
        ],
        [
            4,
            6
        ],
        [
            2,
            11
        ],
        [
            1,
            2
        ],
        [
            5
        ],
        [
            1,
            6
        ],
        [
            4,
            10
        ],
        [
            7,
            10
        ],
        [
            2,
            6
        ],
        [
            5,
            6
        ],
        [
            6,
            10
        ],
        [
            6,
            9
        ],
        [
            4,
            5
        ],
        [
            5,
            11
        ],
        [
            1,
            7
        ],
        [
            5,
            10
        ],
        [
            0,
            10
        ],
        [
            2,
            8
        ]
    ],
    "c": [
        0.23315858687788982,
        -0.5469194232348551,
        -2.4578539292777313,
        0.7008355127848187,
        -3.5801316830637564,
        1.2417818663978615,
        -1.1257896293282679,
        2.2967891142625154,
        -1.9378901898239667,
        -0.07317732728008863,
        4.160281579463989,
        -1.9438671915815817,
        3.5796143461712795,
        4.709551392521249,
        -1.0676112929426287,
        -0.3117679483947109,
        1.5962507861418738,
        2.1127609871774853,
        -0.7761639958518014,
        -4.645958791632858,
        -0.1919230058768049,
        0.6663893505147058,
        -0.7933033233778062,
        -3.6158925170788314,
        2.0128516416072264,
        -3.9826480906453234,
        -0.2191254699801526,
        -1.1182456995211423,
        2.0649001486289906,
        -2.894311247141239,
        2.105936560081431,
        4.194298420442259,
        4.721403661751744,
        4.853981932560366,
        3.6283462858050335,
        1.2417496110020227,
        1.0488949986466602,
        -1.2917787939171177,
        3.154317190129124,
        -4.193853037031074,
        -2.7322455675945734,
        -2.748562078166655,
        0.049895009800820844,
        -0.3736952285567696,
        2.406191675108891,
        -3.1044267183037877
    ],
    "label": {
        "x": [
            0.0,
            1.0,
            0.0,
            0.0,
            0.0,
            0.0,
            0.0,
            0.0,
            0.0,
            1.0,
            1.0,
            1.0
        ],
        "z": [
            -1.0,
            1.0,
            -1.0,
            -1.0,
            -1.0,
            -1.0,
            -1.0,
            -1.0,
            -1.0,
            1.0,
            1.0,
            1.0
        ],
        "obj_val": -56.497811293233106
    }
}