{
    "J": [
        [
            1,
            2
        ],
        [
            0,
            7
        ],
        [
            6,
            10
        ],
        [
            1,
            4
        ],
        [
            9,
            11
        ],
        [
            4,
            8
        ],
        [
            0,
            4
        ],
        [
            8,
            10
        ],
        [
            0,
            9
        ],
        [
            7,
            10
        ],
        [
            2,
            10
        ],
        [
            7,
            11
        ],
        [
            10,
            11
        ],
        [
            7
        ],
        [
            5,
            11
        ],
        [
            8,
            9
        ],
        [
            9
        ],
        [
            2,
            9
        ],
        [
            2
        ],
        [
            3,
            7
        ],
        [
            0
        ],
        [
            4,
            11
        ],
        [
            0,
            5
        ]
    ],
    "c": [
        2.7598656628764626,
        -0.45311111444065855,
        -0.16503812448121202,
        3.0163596857434314,
        1.7621372568442162,
        -3.0269750820147268,
        4.4183499558418475,
        -0.11827609375259307,
        -3.746217581833439,
        -4.602558726230455,
        -0.22440094886189943,
        2.5353395128679113,
        -4.666215829491936,
        -0.21302741986819917,
        3.1145068088229184,
        -0.07071671616414221,
        1.9123129189158918,
        1.4190654199587733,
        -0.9614891745566982,
        -2.988257988848938,
        3.157545129962985,
        -3.588279848198732,
        -4.034791804287603
    ],
    "label": {
        "x": [
            0.0,
            0.0,
            1.0,
            1.0,
            1.0,
            0.0,
            1.0,
            1.0,
            1.0,
            0.0,
            1.0,
            1.0
        ],
        "z": [
            -1.0,
            -1.0,
            1.0,
            1.0,
            1.0,
            -1.0,
            1.0,
            1.0,
            1.0,
            -1.0,
            1.0,
            1.0
        ],
        "obj_val": -46.83650411792024
    }
}