{
    "J": [
        [
            1,
            6
        ],
        [
            11
        ],
        [
            5,
            6
        ],
        [
            7,
            8
        ],
        [
            1,
            7
        ],
        [
            6,
            9
        ],
        [
            2,
            11
        ],
        [
            0,
            1
        ],
        [
            1,
            5
        ],
        [
            4,
            7
        ],
        [
            8,
            9
        ],
        [
            3,
            8
        ],
        [
            0,
            10
        ],
        [
            4,
            5
        ],
        [
            0,
            7
        ],
        [
            7,
            11
        ],
        [
            2,
            10
        ],
        [
            4,
            11
        ],
        [
            5,
            10
        ],
        [
            0,
            8
        ],
        [
            7,
            10
        ],
        [
            3,
            6
        ],
        [
            4,
            10
        ],
        [
            1,
            2
        ],
        [
            2,
            3
        ],
        [
            6,
            11
        ],
        [
            1,
            10
        ],
        [
            1,
            9
        ],
        [
            2,
            6
        ],
        [
            2
        ],
        [
            9
        ],
        [
            0,
            3
        ],
        [
            2,
            5
        ],
        [
            5,
            8
        ],
        [
            2,
            4
        ],
        [
            3,
            7
        ],
        [
            8,
            11
        ],
        [
            10,
            11
        ],
        [
            9,
            10
        ],
        [
            7,
            9
        ],
        [
            2,
            8
        ],
        [
            6,
            7
        ],
        [
            5
        ],
        [
            9,
            11
        ],
        [
            1,
            11
        ],
        [
            5,
            7
        ]
    ],
    "c": [
        -2.415929396471317,
        -3.354326207089695,
        -0.8923473323955307,
        -2.5268021527136266,
        -2.4372857685846405,
        -3.017818441439053,
        0.39153608532519346,
        3.9311727795722593,
        1.707681546070619,
        -3.814469205232548,
        -1.7732714856830398,
        -3.0586034450526323,
        2.8361610749617894,
        -4.394586199018537,
        -0.46953884663140766,
        2.7843831553141483,
        -0.32532640406801683,
        -2.249051806065742,
        -2.505124468578499,
        0.8502311672972613,
        -2.274902908647094,
        3.428649634758216,
        3.939351004427513,
        -2.127008993890528,
        -4.547971709474278,
        2.721812286939974,
        0.9221174549769913,
        4.590376810606605,
        -0.8953019319425657,
        0.3715207867924386,
        1.2991641613821248,
        -4.199428718217812,
        -4.442352622905447,
        1.673573572233508,
        1.06820624699521,
        4.130699493959751,
        -2.96734696782202,
        3.5789761519889467,
        -0.8104973625331926,
        2.431359298329541,
        -2.0901528772697455,
        3.5133579314688177,
        4.136896780617015,
        -1.1728363691782375,
        -1.097289348681251,
        0.7932847092571347
    ],
    "label": {
        "x": [
            0.0,
            1.0,
            0.0,
            0.0,
            1.0,
            0.0,
            0.0,
            1.0,
            1.0,
            0.0,
            0.0,
            1.0
        ],
        "z": [
            -1.0,
            1.0,
            -1.0,
            -1.0,
            1.0,
            -1.0,
            -1.0,
            1.0,
            1.0,
            -1.0,
            -1.0,
            1.0
        ],
        "obj_val": -53.308034329108125
    }
}