{
    "J": [
        [
            2,
            8
        ],
        [
            0,
            6
        ],
        [
            2
        ],
        [
            1,
            5
        ],
        [
            3,
            7
        ],
        [
            0,
            7
        ],
        [
            2,
            4
        ],
        [
            2,
            6
        ],
        [
            1
        ],
        [
            0,
            5
        ],
        [
            9
        ],
        [
            9,
            11
        ],
        [
            7,
            9
        ],
        [
            6,
            10
        ],
        [
            1,
            6
        ],
        [
            6,
            11
        ],
        [
            1,
            10
        ],
        [
            3,
            10
        ],
        [
            5,
            6
        ],
        [
            2,
            9
        ],
        [
            2,
            7
        ],
        [
            5,
            11
        ],
        [
            6
        ],
        [
            2,
            5
        ],
        [
            3
        ],
        [
            0,
            2
        ],
        [
            5,
            9
        ],
        [
            3,
            4
        ],
        [
            4,
            9
        ],
        [
            4,
            11
        ],
        [
            3,
            5
        ],
        [
            7
        ],
        [
            4
        ],
        [
            0,
            9
        ],
        [
            4,
            7
        ],
        [
            2,
            10
        ],
        [
            1,
            2
        ],
        [
            8
        ],
        [
            3,
            6
        ],
        [
            7,
            10
        ],
        [
            8,
            11
        ],
        [
            5,
            10
        ],
        [
            0,
            4
        ],
        [
            10
        ],
        [
            5,
            7
        ],
        [
            0,
            1
        ]
    ],
    "c": [
        1.1893230094920195,
        -1.9534829602476753,
        -2.850950039457608,
        -1.861968786760949,
        2.861765149156959,
        -3.4334023619741094,
        -0.31716250202338436,
        -1.3225087944119727,
        -4.66632391262003,
        -3.2330145189809123,
        -3.6541470187685645,
        -3.8149949434278208,
        -3.0783066942431994,
        2.5163292920419247,
        3.2058741403623934,
        -1.9759127569857804,
        1.5353228999725541,
        0.6462415085259128,
        0.378517672744505,
        -0.2406333009568815,
        -0.8595017741274393,
        4.615455687793094,
        1.338142686805874,
        -1.0355923488804142,
        3.245277130707903,
        -0.4925782137955146,
        3.1894705533551093,
        -1.503540860646023,
        4.134483694599995,
        3.374542080858289,
        1.277362379938519,
        0.8334167553922747,
        -3.9633826470703304,
        -4.813228946620981,
        -4.909063632722983,
        -4.20473181915203,
        3.6974550581965495,
        -1.8879729742477833,
        2.3150965483650987,
        2.6372020440828994,
        3.205542884038479,
        -1.8309105831145445,
        4.67647843096902,
        -0.46554874507669286,
        4.080644616991647,
        4.026251440573542
    ],
    "label": {
        "x": [
            0.0,
            1.0,
            1.0,
            1.0,
            1.0,
            1.0,
            0.0,
            0.0,
            1.0,
            0.0,
            1.0,
            0.0
        ],
        "z": [
            -1.0,
            1.0,
            1.0,
            1.0,
            1.0,
            1.0,
            -1.0,
            -1.0,
            1.0,
            -1.0,
            1.0,
            -1.0
        ],
        "obj_val": -64.74419832008273
    }
}