{
    "J": [
        [
            9,
            10
        ],
        [
            4,
            7
        ],
        [
            4,
            10
        ],
        [
            1,
            5
        ],
        [
            7,
            11
        ],
        [
            8,
            11
        ],
        [
            6
        ],
        [
            2,
            8
        ],
        [
            4,
            11
        ],
        [
            6,
            7
        ],
        [
            1,
            11
        ],
        [
            3,
            8
        ],
        [
            1,
            7
        ],
        [
            0,
            5
        ],
        [
            4,
            9
        ],
        [
            0,
            1
        ],
        [
            3,
            6
        ],
        [
            0,
            11
        ],
        [
            1,
            3
        ],
        [
            9
        ],
        [
            4,
            6
        ],
        [
            8,
            10
        ],
        [
            0
        ]
    ],
    "c": [
        0.8658698414145958,
        -2.9756733240681355,
        3.569935183490534,
        2.611704864625769,
        -0.07904206276319581,
        -4.602790641717915,
        0.10243057713613002,
        2.9348940266011176,
        -2.5566372080479747,
        0.7000132135526886,
        -1.687682396674112,
        -2.8081601111338497,
        4.421849929871662,
        3.055533337190459,
        -2.224163080310002,
        -2.1003996404074288,
        3.0676938782116743,
        -4.884609926335552,
        2.0675391634636977,
        -2.2430779219273034,
        -2.3343954246311025,
        -2.152470364255671,
        2.045686914081638
    ],
    "label": {
        "x": [
            0.0,
            0.0,
            1.0,
            0.0,
            1.0,
            1.0,
            1.0,
            1.0,
            0.0,
            1.0,
            0.0,
            0.0
        ],
        "z": [
            -1.0,
            -1.0,
            1.0,
            -1.0,
            1.0,
            1.0,
            1.0,
            1.0,
            -1.0,
            1.0,
            -1.0,
            -1.0
        ],
        "obj_val": -45.08092858198483
    }
}