{
    "J": [
        [
            2,
            5
        ],
        [
            0,
            7
        ],
        [
            3,
            10
        ],
        [
            5,
            8
        ],
        [
            3,
            7
        ],
        [
            5,
            10
        ],
        [
            1,
            3
        ],
        [
            5,
            11
        ],
        [
            11
        ],
        [
            0,
            6
        ],
        [
            5,
            7
        ],
        [
            2,
            3
        ],
        [
            6,
            7
        ],
        [
            1,
            9
        ],
        [
            4,
            10
        ],
        [
            9,
            11
        ],
        [
            3,
            9
        ],
        [
            0,
            1
        ],
        [
            10
        ],
        [
            3,
            8
        ],
        [
            5,
            6
        ],
        [
            0
        ],
        [
            3,
            4
        ]
    ],
    "c": [
        0.6131676027321733,
        -3.554462517729876,
        0.7869950095714797,
        0.31617968995507617,
        -0.6958902584941988,
        -1.8839538224996177,
        3.770553205556501,
        -4.237007573275861,
        4.548718177583014,
        -0.020116230225574405,
        1.248300478557426,
        1.5354337454189633,
        2.9781121744475474,
        0.6329292173860015,
        3.1870052379137324,
        -2.1794858763244895,
        3.9343188495309533,
        0.09446971039674246,
        -1.0924231902477919,
        -3.7314309185415695,
        1.1600452397417413,
        -4.22446396874459,
        2.2972593913068327
    ],
    "label": {
        "x": [
            1.0,
            0.0,
            0.0,
            1.0,
            0.0,
            0.0,
            0.0,
            1.0,
            1.0,
            0.0,
            1.0,
            0.0
        ],
        "z": [
            1.0,
            -1.0,
            -1.0,
            1.0,
            -1.0,
            -1.0,
            -1.0,
            1.0,
            1.0,
            -1.0,
            1.0,
            -1.0
        ],
        "obj_val": -38.52830784186858
    }
}