{
    "J": [
        [
            7,
            9
        ],
        [
            0,
            4
        ],
        [
            5,
            8
        ],
        [
            1,
            7
        ],
        [
            4,
            8
        ],
        [
            2,
            4
        ],
        [
            8,
            11
        ],
        [
            3
        ],
        [
            3,
            10
        ],
        [
            1,
            6
        ],
        [
            0,
            1
        ],
        [
            1,
            8
        ],
        [
            10
        ],
        [
            5,
            6
        ],
        [
            9,
            11
        ],
        [
            2,
            6
        ],
        [
            1
        ],
        [
            6,
            11
        ],
        [
            1,
            3
        ],
        [
            3,
            11
        ],
        [
            0,
            8
        ],
        [
            7,
            8
        ],
        [
            6,
            9
        ],
        [
            9,
            10
        ],
        [
            6,
            10
        ],
        [
            2,
            9
        ],
        [
            4,
            9
        ],
        [
            8,
            10
        ],
        [
            3,
            6
        ],
        [
            1,
            4
        ],
        [
            6
        ],
        [
            7,
            11
        ],
        [
            4,
            7
        ],
        [
            3,
            7
        ],
        [
            0,
            5
        ],
        [
            3,
            8
        ],
        [
            3,
            5
        ],
        [
            5,
            11
        ],
        [
            7
        ],
        [
            0
        ],
        [
            5,
            10
        ],
        [
            2,
            10
        ],
        [
            3,
            4
        ],
        [
            0,
            6
        ],
        [
            4,
            6
        ],
        [
            1,
            11
        ]
    ],
    "c": [
        3.2913421068935573,
        -0.8421158331478305,
        4.869472757226125,
        -1.746780259136964,
        -1.5788975067793243,
        -4.7874065212519135,
        4.679888310144499,
        2.3259432411700667,
        -4.259845987609579,
        -3.684877578128712,
        -4.535075562911059,
        -0.2579753619580831,
        -2.5168802873544593,
        -2.279459621117559,
        -3.009000455380094,
        0.13319024095065668,
        4.8631571426523585,
        -0.29049615088501035,
        -0.8418956180425772,
        -4.36571783179991,
        -4.311330476839355,
        1.3873334559201282,
        1.6507726008335908,
        4.506109625315247,
        -0.12355844341723099,
        1.394076491202993,
        3.6083257153036303,
        1.0598081857162285,
        1.2388751645484986,
        3.44305284956992,
        0.11271863241101343,
        2.737948311173656,
        4.149561942196453,
        3.9104596246540773,
        -4.4964136413006415,
        0.22221710520746374,
        -0.9185036563042885,
        2.2235342029987626,
        -0.8041999165665548,
        -4.454625958430292,
        -2.9946558901015754,
        -2.2438468868407933,
        -1.856428927249084,
        1.6683779693061922,
        -2.0082179793800847,
        4.399143103508758
    ],
    "label": {
        "x": [
            1.0,
            1.0,
            1.0,
            0.0,
            1.0,
            1.0,
            1.0,
            1.0,
            1.0,
            0.0,
            1.0,
            0.0
        ],
        "z": [
            1.0,
            1.0,
            1.0,
            -1.0,
            1.0,
            1.0,
            1.0,
            1.0,
            1.0,
            -1.0,
            1.0,
            -1.0
        ],
        "obj_val": -57.37582809875762
    }
}