{
    "J": [
        [
            1,
            8
        ],
        [
            2
        ],
        [
            9
        ],
        [
            8,
            10
        ],
        [
            3
        ],
        [
            5,
            10
        ],
        [
            7,
            10
        ],
        [
            4,
            8
        ],
        [
            6,
            10
        ],
        [
            6
        ],
        [
            3,
            10
        ],
        [
            0,
            2
        ],
        [
            3,
            9
        ],
        [
            6,
            8
        ],
        [
            6,
            9
        ],
        [
            0
        ],
        [
            8,
            11
        ],
        [
            4,
            7
        ],
        [
            9,
            10
        ],
        [
            4,
            10
        ],
        [
            3,
            6
        ],
        [
            1,
            7
        ],
        [
            4,
            11
        ],
        [
            7,
            9
        ],
        [
            6,
            11
        ],
        [
            5,
            9
        ],
        [
            1,
            6
        ],
        [
            2,
            10
        ],
        [
            0,
            10
        ],
        [
            4
        ],
        [
            2,
            8
        ],
        [
            1,
            5
        ],
        [
            3,
            8
        ],
        [
            2,
            4
        ],
        [
            5
        ],
        [
            3,
            11
        ],
        [
            11
        ],
        [
            1,
            9
        ],
        [
            1,
            4
        ],
        [
            5,
            11
        ],
        [
            10
        ],
        [
            3,
            7
        ],
        [
            7,
            8
        ],
        [
            0,
            9
        ],
        [
            7
        ],
        [
            4,
            5
        ]
    ],
    "c": [
        3.7194356109567224,
        4.342652375458464,
        -4.9028259307264115,
        3.8056044242797675,
        4.96861039933726,
        0.25653172294027193,
        -3.439002872170308,
        1.706257145300789,
        -3.2758564466396733,
        1.193924615273092,
        3.528710130164166,
        -4.371631876644923,
        3.399744239439201,
        -3.8907603147354743,
        -2.5380752071842902,
        -4.461980797059455,
        -4.998810959069997,
        -4.11034883260935,
        -2.256791752524332,
        2.856215727417272,
        -3.0556637325379796,
        -0.5896737466621014,
        2.4084949775855966,
        -4.4910658663080465,
        2.8011535626015096,
        0.6474246276344537,
        -1.1635627121540582,
        -3.037127876698984,
        -1.2395755822819075,
        -1.0395863062650559,
        -3.8500529710526674,
        -0.4005855385917183,
        -3.78224024450173,
        -3.0127254655746305,
        -0.6474986927858684,
        -2.503292937690458,
        2.5264024641939384,
        0.8350195847237991,
        -1.0180712468284625,
        4.592855054458493,
        -0.22753642430618548,
        3.3969244380978267,
        -2.683888894509028,
        -4.288161413963048,
        -0.6796410847899796,
        0.8130979953251769
    ],
    "label": {
        "x": [
            1.0,
            1.0,
            1.0,
            0.0,
            1.0,
            1.0,
            1.0,
            1.0,
            0.0,
            1.0,
            1.0,
            0.0
        ],
        "z": [
            1.0,
            1.0,
            1.0,
            -1.0,
            1.0,
            1.0,
            1.0,
            1.0,
            -1.0,
            1.0,
            1.0,
            -1.0
        ],
        "obj_val": -74.90462969883856
    }
}