{
    "J": [
        [
            0,
            2
        ],
        [
            3,
            5
        ],
        [
            0,
            5
        ],
        [
            2,
            10
        ],
        [
            3,
            8
        ],
        [
            7,
            10
        ],
        [
            4,
            11
        ],
        [
            2,
            5
        ],
        [
            3,
            9
        ],
        [
            0,
            4
        ],
        [
            1,
            11
        ],
        [
            0,
            8
        ],
        [
            4,
            5
        ],
        [
            2,
            4
        ],
        [
            4,
            8
        ],
        [
            0,
            3
        ],
        [
            2,
            3
        ],
        [
            3
        ],
        [
            6
        ],
        [
            11
        ],
        [
            6,
            8
        ],
        [
            3,
            7
        ],
        [
            1,
            7
        ]
    ],
    "c": [
        -0.9874232363993398,
        1.905027909151551,
        -1.5850878408300106,
        1.0403750520623802,
        -0.7113921517188571,
        0.3909556370235432,
        3.304442718591325,
        -4.8282586976148325,
        -0.045128942263295,
        -4.644182065957225,
        0.523199479362999,
        4.707022057319028,
        -4.364661712613783,
        -3.7629297153136743,
        -3.200103022169297,
        2.6820614016409436,
        4.987193344858616,
        4.310497170219941,
        3.914056439555612,
        -1.2482759123682374,
        3.678723487328618,
        4.557068502290345,
        -3.7422397319605363
    ],
    "label": {
        "x": [
            1.0,
            1.0,
            1.0,
            0.0,
            1.0,
            1.0,
            0.0,
            1.0,
            1.0,
            0.0,
            0.0,
            0.0
        ],
        "z": [
            1.0,
            1.0,
            1.0,
            -1.0,
            1.0,
            1.0,
            -1.0,
            1.0,
            1.0,
            -1.0,
            -1.0,
            -1.0
        ],
        "obj_val": -51.78692598580175
    }
}