{
    "J": [
        [
            0,
            7
        ],
        [
            5,
            6
        ],
        [
            8
        ],
        [
            6,
            10
        ],
        [
            3,
            11
        ],
        [
            2,
            4
        ],
        [
            5,
            10
        ],
        [
            0
        ],
        [
            0,
            5
        ],
        [
            3,
            7
        ],
        [
            3,
            10
        ],
        [
            7,
            10
        ],
        [
            2
        ],
        [
            4,
            9
        ],
        [
            1,
            9
        ],
        [
            2,
            8
        ],
        [
            0,
            3
        ],
        [
            6,
            9
        ],
        [
            8,
            10
        ],
        [
            2,
            10
        ],
        [
            5,
            8
        ],
        [
            5,
            7
        ],
        [
            2,
            9
        ]
    ],
    "c": [
        -4.010359404173922,
        -4.767512806113926,
        -4.124678458048617,
        -1.7665681936853392,
        -2.037807734037833,
        -2.5763188182887173,
        3.117855299780297,
        -4.9323834782904,
        4.357586201382437,
        -3.6936676627370235,
        1.5487358563410343,
        0.6336596886680068,
        -2.7889583324481926,
        0.7387620857098813,
        0.9575320599896111,
        -3.1761042108486093,
        2.8892882525420305,
        3.8284477709446456,
        -3.2963180387178714,
        2.6648492200063263,
        -1.3467176284402727,
        2.6940930222354105,
        0.008549336056539403
    ],
    "label": {
        "x": [
            1.0,
            0.0,
            1.0,
            0.0,
            1.0,
            0.0,
            0.0,
            1.0,
            1.0,
            1.0,
            1.0,
            0.0
        ],
        "z": [
            1.0,
            -1.0,
            1.0,
            -1.0,
            1.0,
            -1.0,
            -1.0,
            1.0,
            1.0,
            1.0,
            1.0,
            -1.0
        ],
        "obj_val": -40.25120592888016
    }
}