{
    "J": [
        [
            0,
            1
        ],
        [
            4,
            6
        ],
        [
            2
        ],
        [
            2,
            5
        ],
        [
            6,
            7
        ],
        [
            9,
            10
        ],
        [
            4,
            5
        ],
        [
            4,
            11
        ],
        [
            0,
            8
        ],
        [
            6,
            9
        ],
        [
            7,
            11
        ],
        [
            7
        ],
        [
            2,
            3
        ],
        [
            4
        ],
        [
            8,
            11
        ],
        [
            1,
            11
        ],
        [
            4,
            8
        ],
        [
            1,
            7
        ],
        [
            11
        ],
        [
            6,
            11
        ],
        [
            2,
            9
        ],
        [
            2,
            6
        ],
        [
            9,
            11
        ]
    ],
    "c": [
        2.5126466933965252,
        -3.3308269785685054,
        -4.915132386104389,
        -4.028885251262135,
        -2.425066735255963,
        3.6089529778433302,
        -2.5624734905766022,
        2.2019231661570435,
        4.457122548311773,
        4.247112885958638,
        4.238977618743094,
        -0.2474806570351884,
        -1.6792562079385895,
        0.36493792302243566,
        0.3508675316045462,
        1.5836883124004117,
        0.4331437887407148,
        -2.8998332501905932,
        1.3706278829692327,
        -1.7144538744771687,
        2.0194236716943124,
        -2.2455505464752,
        0.24013158614175367
    ],
    "label": {
        "x": [
            0.0,
            1.0,
            1.0,
            1.0,
            1.0,
            1.0,
            1.0,
            1.0,
            1.0,
            0.0,
            1.0,
            0.0
        ],
        "z": [
            -1.0,
            1.0,
            1.0,
            1.0,
            1.0,
            1.0,
            1.0,
            1.0,
            1.0,
            -1.0,
            1.0,
            -1.0
        ],
        "obj_val": -48.173181620104
    }
}