{
    "J": [
        [
            7
        ],
        [
            0,
            11
        ],
        [
            4,
            11
        ],
        [
            3,
            11
        ],
        [
            1
        ],
        [
            2,
            8
        ],
        [
            3,
            6
        ],
        [
            8,
            9
        ],
        [
            4,
            8
        ],
        [
            6,
            7
        ],
        [
            5,
            9
        ],
        [
            5
        ],
        [
            2
        ],
        [
            5,
            6
        ],
        [
            3,
            5
        ],
        [
            0,
            7
        ],
        [
            3
        ],
        [
            10
        ],
        [
            2,
            3
        ],
        [
            4,
            6
        ],
        [
            1,
            7
        ],
        [
            8,
            11
        ],
        [
            0
        ],
        [
            4,
            5
        ],
        [
            1,
            8
        ],
        [
            1,
            10
        ],
        [
            9,
            10
        ],
        [
            2,
            5
        ],
        [
            0,
            10
        ],
        [
            11
        ],
        [
            7,
            8
        ],
        [
            2,
            10
        ],
        [
            6
        ],
        [
            5,
            11
        ],
        [
            0,
            1
        ],
        [
            5,
            10
        ],
        [
            2,
            11
        ],
        [
            6,
            9
        ],
        [
            4,
            7
        ],
        [
            1,
            3
        ],
        [
            9
        ],
        [
            2,
            7
        ],
        [
            0,
            4
        ],
        [
            7,
            11
        ],
        [
            3,
            9
        ],
        [
            3,
            10
        ]
    ],
    "c": [
        4.979277040186243,
        4.144102298980062,
        4.677403171828807,
        2.8171757011042153,
        -3.5207339439786756,
        2.032622428117282,
        -3.7825346629995673,
        -3.3943879027181767,
        0.6313061824347113,
        -1.8569807618365521,
        3.8997417503886034,
        -3.136167447400128,
        -0.1254541548726893,
        -3.4693843415917613,
        -4.6788665869953565,
        -4.951165849040862,
        -2.4511443990479,
        3.8564928959823312,
        0.6882268550616635,
        2.898750662925539,
        -1.1487225684364355,
        4.037783235110528,
        -3.2206301434461038,
        -2.4180068456998183,
        -3.5801879223154307,
        2.572661790232668,
        -0.22122550922930984,
        -0.5172881667663196,
        4.125757890446366,
        -1.992042923070695,
        -1.2964116922430193,
        2.720742485890413,
        -1.9751719615436136,
        0.2019392432202789,
        1.5502325746306092,
        2.494404703466162,
        -2.941153733748607,
        -1.598903377266824,
        -3.6534186380713574,
        -3.924502612165898,
        1.9991854138489256,
        -0.6974242472389669,
        0.622495633787473,
        -2.9296725947925095,
        4.6683422284411495,
        -2.0049383642945138
    ],
    "label": {
        "x": [
            1.0,
            1.0,
            0.0,
            1.0,
            1.0,
            1.0,
            1.0,
            1.0,
            1.0,
            0.0,
            0.0,
            0.0
        ],
        "z": [
            1.0,
            1.0,
            -1.0,
            1.0,
            1.0,
            1.0,
            1.0,
            1.0,
            1.0,
            -1.0,
            -1.0,
            -1.0
        ],
        "obj_val": -67.77933291514375
    }
}