{
    "J": [
        [
            6
        ],
        [
            1,
            8
        ],
        [
            10
        ],
        [
            8,
            9
        ],
        [
            3,
            7
        ],
        [
            4,
            10
        ],
        [
            4,
            7
        ],
        [
            5,
            8
        ],
        [
            2,
            6
        ],
        [
            2,
            5
        ],
        [
            5,
            7
        ],
        [
            8,
            10
        ],
        [
            3,
            8
        ],
        [
            1,
            7
        ],
        [
            3,
            11
        ],
        [
            9
        ],
        [
            2,
            4
        ],
        [
            4,
            9
        ],
        [
            5,
            11
        ],
        [
            7,
            9
        ],
        [
            7,
            10
        ],
        [
            4,
            11
        ],
        [
            7,
            8
        ],
        [
            3,
            6
        ],
        [
            0,
            9
        ],
        [
            7
        ],
        [
            0,
            10
        ],
        [
            2,
            10
        ],
        [
            4
        ],
        [
            10,
            11
        ],
        [
            8,
            11
        ],
        [
            3
        ],
        [
            0,
            2
        ],
        [
            1,
            11
        ],
        [
            5,
            6
        ],
        [
            0,
            6
        ],
        [
            3,
            4
        ],
        [
            5
        ],
        [
            5,
            10
        ],
        [
            0,
            11
        ],
        [
            3,
            5
        ],
        [
            0
        ],
        [
            0,
            3
        ],
        [
            5,
            9
        ],
        [
            7,
            11
        ],
        [
            4,
            6
        ]
    ],
    "c": [
        2.046063134125168,
        -3.313809550236,
        -4.6325756018527375,
        -4.685368694468496,
        1.4085331868143838,
        -4.571685661644766,
        3.780561407356698,
        2.666239171280644,
        0.27295512253824317,
        -3.095543212710666,
        -1.483003382643421,
        -4.772960525094776,
        4.0402435834317405,
        -4.135808850477057,
        -4.572900143334825,
        3.8641863249597037,
        4.560093266336946,
        -4.648366799783458,
        -3.71656629464396,
        -0.12606523507013812,
        4.099504541063574,
        4.214887145229962,
        3.387341376440858,
        -4.800479506698657,
        1.101796739414148,
        -4.184152281473188,
        1.5948823038980535,
        2.1579231429241643,
        -2.9915268561027766,
        0.1142714655977084,
        -4.232427664963469,
        -3.79595830188477,
        2.7027785690269397,
        4.511415453770876,
        -1.3207353241272504,
        2.135741960387696,
        3.782081166498344,
        -3.2685286763511923,
        0.296941540676098,
        -1.022503195506622,
        -2.840960449455597,
        -2.4870269936827674,
        -4.204876792555323,
        3.3988866735721377,
        -0.6359613933383361,
        1.8306081493234831
    ],
    "label": {
        "x": [
            1.0,
            0.0,
            1.0,
            1.0,
            0.0,
            1.0,
            1.0,
            1.0,
            0.0,
            0.0,
            0.0,
            1.0
        ],
        "z": [
            1.0,
            -1.0,
            1.0,
            1.0,
            -1.0,
            1.0,
            1.0,
            1.0,
            -1.0,
            -1.0,
            -1.0,
            1.0
        ],
        "obj_val": -88.13877445005062
    }
}