{
    "J": [
        [
            5,
            7
        ],
        [
            6
        ],
        [
            3,
            7
        ],
        [
            2
        ],
        [
            7,
            8
        ],
        [
            5,
            8
        ],
        [
            7,
            10
        ],
        [
            0,
            8
        ],
        [
            0,
            1
        ],
        [
            4,
            5
        ],
        [
            4,
            6
        ],
        [
            3,
            6
        ],
        [
            4,
            8
        ],
        [
            9,
            11
        ],
        [
            11
        ],
        [
            4,
            11
        ],
        [
            4,
            9
        ],
        [
            3,
            11
        ],
        [
            0,
            7
        ],
        [
            5
        ],
        [
            6,
            11
        ],
        [
            6,
            8
        ],
        [
            2,
            3
        ]
    ],
    "c": [
        -0.7265268644996583,
        0.4363399274617228,
        3.956939137833155,
        -2.4660110388414114,
        -1.6336944910003002,
        -1.3341440321844553,
        2.5868209092872245,
        -4.725256501064054,
        3.4261958397805916,
        0.44859101609873164,
        -0.4040285263906913,
        -1.9270319407766423,
        -1.5542664932004637,
        -2.405118560443238,
        1.742561495933936,
        -4.9884183913539735,
        1.2429898793933845,
        -1.8340800481135089,
        1.4946644198590295,
        -4.543752818435161,
        1.6813487564514666,
        4.679594540517462,
        -1.9564628375074111
    ],
    "label": {
        "x": [
            0.0,
            1.0,
            1.0,
            1.0,
            0.0,
            1.0,
            1.0,
            0.0,
            0.0,
            0.0,
            1.0,
            0.0
        ],
        "z": [
            -1.0,
            1.0,
            1.0,
            1.0,
            -1.0,
            1.0,
            1.0,
            -1.0,
            -1.0,
            -1.0,
            1.0,
            -1.0
        ],
        "obj_val": -37.249291070622775
    }
}