{
    "J": [
        [
            4,
            9
        ],
        [
            0,
            2
        ],
        [
            5
        ],
        [
            0,
            11
        ],
        [
            7,
            9
        ],
        [
            6,
            10
        ],
        [
            0,
            10
        ],
        [
            9,
            10
        ],
        [
            8,
            11
        ],
        [
            3,
            9
        ],
        [
            7,
            11
        ],
        [
            4,
            10
        ],
        [
            1,
            11
        ],
        [
            7,
            8
        ],
        [
            11
        ],
        [
            5,
            7
        ],
        [
            1,
            10
        ],
        [
            7,
            10
        ],
        [
            1,
            8
        ],
        [
            5,
            8
        ],
        [
            4
        ],
        [
            2,
            6
        ],
        [
            8,
            9
        ]
    ],
    "c": [
        4.36096661060277,
        1.0488743297990837,
        1.5869626154231629,
        0.2529393388918697,
        -1.0289138904122943,
        -2.4213280018624497,
        2.4695902239544534,
        -2.4591969849287554,
        1.768577044174,
        -4.365146159397454,
        0.09384300888568298,
        -0.037706467594388116,
        -4.561466129063019,
        -3.876446990796473,
        1.7680411461131094,
        4.7851702898785184,
        1.9422508698832264,
        0.5808825689083088,
        -0.4132631053731197,
        2.6276983025753147,
        -4.791288757533334,
        2.7347692203037237,
        1.5825914903380598
    ],
    "label": {
        "x": [
            1.0,
            0.0,
            1.0,
            0.0,
            1.0,
            0.0,
            0.0,
            1.0,
            1.0,
            0.0,
            0.0,
            0.0
        ],
        "z": [
            1.0,
            -1.0,
            1.0,
            -1.0,
            1.0,
            -1.0,
            -1.0,
            1.0,
            1.0,
            -1.0,
            -1.0,
            -1.0
        ],
        "obj_val": -42.61589622056834
    }
}