{
    "J": [
        [
            4
        ],
        [
            0,
            4
        ],
        [
            6,
            11
        ],
        [
            2,
            10
        ],
        [
            6,
            9
        ],
        [
            1,
            11
        ],
        [
            7,
            11
        ],
        [
            3
        ],
        [
            0,
            6
        ],
        [
            1,
            6
        ],
        [
            6,
            10
        ],
        [
            2,
            9
        ],
        [
            0,
            10
        ],
        [
            2,
            5
        ],
        [
            0,
            7
        ],
        [
            4,
            6
        ],
        [
            10,
            11
        ],
        [
            4,
            10
        ],
        [
            4,
            9
        ],
        [
            5,
            9
        ],
        [
            7,
            10
        ],
        [
            3,
            6
        ],
        [
            3,
            5
        ]
    ],
    "c": [
        1.7046402017042697,
        1.740470367868201,
        -2.3414192921015453,
        -4.171215117427768,
        4.024917363614195,
        -0.09893061242700085,
        0.2749450379227696,
        -4.353574738636173,
        4.665212599171813,
        -1.5791248658559254,
        -1.6011792011255466,
        -2.3422845920971627,
        4.604753637169583,
        0.1593126272683687,
        -2.6032026137582265,
        3.1855818354417718,
        2.8492837792357415,
        2.747088451714773,
        2.1201527625765246,
        -4.326663144376045,
        4.950813338547205,
        2.813397801456631,
        -2.752083965492366
    ],
    "label": {
        "x": [
            1.0,
            0.0,
            0.0,
            1.0,
            1.0,
            1.0,
            0.0,
            1.0,
            0.0,
            1.0,
            0.0,
            1.0
        ],
        "z": [
            1.0,
            -1.0,
            -1.0,
            1.0,
            1.0,
            1.0,
            -1.0,
            1.0,
            -1.0,
            1.0,
            -1.0,
            1.0
        ],
        "obj_val": -40.76456221359466
    }
}