{
    "J": [
        [
            0,
            9
        ],
        [
            1,
            8
        ],
        [
            1,
            2
        ],
        [
            0
        ],
        [
            9,
            10
        ],
        [
            3,
            4
        ],
        [
            0,
            2
        ],
        [
            11
        ],
        [
            6,
            9
        ],
        [
            1,
            5
        ],
        [
            6
        ],
        [
            2,
            4
        ],
        [
            3,
            7
        ],
        [
            4,
            8
        ],
        [
            4,
            10
        ],
        [
            7,
            11
        ],
        [
            1
        ],
        [
            6,
            11
        ],
        [
            0,
            10
        ],
        [
            4
        ],
        [
            4,
            6
        ],
        [
            4,
            11
        ],
        [
            5,
            8
        ],
        [
            8
        ],
        [
            2
        ],
        [
            0,
            4
        ],
        [
            3,
            6
        ],
        [
            6,
            10
        ],
        [
            2,
            7
        ],
        [
            3,
            8
        ],
        [
            3,
            10
        ],
        [
            0,
            7
        ],
        [
            5,
            11
        ],
        [
            5,
            9
        ],
        [
            10
        ],
        [
            7,
            9
        ],
        [
            1,
            9
        ],
        [
            2,
            9
        ],
        [
            5,
            10
        ],
        [
            3
        ],
        [
            0,
            6
        ],
        [
            9,
            11
        ],
        [
            7,
            10
        ],
        [
            0,
            5
        ],
        [
            5,
            6
        ],
        [
            1,
            10
        ]
    ],
    "c": [
        -2.410656553461117,
        1.5164482431308297,
        1.0790293003569182,
        2.0455732260602355,
        4.038072288954931,
        2.205874782757304,
        2.3325950565121945,
        2.5647326307857625,
        4.248465477628967,
        -3.8304963032651185,
        3.7879900470191608,
        0.18804087746670817,
        -4.4942277379205455,
        -2.389703573642757,
        -1.1157288463979222,
        1.9856904300751568,
        -0.6527050961854872,
        -0.08382590729101214,
        2.2199369527854076,
        3.058947443046643,
        1.205908503762644,
        -2.9814558401828375,
        4.637262601633228,
        -2.5407610923429558,
        4.9493156514012355,
        1.0279208659689898,
        0.2503111761065293,
        -2.017392068106174,
        -3.926170791500412,
        2.291048439194948,
        3.958577799045882,
        -1.9459787314595713,
        -0.900465087100982,
        -4.965098521982394,
        -4.520599299957931,
        2.6821190128442733,
        -3.2853643077973906,
        0.8295658556336019,
        3.383318554193675,
        1.2811161141159753,
        4.309055399151681,
        -1.28867636357794,
        -4.657787829256369,
        2.1983317243345954,
        -3.532182062140704,
        -0.053191282099626314
    ],
    "label": {
        "x": [
            1.0,
            1.0,
            0.0,
            1.0,
            0.0,
            1.0,
            0.0,
            0.0,
            0.0,
            1.0,
            0.0,
            0.0
        ],
        "z": [
            1.0,
            1.0,
            -1.0,
            1.0,
            -1.0,
            1.0,
            -1.0,
            -1.0,
            -1.0,
            1.0,
            -1.0,
            -1.0
        ],
        "obj_val": -59.50623068480558
    }
}