{
    "J": [
        [
            6,
            11
        ],
        [
            6,
            9
        ],
        [
            0,
            4
        ],
        [
            10
        ],
        [
            11
        ],
        [
            9,
            11
        ],
        [
            10,
            11
        ],
        [
            7
        ],
        [
            9
        ],
        [
            6
        ],
        [
            5,
            7
        ],
        [
            0,
            9
        ],
        [
            4,
            6
        ],
        [
            3,
            10
        ],
        [
            0,
            1
        ],
        [
            0,
            6
        ],
        [
            8,
            10
        ],
        [
            0,
            5
        ],
        [
            0,
            8
        ],
        [
            0,
            2
        ],
        [
            2,
            5
        ],
        [
            8,
            11
        ],
        [
            5,
            8
        ],
        [
            1,
            7
        ],
        [
            7,
            8
        ],
        [
            0,
            7
        ],
        [
            2,
            6
        ],
        [
            1,
            8
        ],
        [
            2
        ],
        [
            3
        ],
        [
            8,
            9
        ],
        [
            3,
            4
        ],
        [
            2,
            8
        ],
        [
            7,
            10
        ],
        [
            7,
            11
        ],
        [
            4,
            11
        ],
        [
            1
        ],
        [
            5,
            10
        ],
        [
            7,
            9
        ],
        [
            1,
            5
        ],
        [
            1,
            9
        ],
        [
            3,
            6
        ],
        [
            6,
            7
        ],
        [
            2,
            3
        ],
        [
            9,
            10
        ],
        [
            3,
            9
        ]
    ],
    "c": [
        4.001475375820267,
        4.211735216486915,
        -2.0454564454657898,
        -4.478693633225493,
        -4.068248060924836,
        -4.972785003307067,
        2.5478585224331693,
        0.24508502368643015,
        -2.0271513558680976,
        -1.3608058540711312,
        3.0949016032421888,
        0.3868729931257828,
        -4.017793244359624,
        -0.6814205798799566,
        2.412573066561352,
        -4.255557340194059,
        1.4336617772294025,
        3.764961482039652,
        -4.639279043443563,
        2.869403924002503,
        -2.6837908214362285,
        -3.0666027571577805,
        4.889304086784922,
        -3.9145407077702155,
        1.432348185013856,
        0.010918094068550488,
        0.2191642205742328,
        -3.767961671089185,
        -3.5731422715237606,
        -0.16964951251120652,
        3.0243645734140596,
        1.9501570862389457,
        0.3980473108971676,
        -4.865957505229971,
        -3.025439021173008,
        -2.96910802080406,
        1.7549707310725848,
        -4.782980374970966,
        -4.590173343307786,
        0.34838229045980107,
        -3.883754268993572,
        -0.9434218157156646,
        0.6096259380299482,
        1.1862495003976656,
        -0.8237277175523561,
        -0.9639257412076327
    ],
    "label": {
        "x": [
            0.0,
            1.0,
            1.0,
            1.0,
            0.0,
            1.0,
            0.0,
            1.0,
            0.0,
            1.0,
            1.0,
            1.0
        ],
        "z": [
            -1.0,
            1.0,
            1.0,
            1.0,
            -1.0,
            1.0,
            -1.0,
            1.0,
            -1.0,
            1.0,
            1.0,
            1.0
        ],
        "obj_val": -74.79273153250307
    }
}