{
    "J": [
        [
            11
        ],
        [
            6,
            10
        ],
        [
            9,
            11
        ],
        [
            3,
            10
        ],
        [
            0,
            5
        ],
        [
            2,
            7
        ],
        [
            1,
            5
        ],
        [
            1,
            4
        ],
        [
            1,
            11
        ],
        [
            3,
            7
        ],
        [
            3,
            4
        ],
        [
            10
        ],
        [
            1,
            3
        ],
        [
            3
        ],
        [
            5,
            7
        ],
        [
            7,
            11
        ],
        [
            0,
            7
        ],
        [
            0,
            2
        ],
        [
            4,
            11
        ],
        [
            6,
            8
        ],
        [
            2
        ],
        [
            7,
            10
        ],
        [
            2,
            5
        ],
        [
            1,
            7
        ],
        [
            4
        ],
        [
            3,
            11
        ],
        [
            6,
            9
        ],
        [
            4,
            9
        ],
        [
            2,
            10
        ],
        [
            8
        ],
        [
            1,
            9
        ],
        [
            1,
            6
        ],
        [
            1,
            10
        ],
        [
            2,
            9
        ],
        [
            0,
            10
        ],
        [
            3,
            6
        ],
        [
            5,
            6
        ],
        [
            2,
            4
        ],
        [
            1,
            2
        ],
        [
            1,
            8
        ],
        [
            0,
            4
        ],
        [
            6,
            11
        ],
        [
            10,
            11
        ],
        [
            0,
            6
        ],
        [
            4,
            8
        ],
        [
            2,
            8
        ]
    ],
    "c": [
        4.029936467514704,
        -1.9091292628558176,
        -2.3965299253085828,
        -3.331352667463431,
        -3.161621549921594,
        -4.4941828229202,
        -1.800574294342221,
        2.6379302374662874,
        4.928117690090602,
        -3.1988200124944024,
        -2.0400063042279717,
        0.3686553050231067,
        -1.7565579465885248,
        3.944471244183095,
        -2.8377999784758012,
        2.483102795880926,
        2.245885898827553,
        -0.06579612604102181,
        -3.855114609530428,
        0.9281077733808747,
        -3.9432244247264627,
        -0.962539000418702,
        -2.8263255534284673,
        -3.125615129310014,
        -0.02098155601854046,
        4.940601416045736,
        0.561392271339626,
        4.229359665593803,
        -2.0379917616284016,
        1.9333612396308588,
        3.191223593782409,
        1.5313144556397154,
        -2.7806992511899997,
        -3.4337600459368343,
        4.254487983689785,
        -0.5360194544426902,
        -2.338804263992528,
        -0.2335749659399422,
        -2.6330558054733655,
        -1.8704176780363833,
        1.9727633837206842,
        -2.959514945139624,
        4.957086589518569,
        -2.8680218485661246,
        1.4661669546575071,
        -2.7483463600231826
    ],
    "label": {
        "x": [
            0.0,
            1.0,
            1.0,
            1.0,
            0.0,
            1.0,
            0.0,
            1.0,
            1.0,
            1.0,
            1.0,
            0.0
        ],
        "z": [
            -1.0,
            1.0,
            1.0,
            1.0,
            -1.0,
            1.0,
            -1.0,
            1.0,
            1.0,
            1.0,
            1.0,
            -1.0
        ],
        "obj_val": -68.54446616024939
    }
}