{
    "J": [
        [
            1,
            6
        ],
        [
            0,
            7
        ],
        [
            4,
            11
        ],
        [
            8,
            10
        ],
        [
            0,
            8
        ],
        [
            2,
            3
        ],
        [
            6,
            9
        ],
        [
            1
        ],
        [
            0,
            1
        ],
        [
            4,
            10
        ],
        [
            1,
            4
        ],
        [
            9,
            11
        ],
        [
            0,
            11
        ],
        [
            1,
            9
        ],
        [
            2,
            10
        ],
        [
            0,
            5
        ],
        [
            3,
            5
        ],
        [
            5,
            7
        ],
        [
            8
        ],
        [
            3,
            8
        ],
        [
            6,
            7
        ],
        [
            0,
            9
        ],
        [
            3,
            9
        ]
    ],
    "c": [
        -1.366346988784489,
        -1.0528978000023304,
        3.8066766581841964,
        1.0483224504774,
        -0.49201497494270896,
        -3.1566447706891356,
        4.313576781002453,
        -3.467683625179948,
        1.6858308329291303,
        -1.8468259424299283,
        2.048292145209235,
        3.7157764788987215,
        1.5484932503389999,
        0.5724745413817693,
        -4.900431045425604,
        2.551045593098281,
        2.2596490170204566,
        4.043052831028277,
        -1.426921831862927,
        0.17480965521365377,
        -1.7404086694219592,
        4.534454127151848,
        4.889605934277645
    ],
    "label": {
        "x": [
            0.0,
            1.0,
            0.0,
            0.0,
            0.0,
            1.0,
            0.0,
            0.0,
            1.0,
            1.0,
            0.0,
            1.0
        ],
        "z": [
            -1.0,
            1.0,
            -1.0,
            -1.0,
            -1.0,
            1.0,
            -1.0,
            -1.0,
            1.0,
            1.0,
            -1.0,
            1.0
        ],
        "obj_val": -44.34900997693572
    }
}