{
    "J": [
        [
            0,
            8
        ],
        [
            2,
            9
        ],
        [
            6,
            8
        ],
        [
            5,
            7
        ],
        [
            4,
            9
        ],
        [
            4,
            8
        ],
        [
            3,
            4
        ],
        [
            7,
            11
        ],
        [
            0,
            4
        ],
        [
            1,
            10
        ],
        [
            10,
            11
        ],
        [
            1,
            11
        ],
        [
            0,
            3
        ],
        [
            7,
            10
        ],
        [
            1,
            8
        ],
        [
            3,
            9
        ],
        [
            9
        ],
        [
            7,
            8
        ],
        [
            2,
            11
        ],
        [
            11
        ],
        [
            3,
            6
        ],
        [
            6,
            10
        ],
        [
            2,
            10
        ]
    ],
    "c": [
        -4.271415836978605,
        -3.166102002378067,
        -1.4945506422647705,
        2.9309438626648294,
        -4.400310229235852,
        3.2598096882714813,
        4.295826895853418,
        -3.7850252680975407,
        1.8677413159295035,
        0.9569901938263214,
        -1.6361327649994992,
        -2.027304006705527,
        1.7840549544812063,
        1.0735732517428094,
        -3.0729819357553856,
        -4.456453945274541,
        -1.0096969785699725,
        0.8467945034079696,
        2.150002552163116,
        -2.1608838765504554,
        -2.3408047358422412,
        -1.8208598197841264,
        4.017774706847325
    ],
    "label": {
        "x": [
            1.0,
            1.0,
            0.0,
            1.0,
            0.0,
            0.0,
            1.0,
            1.0,
            1.0,
            0.0,
            1.0,
            1.0
        ],
        "z": [
            1.0,
            1.0,
            -1.0,
            1.0,
            -1.0,
            -1.0,
            1.0,
            1.0,
            1.0,
            -1.0,
            1.0,
            1.0
        ],
        "obj_val": -38.57090631301892
    }
}