{
    "J": [
        [
            1,
            11
        ],
        [
            8,
            10
        ],
        [
            2,
            4
        ],
        [
            9,
            11
        ],
        [
            6,
            11
        ],
        [
            4,
            7
        ],
        [
            1,
            6
        ],
        [
            2,
            10
        ],
        [
            4,
            6
        ],
        [
            3,
            7
        ],
        [
            8,
            9
        ],
        [
            1,
            5
        ],
        [
            4,
            8
        ],
        [
            5,
            7
        ],
        [
            9
        ],
        [
            3,
            4
        ],
        [
            3,
            6
        ],
        [
            4,
            9
        ],
        [
            7,
            9
        ],
        [
            0,
            11
        ],
        [
            10,
            11
        ],
        [
            0,
            3
        ],
        [
            1,
            9
        ],
        [
            1,
            8
        ],
        [
            0,
            6
        ],
        [
            8,
            11
        ],
        [
            2,
            8
        ],
        [
            5
        ],
        [
            4,
            5
        ],
        [
            0,
            10
        ],
        [
            5,
            9
        ],
        [
            2,
            3
        ],
        [
            11
        ],
        [
            7,
            10
        ],
        [
            0,
            1
        ],
        [
            0,
            8
        ],
        [
            7,
            11
        ],
        [
            1,
            4
        ],
        [
            2,
            6
        ],
        [
            6,
            8
        ],
        [
            4,
            11
        ],
        [
            7
        ],
        [
            4,
            10
        ],
        [
            2,
            5
        ],
        [
            6
        ],
        [
            0
        ]
    ],
    "c": [
        -2.754290076109865,
        -2.0400288282247256,
        -3.7761164019900226,
        -4.55567372890204,
        3.6229281253264816,
        -3.423897806154932,
        -1.3412043783577188,
        -0.6980282655358181,
        -2.265033141494964,
        -0.9715972175567691,
        -2.1938268195920307,
        3.6270040202746348,
        1.0738831698959448,
        4.2377928706275245,
        0.6654329194902866,
        -3.984579611601701,
        4.117491299792974,
        -4.437074382121944,
        -3.9117938346131744,
        -4.29426779998175,
        1.3233119632208687,
        -2.633819945209316,
        -4.913097756325051,
        -1.2808095033650235,
        1.4345887188760544,
        1.7562592677474722,
        4.6808289258943585,
        -2.6488918775753465,
        2.5209651352027738,
        3.2103432268695915,
        -2.3028728267555,
        -3.4672055410274805,
        0.47951522102676236,
        -3.6702997768179566,
        0.8182187364524465,
        1.4649777440503584,
        -0.5599337579878867,
        -4.004248339395419,
        -4.633499022521564,
        1.5509725454111791,
        0.49385364667812226,
        -0.7297800071525398,
        1.002977600136754,
        -2.926412477337993,
        2.6308139943695057,
        -4.600130694184566
    ],
    "label": {
        "x": [
            1.0,
            1.0,
            1.0,
            1.0,
            1.0,
            0.0,
            0.0,
            1.0,
            0.0,
            1.0,
            0.0,
            1.0
        ],
        "z": [
            1.0,
            1.0,
            1.0,
            1.0,
            1.0,
            -1.0,
            -1.0,
            1.0,
            -1.0,
            1.0,
            -1.0,
            1.0
        ],
        "obj_val": -63.79283063241179
    }
}