{
    "J": [
        [
            1,
            9
        ],
        [
            0,
            10
        ],
        [
            5,
            10
        ],
        [
            0,
            7
        ],
        [
            10,
            11
        ],
        [
            2,
            3
        ],
        [
            6,
            8
        ],
        [
            3
        ],
        [
            2,
            10
        ],
        [
            0,
            6
        ],
        [
            9
        ],
        [
            6,
            10
        ],
        [
            0,
            5
        ],
        [
            2,
            8
        ],
        [
            3,
            5
        ],
        [
            7,
            11
        ],
        [
            5,
            8
        ],
        [
            9,
            11
        ],
        [
            7,
            8
        ],
        [
            2,
            7
        ],
        [
            2
        ],
        [
            6,
            9
        ],
        [
            2,
            5
        ],
        [
            5,
            6
        ],
        [
            0,
            4
        ],
        [
            3,
            10
        ],
        [
            0
        ],
        [
            7
        ],
        [
            1,
            11
        ],
        [
            3,
            8
        ],
        [
            0,
            8
        ],
        [
            3,
            4
        ],
        [
            5,
            9
        ],
        [
            0,
            11
        ],
        [
            4,
            7
        ],
        [
            4,
            8
        ],
        [
            7,
            10
        ],
        [
            1,
            6
        ],
        [
            0,
            3
        ],
        [
            3,
            7
        ],
        [
            5,
            7
        ],
        [
            1,
            8
        ],
        [
            2,
            6
        ],
        [
            8,
            10
        ],
        [
            6,
            11
        ],
        [
            0,
            9
        ]
    ],
    "c": [
        -2.535783473140103,
        -0.2418670635629887,
        -2.0631312119260246,
        -3.1459419806311653,
        -3.5583632529994325,
        -4.896512517507073,
        2.1905893034858304,
        3.829923731069785,
        -1.4978449018326065,
        -3.822224746523304,
        0.24147542703563296,
        3.797289394839888,
        1.1833833828887839,
        1.7450948991838562,
        2.0977806961444676,
        0.6098922364516657,
        4.232333885460498,
        -3.6672763364974372,
        0.5828051701207757,
        0.20287322294850618,
        -3.3196696429742767,
        1.9660360296408017,
        -3.5881271362412512,
        -4.310267875688099,
        3.507717986509931,
        -4.443729766060559,
        1.7951709531593334,
        -0.06979110285289458,
        3.426594157953417,
        -2.681237751031035,
        -1.0604081375530559,
        -1.0679527006963694,
        2.970399448833949,
        3.3148679185392353,
        4.902059284338447,
        0.6978155182367196,
        3.2765129461796647,
        0.5040741909870157,
        -1.2806878268364552,
        -3.8193620356968605,
        3.8736713856220035,
        4.657709361505372,
        1.3110646445250786,
        0.2762748878232273,
        -4.395805395244414,
        1.805944671283192
    ],
    "label": {
        "x": [
            0.0,
            1.0,
            1.0,
            0.0,
            1.0,
            1.0,
            0.0,
            0.0,
            0.0,
            1.0,
            1.0,
            1.0
        ],
        "z": [
            -1.0,
            1.0,
            1.0,
            -1.0,
            1.0,
            1.0,
            -1.0,
            -1.0,
            -1.0,
            1.0,
            1.0,
            1.0
        ],
        "obj_val": -56.78975973217848
    }
}