{
    "J": [
        [
            6,
            11
        ],
        [
            1,
            3
        ],
        [
            7,
            10
        ],
        [
            6,
            8
        ],
        [
            3,
            8
        ],
        [
            1,
            9
        ],
        [
            3
        ],
        [
            1,
            6
        ],
        [
            5,
            9
        ],
        [
            7,
            9
        ],
        [
            2,
            9
        ],
        [
            3,
            10
        ],
        [
            5,
            11
        ],
        [
            4,
            7
        ],
        [
            2
        ],
        [
            3,
            5
        ],
        [
            10
        ],
        [
            0,
            3
        ],
        [
            1,
            2
        ],
        [
            2,
            4
        ],
        [
            0,
            2
        ],
        [
            3,
            4
        ],
        [
            0,
            7
        ]
    ],
    "c": [
        4.996963536601614,
        -1.361650270906276,
        -0.731400397578895,
        3.0153126004646307,
        -1.588120440351667,
        3.404770211958825,
        -3.0611931103695067,
        0.4081384954090588,
        -3.1302895342930324,
        -4.9640359927157585,
        0.4594813413020846,
        1.0756819631757217,
        1.0852300907548784,
        0.8282002455564044,
        1.6421443141290535,
        1.55966784439729,
        1.8977445033751987,
        -2.600532197658377,
        -4.36376832656333,
        -2.4788286755088285,
        -0.8953160968738878,
        -3.673420678708703,
        2.8964759987943864
    ],
    "label": {
        "x": [
            1.0,
            1.0,
            1.0,
            1.0,
            1.0,
            0.0,
            0.0,
            0.0,
            1.0,
            0.0,
            0.0,
            1.0
        ],
        "z": [
            1.0,
            1.0,
            1.0,
            1.0,
            1.0,
            -1.0,
            -1.0,
            -1.0,
            1.0,
            -1.0,
            -1.0,
            1.0
        ],
        "obj_val": -48.8340782391893
    }
}