{
    "J": [
        [
            10,
            11
        ],
        [
            4,
            6
        ],
        [
            3,
            4
        ],
        [
            2,
            11
        ],
        [
            7,
            9
        ],
        [
            5
        ],
        [
            4,
            7
        ],
        [
            2,
            5
        ],
        [
            0,
            6
        ],
        [
            8,
            9
        ],
        [
            5,
            7
        ],
        [
            2,
            8
        ],
        [
            2,
            6
        ],
        [
            5,
            6
        ],
        [
            5,
            10
        ],
        [
            10
        ],
        [
            6,
            8
        ],
        [
            2,
            9
        ],
        [
            0,
            2
        ],
        [
            8,
            11
        ],
        [
            2,
            4
        ],
        [
            0,
            10
        ],
        [
            3,
            7
        ]
    ],
    "c": [
        3.997889571162567,
        -4.105131714109705,
        -0.5147048911651257,
        -4.853741554395987,
        -2.329409262484714,
        -3.7175003200155796,
        -2.4823632074260935,
        1.4357970990051339,
        4.285549287514755,
        4.977880571706038,
        -1.4722970711877092,
        4.28933046999912,
        -2.7608536214584434,
        -0.9152589253098657,
        -0.6050392655890242,
        1.18899063194886,
        -3.8847870352967204,
        4.398061865089989,
        0.7152668189645297,
        0.2981089098655705,
        4.42864064237755,
        3.9579126932124495,
        0.8417851693975384
    ],
    "label": {
        "x": [
            0.0,
            0.0,
            0.0,
            0.0,
            1.0,
            1.0,
            1.0,
            1.0,
            1.0,
            1.0,
            1.0,
            0.0
        ],
        "z": [
            -1.0,
            -1.0,
            -1.0,
            -1.0,
            1.0,
            1.0,
            1.0,
            1.0,
            1.0,
            1.0,
            1.0,
            -1.0
        ],
        "obj_val": -42.140907528197076
    }
}