{
    "J": [
        [
            6,
            8
        ],
        [
            3
        ],
        [
            8,
            9
        ],
        [
            2,
            10
        ],
        [
            0,
            6
        ],
        [
            9
        ],
        [
            6,
            10
        ],
        [
            0,
            5
        ],
        [
            2,
            8
        ],
        [
            7,
            11
        ],
        [
            3,
            5
        ],
        [
            3,
            4
        ],
        [
            2,
            5
        ],
        [
            4
        ],
        [
            2,
            3
        ],
        [
            6,
            9
        ],
        [
            2
        ],
        [
            0,
            4
        ],
        [
            4,
            10
        ],
        [
            3,
            10
        ],
        [
            0
        ],
        [
            7
        ],
        [
            1,
            11
        ]
    ],
    "c": [
        4.4941105493557565,
        -1.973439927399526,
        -1.635181132066318,
        1.7047270568522963,
        -4.389700680919688,
        -0.7274403632683573,
        -2.677493293841663,
        2.125109104752857,
        3.5476991492176637,
        -0.32225244197320624,
        3.8743926575559744,
        4.438705702088868,
        3.5091564718360306,
        -0.18875828747759638,
        -1.7614937390072907,
        -1.4648135396977304,
        -2.7494558473164687,
        1.1694025386427187,
        -0.060134966361249376,
        3.7837270654997788,
        -0.22335948653080173,
        4.29497077189329,
        -3.4025303013462196
    ],
    "label": {
        "x": [
            1.0,
            0.0,
            1.0,
            1.0,
            0.0,
            0.0,
            1.0,
            0.0,
            0.0,
            1.0,
            0.0,
            0.0
        ],
        "z": [
            1.0,
            -1.0,
            1.0,
            1.0,
            -1.0,
            -1.0,
            1.0,
            -1.0,
            -1.0,
            1.0,
            -1.0,
            -1.0
        ],
        "obj_val": -45.5151896481302
    }
}