{
    "J": [
        [
            0,
            10
        ],
        [
            1,
            8
        ],
        [
            3,
            9
        ],
        [
            7,
            8
        ],
        [
            1,
            5
        ],
        [
            2,
            6
        ],
        [
            2,
            5
        ],
        [
            3,
            8
        ],
        [
            4,
            10
        ],
        [
            4,
            9
        ],
        [
            4
        ],
        [
            3,
            5
        ],
        [
            2,
            4
        ],
        [
            1,
            7
        ],
        [
            1,
            3
        ],
        [
            8,
            9
        ],
        [
            6,
            9
        ],
        [
            10
        ],
        [
            11
        ],
        [
            6,
            11
        ],
        [
            0
        ],
        [
            9,
            10
        ],
        [
            5,
            10
        ],
        [
            5,
            9
        ],
        [
            2,
            8
        ],
        [
            4,
            8
        ],
        [
            3,
            7
        ],
        [
            2,
            7
        ],
        [
            2,
            3
        ],
        [
            3,
            4
        ],
        [
            2,
            11
        ],
        [
            6,
            8
        ],
        [
            3,
            6
        ],
        [
            7,
            11
        ],
        [
            0,
            4
        ],
        [
            5,
            7
        ],
        [
            0,
            5
        ],
        [
            8,
            10
        ],
        [
            8
        ],
        [
            4,
            11
        ],
        [
            5
        ],
        [
            2,
            10
        ],
        [
            7,
            10
        ],
        [
            4,
            6
        ],
        [
            2,
            9
        ],
        [
            3,
            10
        ]
    ],
    "c": [
        -3.6029791346904716,
        -4.301440021576083,
        4.387645881609991,
        0.2613977022822329,
        -4.719698375038231,
        -0.09629189036553054,
        2.0305848059489406,
        3.649372153355765,
        4.9480772449329695,
        -1.751064366715429,
        -1.7404861302845287,
        -1.9597945202043743,
        -1.2778343333401465,
        -3.1077960975588335,
        -1.153334575461764,
        0.6607393885036377,
        4.04791168533669,
        -0.36693741555836823,
        1.6156356955776499,
        0.5985599143163478,
        -4.758116029010936,
        -3.564687425334615,
        4.37847793712994,
        1.7290741479253278,
        3.7433217655866127,
        -1.1430872554591454,
        2.609931912123086,
        4.5217887751996795,
        -4.634810464027314,
        -4.320513155380751,
        0.5196739126166863,
        -4.817582485688272,
        -1.2050043734318647,
        1.3899537045635766,
        1.764262417745667,
        -4.333115010349905,
        -0.41271297654487604,
        -2.600820836881086,
        2.903520951697428,
        0.5804391397111832,
        -2.6917136400168493,
        2.22110193696774,
        2.2941534322836183,
        3.79621956569952,
        -4.448188465131102,
        1.5104792328787386
    ],
    "label": {
        "x": [
            1.0,
            1.0,
            0.0,
            0.0,
            0.0,
            1.0,
            1.0,
            1.0,
            1.0,
            0.0,
            1.0,
            0.0
        ],
        "z": [
            1.0,
            1.0,
            -1.0,
            -1.0,
            -1.0,
            1.0,
            1.0,
            1.0,
            1.0,
            -1.0,
            1.0,
            -1.0
        ],
        "obj_val": -66.79434202629768
    }
}