{
    "J": [
        [
            8,
            9
        ],
        [
            1,
            11
        ],
        [
            5,
            10
        ],
        [
            11
        ],
        [
            4,
            8
        ],
        [
            5
        ],
        [
            9,
            11
        ],
        [
            2,
            6
        ],
        [
            6,
            7
        ],
        [
            1,
            7
        ],
        [
            2,
            10
        ],
        [
            4,
            11
        ],
        [
            5,
            11
        ],
        [
            8,
            10
        ],
        [
            5,
            6
        ],
        [
            1,
            10
        ],
        [
            2,
            9
        ],
        [
            5,
            9
        ],
        [
            4,
            5
        ],
        [
            9
        ],
        [
            4
        ],
        [
            3,
            9
        ],
        [
            3,
            10
        ]
    ],
    "c": [
        3.5011068534412235,
        -2.944555422423506,
        4.26466747768978,
        1.4312542091997198,
        2.7279192869198443,
        -0.3330517135949673,
        -2.4866683988561276,
        1.0847126008409047,
        2.290389000535508,
        0.2127731852298833,
        -0.7905509607996493,
        0.1529153841954045,
        -2.384626406496589,
        -2.2079468307395897,
        2.393619189359426,
        -1.5155221795281673,
        3.895192202215352,
        4.863141209171838,
        4.334150983898045,
        -0.44781900385265594,
        -2.7354175504877496,
        -0.23943897160847438,
        4.69669614422501
    ],
    "label": {
        "x": [
            0.0,
            0.0,
            0.0,
            1.0,
            1.0,
            0.0,
            1.0,
            0.0,
            0.0,
            1.0,
            0.0,
            0.0
        ],
        "z": [
            -1.0,
            -1.0,
            -1.0,
            1.0,
            1.0,
            -1.0,
            1.0,
            -1.0,
            -1.0,
            1.0,
            -1.0,
            -1.0
        ],
        "obj_val": -37.3398136145679
    }
}