{
    "J": [
        [
            7,
            11
        ],
        [
            1,
            10
        ],
        [
            10
        ],
        [
            5,
            9
        ],
        [
            3
        ],
        [
            1
        ],
        [
            5,
            11
        ],
        [
            1,
            9
        ],
        [
            0,
            1
        ],
        [
            3,
            11
        ],
        [
            8,
            9
        ],
        [
            0,
            2
        ],
        [
            2,
            8
        ],
        [
            3,
            7
        ],
        [
            0,
            11
        ],
        [
            0,
            8
        ],
        [
            4,
            10
        ],
        [
            3,
            4
        ],
        [
            1,
            8
        ],
        [
            7,
            10
        ],
        [
            2,
            10
        ],
        [
            3,
            10
        ],
        [
            1,
            6
        ]
    ],
    "c": [
        -1.049852244154402,
        4.618380750933007,
        2.1677445579545482,
        1.646810211451065,
        -3.53902244886523,
        4.0885041518790946,
        2.0339855461864245,
        -2.5032619299745127,
        4.972541768854629,
        -2.449149271922283,
        -1.7991389082410212,
        2.8836973600920572,
        4.219665985739198,
        -0.8432910954704713,
        3.179601293303289,
        1.674995473502845,
        1.9622877313077574,
        2.0658336658872853,
        4.242871296507358,
        -4.1975110481778,
        2.0276341843877086,
        -0.6034295540920169,
        -1.7694067108186728
    ],
    "label": {
        "x": [
            1.0,
            0.0,
            0.0,
            1.0,
            0.0,
            1.0,
            0.0,
            1.0,
            1.0,
            0.0,
            1.0,
            0.0
        ],
        "z": [
            1.0,
            -1.0,
            -1.0,
            1.0,
            -1.0,
            1.0,
            -1.0,
            1.0,
            1.0,
            -1.0,
            1.0,
            -1.0
        ],
        "obj_val": -42.256856278152476
    }
}