{
    "J": [
        [
            7,
            11
        ],
        [
            2,
            3
        ],
        [
            1,
            9
        ],
        [
            6
        ],
        [
            2,
            5
        ],
        [
            0,
            9
        ],
        [
            4
        ],
        [
            9
        ],
        [
            9,
            11
        ],
        [
            3,
            10
        ],
        [
            4,
            11
        ],
        [
            3,
            5
        ],
        [
            10,
            11
        ],
        [
            5,
            11
        ],
        [
            2,
            8
        ],
        [
            2,
            7
        ],
        [
            6,
            9
        ],
        [
            6,
            7
        ],
        [
            0
        ],
        [
            7,
            9
        ],
        [
            4,
            7
        ],
        [
            7,
            8
        ],
        [
            2,
            9
        ],
        [
            9,
            10
        ],
        [
            4,
            10
        ],
        [
            0,
            10
        ],
        [
            4,
            8
        ],
        [
            1
        ],
        [
            5,
            7
        ],
        [
            8,
            11
        ],
        [
            0,
            11
        ],
        [
            3,
            11
        ],
        [
            1,
            2
        ],
        [
            1,
            10
        ],
        [
            1,
            4
        ],
        [
            5,
            9
        ],
        [
            1,
            7
        ],
        [
            3,
            8
        ],
        [
            0,
            3
        ],
        [
            6,
            8
        ],
        [
            4,
            5
        ],
        [
            3,
            4
        ],
        [
            2,
            10
        ],
        [
            1,
            3
        ],
        [
            0,
            6
        ],
        [
            5
        ]
    ],
    "c": [
        -0.9196233706759624,
        1.075046217147416,
        -0.40959144288127014,
        -1.1866511964489543,
        1.280912607097509,
        4.577980416367952,
        -4.13719112426754,
        -4.176643563669826,
        -4.382269301581035,
        -3.7841926426790318,
        -2.7305804481092846,
        -3.282504437947665,
        -2.205125817649074,
        -2.8896785531133293,
        1.9090720502962029,
        3.6290598996727645,
        3.762198837545469,
        1.0789530247356574,
        2.2706243629271485,
        -1.2347960684282464,
        -3.8666052485989653,
        4.057413383819778,
        4.558124854028936,
        1.0689758081203724,
        0.6924665631686224,
        4.247402705010302,
        -1.6418569810896755,
        2.1455880958281695,
        -1.1741117948942712,
        3.1796686573682518,
        0.9027915599434264,
        0.9743893598682192,
        4.139079595443491,
        1.8226058313440383,
        0.5142981181552866,
        4.32466115275167,
        1.1721013273807257,
        -3.797701470502044,
        2.83866149734272,
        -2.2847302054275307,
        1.954262753362518,
        1.8813454802987373,
        2.1251476767609647,
        3.5705609217426435,
        -3.9688834226278615,
        2.8011169615305045
    ],
    "label": {
        "x": [
            0.0,
            1.0,
            0.0,
            0.0,
            1.0,
            0.0,
            0.0,
            1.0,
            0.0,
            1.0,
            1.0,
            1.0
        ],
        "z": [
            -1.0,
            1.0,
            -1.0,
            -1.0,
            1.0,
            -1.0,
            -1.0,
            1.0,
            -1.0,
            1.0,
            1.0,
            1.0
        ],
        "obj_val": -66.23480824143842
    }
}