{
    "J": [
        [
            4,
            11
        ],
        [
            6,
            7
        ],
        [
            1,
            11
        ],
        [
            3,
            8
        ],
        [
            1,
            7
        ],
        [
            0,
            5
        ],
        [
            4,
            9
        ],
        [
            1,
            3
        ],
        [
            3,
            7
        ],
        [
            3,
            11
        ],
        [
            0,
            8
        ],
        [
            0,
            2
        ],
        [
            1
        ],
        [
            2,
            6
        ],
        [
            1,
            4
        ],
        [
            7,
            9
        ],
        [
            7,
            11
        ],
        [
            5,
            9
        ],
        [
            3,
            10
        ],
        [
            0,
            9
        ],
        [
            1,
            10
        ],
        [
            9,
            11
        ],
        [
            2
        ],
        [
            5,
            8
        ],
        [
            9,
            10
        ],
        [
            4,
            5
        ],
        [
            0,
            4
        ],
        [
            8,
            9
        ],
        [
            6,
            8
        ],
        [
            6,
            11
        ],
        [
            0,
            10
        ],
        [
            5,
            7
        ],
        [
            0,
            3
        ],
        [
            0
        ],
        [
            7
        ],
        [
            4,
            6
        ],
        [
            0,
            6
        ],
        [
            1,
            8
        ],
        [
            0,
            7
        ],
        [
            3,
            4
        ],
        [
            4,
            7
        ],
        [
            3,
            6
        ],
        [
            0,
            11
        ],
        [
            2,
            11
        ],
        [
            2,
            4
        ],
        [
            2,
            9
        ]
    ],
    "c": [
        3.1222715008682513,
        4.807368794239471,
        0.8073807333732566,
        -2.2704565907624943,
        1.7317969402221491,
        -0.5159925021624563,
        -1.540683491262833,
        -2.2858524094356913,
        0.05119822948810615,
        -3.592859661378708,
        2.682042332406035,
        -3.363312202857325,
        -0.6626877049245756,
        -2.5992235133687758,
        1.3354728525273778,
        -0.47690179854603887,
        -2.948623583761111,
        -3.7113990205714895,
        -3.2820018261018156,
        -2.3343051344879893,
        -3.9992739047689216,
        4.284854788687442,
        -0.9500235918555386,
        2.9969074021677065,
        2.7700979701430377,
        -0.5024232382075429,
        3.0135425856324947,
        -3.2654512852770248,
        2.2239971415769517,
        -0.3460471826679825,
        0.5553271097075942,
        4.181130923474647,
        -2.299572301561432,
        4.919084930859061,
        -3.635791334166547,
        1.6071268148013438,
        1.4188445350730525,
        -4.193427163964873,
        -0.10571538844079331,
        -4.500482872776882,
        1.561258255944093,
        -2.5446946690729244,
        -1.9241916372171444,
        1.6025202557554863,
        2.25167515455375,
        3.963626079666046
    ],
    "label": {
        "x": [
            0.0,
            1.0,
            0.0,
            1.0,
            1.0,
            0.0,
            0.0,
            1.0,
            1.0,
            0.0,
            1.0,
            1.0
        ],
        "z": [
            -1.0,
            1.0,
            -1.0,
            1.0,
            1.0,
            -1.0,
            -1.0,
            1.0,
            1.0,
            -1.0,
            1.0,
            1.0
        ],
        "obj_val": -53.843811918223096
    }
}