{
    "J": [
        [
            5
        ],
        [
            4,
            5
        ],
        [
            7
        ],
        [
            6
        ],
        [
            1
        ],
        [
            3,
            5
        ],
        [
            0,
            2
        ],
        [
            6,
            8
        ],
        [
            0,
            11
        ],
        [
            4,
            10
        ],
        [
            7,
            10
        ],
        [
            1,
            8
        ],
        [
            6,
            9
        ],
        [
            11
        ],
        [
            4,
            11
        ],
        [
            0,
            4
        ],
        [
            1,
            7
        ],
        [
            4,
            7
        ],
        [
            7,
            8
        ],
        [
            0,
            5
        ],
        [
            2,
            3
        ],
        [
            4,
            6
        ],
        [
            7,
            9
        ],
        [
            3,
            8
        ],
        [
            3
        ],
        [
            8,
            10
        ],
        [
            0
        ],
        [
            9
        ],
        [
            0,
            8
        ],
        [
            9,
            10
        ],
        [
            2,
            4
        ],
        [
            0,
            7
        ],
        [
            2,
            7
        ],
        [
            8,
            11
        ],
        [
            3,
            6
        ],
        [
            6,
            10
        ],
        [
            5,
            7
        ],
        [
            2,
            6
        ],
        [
            1,
            11
        ],
        [
            3,
            7
        ],
        [
            4,
            8
        ],
        [
            1,
            6
        ],
        [
            1,
            9
        ],
        [
            1,
            10
        ],
        [
            3,
            10
        ],
        [
            5,
            9
        ]
    ],
    "c": [
        4.216180418573343,
        1.3003006884050698,
        -0.08359868305246465,
        0.5509283541205825,
        -3.268150857000763,
        -4.768587363251554,
        -0.5011481073995974,
        1.3601927763199306,
        0.2901231000462934,
        0.7511785718251938,
        3.712109174515197,
        -1.0438269704821246,
        0.8645650579451569,
        2.444538537586917,
        -3.826103433439955,
        -0.9055844617297257,
        1.7242556138528347,
        0.6020884527851802,
        -4.347764349555362,
        1.9757981161768097,
        -4.218856430823247,
        -0.7280093626167492,
        3.8829615961284567,
        2.7166828818519297,
        -1.4027594868142437,
        -0.3845160150561755,
        -0.284531773754912,
        -1.1310156269179563,
        1.008283859226534,
        1.8068978182069815,
        3.4995612138764187,
        4.075760933819078,
        -4.828961053357752,
        -0.3807523881853143,
        0.9722547147175966,
        -1.4698597821994088,
        1.5505129346328514,
        -1.4977067502202868,
        -3.094315908905436,
        0.1494762171237305,
        2.301141800895305,
        2.5651235218481983,
        -3.2928656605509934,
        -3.634616837846447,
        -3.0802899465629228,
        0.6789420624896909
    ],
    "label": {
        "x": [
            1.0,
            1.0,
            0.0,
            0.0,
            1.0,
            0.0,
            0.0,
            0.0,
            0.0,
            1.0,
            0.0,
            1.0
        ],
        "z": [
            1.0,
            1.0,
            -1.0,
            -1.0,
            1.0,
            -1.0,
            -1.0,
            -1.0,
            -1.0,
            1.0,
            -1.0,
            1.0
        ],
        "obj_val": -51.2324753203099
    }
}