{
    "J": [
        [
            2,
            7
        ],
        [
            5,
            7
        ],
        [
            11
        ],
        [
            10
        ],
        [
            6,
            8
        ],
        [
            0,
            3
        ],
        [
            4,
            11
        ],
        [
            3,
            9
        ],
        [
            7,
            10
        ],
        [
            2,
            3
        ],
        [
            4,
            7
        ],
        [
            0,
            4
        ],
        [
            2,
            5
        ],
        [
            8,
            10
        ],
        [
            3,
            6
        ],
        [
            4,
            9
        ],
        [
            1,
            10
        ],
        [
            1,
            11
        ],
        [
            0,
            5
        ],
        [
            3,
            10
        ],
        [
            2,
            8
        ],
        [
            0,
            9
        ],
        [
            1,
            9
        ],
        [
            0
        ],
        [
            8
        ],
        [
            1,
            4
        ],
        [
            1,
            8
        ],
        [
            8,
            11
        ],
        [
            3,
            11
        ],
        [
            7,
            8
        ],
        [
            0,
            6
        ],
        [
            8,
            9
        ],
        [
            5
        ],
        [
            2,
            4
        ],
        [
            1,
            5
        ],
        [
            0,
            1
        ],
        [
            3,
            7
        ],
        [
            9
        ],
        [
            2,
            6
        ],
        [
            6,
            7
        ],
        [
            6
        ],
        [
            5,
            9
        ],
        [
            1,
            3
        ],
        [
            6,
            10
        ],
        [
            5,
            10
        ],
        [
            4,
            6
        ]
    ],
    "c": [
        0.7805886405573599,
        2.7026344181000814,
        4.402644895854564,
        -2.530384272475658,
        -0.675210962742721,
        -0.2687589866792903,
        -0.7499808256634637,
        -4.660297856187107,
        0.6047683881993615,
        1.4719505361898406,
        -3.912816048806844,
        0.41573930192904207,
        -3.404895648872804,
        -4.886037610154927,
        -3.521347081955687,
        -3.1601811407400735,
        -4.293521360310053,
        3.3713879367638455,
        4.459317169990356,
        4.813288226326378,
        -3.117827362779341,
        -3.783594976721365,
        1.0910529421285204,
        1.4036321181411608,
        -0.09254376367831263,
        -3.833488780060672,
        -2.8430819878853217,
        3.4775085767710685,
        0.6415021558554326,
        4.918371074740017,
        3.687908697076475,
        -3.1972871700494085,
        -0.3275605707406548,
        3.497195883902135,
        3.9479254967517914,
        0.8473533495237815,
        -4.667527195473987,
        -4.753787665675324,
        -1.3386697609804288,
        -3.071360098856478,
        2.0774701929806474,
        1.120497489378808,
        3.0927865719373635,
        -4.7388949803333364,
        1.9404243549669706,
        -0.8092850350343808
    ],
    "label": {
        "x": [
            0.0,
            1.0,
            1.0,
            0.0,
            0.0,
            1.0,
            1.0,
            0.0,
            1.0,
            0.0,
            1.0,
            0.0
        ],
        "z": [
            -1.0,
            1.0,
            1.0,
            -1.0,
            -1.0,
            1.0,
            1.0,
            -1.0,
            1.0,
            -1.0,
            1.0,
            -1.0
        ],
        "obj_val": -66.98505489269098
    }
}