{
    "J": [
        [
            7,
            11
        ],
        [
            2,
            4
        ],
        [
            2,
            10
        ],
        [
            1,
            4
        ],
        [
            2,
            5
        ],
        [
            5,
            7
        ],
        [
            6
        ],
        [
            3,
            7
        ],
        [
            2
        ],
        [
            7,
            8
        ],
        [
            5,
            8
        ],
        [
            0,
            8
        ],
        [
            0,
            1
        ],
        [
            4,
            5
        ],
        [
            4,
            6
        ],
        [
            5,
            9
        ],
        [
            0,
            11
        ],
        [
            1,
            5
        ],
        [
            3
        ],
        [
            5
        ],
        [
            4,
            11
        ],
        [
            4,
            9
        ],
        [
            3,
            11
        ],
        [
            0,
            7
        ],
        [
            8,
            9
        ],
        [
            6,
            7
        ],
        [
            10,
            11
        ],
        [
            2,
            3
        ],
        [
            1,
            6
        ],
        [
            1,
            10
        ],
        [
            9,
            11
        ],
        [
            1,
            2
        ],
        [
            4,
            8
        ],
        [
            0,
            5
        ],
        [
            7
        ],
        [
            0,
            10
        ],
        [
            3,
            8
        ],
        [
            6,
            8
        ],
        [
            1
        ],
        [
            8
        ],
        [
            3,
            9
        ],
        [
            1,
            8
        ],
        [
            6,
            10
        ],
        [
            3,
            5
        ],
        [
            5,
            10
        ],
        [
            3,
            6
        ]
    ],
    "c": [
        -2.405118560443238,
        1.742561495933936,
        -4.9884183913539735,
        1.2429898793933845,
        -1.8340800481135089,
        1.4946644198590295,
        -4.543752818435161,
        1.6813487564514666,
        4.679594540517462,
        -1.9564628375074111,
        1.56473915541536,
        -4.626656757988455,
        3.539359400464374,
        -1.2721061040639894,
        4.917308579863988,
        -1.6908663063588172,
        -1.4543450141694212,
        -3.6574024076853187,
        -3.6339284365557134,
        1.12506060415119,
        -2.6540451299398473,
        -4.720410133962193,
        -0.016377725784915143,
        -0.23566890733262724,
        4.724291204270942,
        -2.9859874221028413,
        1.1207484297756292,
        4.884519957670747,
        -0.8497234637616149,
        4.122376388403474,
        -3.5262524247862115,
        1.854513233716939,
        3.229024206908356,
        -2.613673652900853,
        -0.8110707389369107,
        0.30375052645242384,
        -3.665778981509753,
        1.4978433122882286,
        2.0428522838558276,
        -2.9142324592952895,
        0.15114329023407347,
        3.174876430843659,
        -1.7801062858287322,
        -0.09910387607344262,
        -1.0891441996343696,
        -4.487430461159418
    ],
    "label": {
        "x": [
            1.0,
            0.0,
            0.0,
            1.0,
            0.0,
            0.0,
            1.0,
            1.0,
            1.0,
            0.0,
            1.0,
            0.0
        ],
        "z": [
            1.0,
            -1.0,
            -1.0,
            1.0,
            -1.0,
            -1.0,
            1.0,
            1.0,
            1.0,
            -1.0,
            1.0,
            -1.0
        ],
        "obj_val": -69.92788546543811
    }
}