{
    "J": [
        [
            0,
            3
        ],
        [
            5,
            8
        ],
        [
            5,
            10
        ],
        [
            9,
            10
        ],
        [
            3,
            4
        ],
        [
            3,
            11
        ],
        [
            8,
            10
        ],
        [
            4,
            5
        ],
        [
            2,
            11
        ],
        [
            1,
            11
        ],
        [
            2,
            5
        ],
        [
            7,
            11
        ],
        [
            5,
            9
        ],
        [
            0,
            9
        ],
        [
            2,
            7
        ],
        [
            1,
            2
        ],
        [
            3
        ],
        [
            4,
            8
        ],
        [
            2,
            3
        ],
        [
            6
        ],
        [
            0,
            2
        ],
        [
            6,
            10
        ],
        [
            1,
            10
        ],
        [
            9
        ],
        [
            3,
            9
        ],
        [
            4
        ],
        [
            8
        ],
        [
            1
        ],
        [
            7,
            10
        ],
        [
            0,
            10
        ],
        [
            7,
            8
        ],
        [
            4,
            11
        ],
        [
            10
        ],
        [
            3,
            6
        ],
        [
            1,
            9
        ],
        [
            5,
            11
        ],
        [
            3,
            7
        ],
        [
            4,
            10
        ],
        [
            1,
            5
        ],
        [
            3,
            8
        ],
        [
            2,
            4
        ],
        [
            0,
            11
        ],
        [
            4,
            6
        ],
        [
            8,
            11
        ],
        [
            7
        ],
        [
            2,
            10
        ]
    ],
    "c": [
        -4.006516776167956,
        2.0833903425150453,
        -3.3893110351209623,
        -2.3557931815900233,
        -4.144753807329878,
        3.191807249070358,
        -3.0090401333945884,
        -2.240511740771629,
        4.490840990779079,
        -0.7386777940683844,
        -1.4966979016584983,
        -2.4955937612146126,
        4.6682233735215455,
        -0.551301523069915,
        0.43135029904509015,
        -4.401871989575757,
        -1.0857601919830384,
        0.6763913507345531,
        4.659458219749968,
        -3.612038920610857,
        -1.4892428499581278,
        0.5578508769501989,
        0.12050007316816913,
        4.117409670155075,
        -2.4502794401418235,
        -1.2091125615133258,
        -1.9845378294361558,
        0.6680844656479001,
        -3.9081587635849124,
        4.465949775346244,
        4.617318802378502,
        4.663478517842318,
        1.4425859089860191,
        2.2141245695631353,
        -2.3844257015078743,
        0.5269004010573317,
        0.0806626066827878,
        3.257837148563155,
        2.498104957261119,
        -2.3400106959178,
        -1.467978615107246,
        0.7327333124549718,
        2.0759351852193495,
        1.8232849270445435,
        -2.8893487793775785,
        3.25687325367066
    ],
    "label": {
        "x": [
            0.0,
            0.0,
            0.0,
            0.0,
            0.0,
            1.0,
            1.0,
            1.0,
            0.0,
            0.0,
            1.0,
            1.0
        ],
        "z": [
            -1.0,
            -1.0,
            -1.0,
            -1.0,
            -1.0,
            1.0,
            1.0,
            1.0,
            -1.0,
            -1.0,
            1.0,
            1.0
        ],
        "obj_val": -67.00542408672064
    }
}