{
    "J": [
        [
            0,
            6
        ],
        [
            2,
            5
        ],
        [
            0,
            9
        ],
        [
            0,
            8
        ],
        [
            3,
            6
        ],
        [
            11
        ],
        [
            4,
            5
        ],
        [
            6,
            10
        ],
        [
            2
        ],
        [
            1,
            4
        ],
        [
            10,
            11
        ],
        [
            2,
            4
        ],
        [
            1,
            9
        ],
        [
            1,
            7
        ],
        [
            3,
            7
        ],
        [
            1,
            11
        ],
        [
            6,
            9
        ],
        [
            2,
            10
        ],
        [
            1,
            5
        ],
        [
            4,
            11
        ],
        [
            10
        ],
        [
            3,
            9
        ],
        [
            2,
            3
        ],
        [
            4
        ],
        [
            0,
            10
        ],
        [
            0,
            1
        ],
        [
            1,
            2
        ],
        [
            7,
            11
        ],
        [
            9,
            11
        ],
        [
            2,
            9
        ],
        [
            6,
            8
        ],
        [
            5,
            11
        ],
        [
            4,
            7
        ],
        [
            6
        ],
        [
            7,
            9
        ],
        [
            5,
            9
        ],
        [
            3,
            11
        ],
        [
            7,
            10
        ],
        [
            9
        ],
        [
            0,
            2
        ],
        [
            4,
            10
        ],
        [
            1,
            3
        ],
        [
            3,
            5
        ],
        [
            5,
            7
        ],
        [
            8
        ],
        [
            5,
            8
        ]
    ],
    "c": [
        4.1365035307140765,
        0.8449710633533218,
        0.7818558419333712,
        -0.5606712632770918,
        2.566034442567874,
        3.3525176029803596,
        -0.4118542152607416,
        -2.53521691708369,
        -1.506826206138454,
        -4.083947972446575,
        4.15774446779694,
        2.253327650245968,
        1.6904379846133804,
        -2.4247389657921223,
        -0.8299646334876947,
        -2.0867073585299876,
        -4.6308818606042355,
        4.878989151812235,
        -2.080296577874985,
        4.196574985493259,
        -3.23096920181278,
        -0.6125710281008212,
        -4.92252054709801,
        0.39959330749030375,
        3.376273522328786,
        -3.722164603468201,
        -3.034047312169367,
        0.7508799137391495,
        -3.026341172940945,
        -3.1411641905387224,
        0.6585379906514852,
        -2.8523840415499,
        -0.08463697499620437,
        2.331100054596166,
        2.562402431911581,
        -3.022636519601961,
        -3.865451758173367,
        -0.15313338318866343,
        -3.597575610832661,
        4.176480262495316,
        2.3806540418863733,
        1.7157574978986272,
        1.0315087925555737,
        -4.440516294966189,
        -4.349750265416638,
        3.1180870681274957
    ],
    "label": {
        "x": [
            0.0,
            0.0,
            1.0,
            1.0,
            0.0,
            0.0,
            1.0,
            0.0,
            1.0,
            1.0,
            1.0,
            0.0
        ],
        "z": [
            -1.0,
            -1.0,
            1.0,
            1.0,
            -1.0,
            -1.0,
            1.0,
            -1.0,
            1.0,
            1.0,
            1.0,
            -1.0
        ],
        "obj_val": -56.81847531714314
    }
}