{
    "J": [
        [
            0,
            5
        ],
        [
            5,
            7
        ],
        [
            4,
            8
        ],
        [
            6,
            11
        ],
        [
            1,
            11
        ],
        [
            8,
            11
        ],
        [
            1,
            3
        ],
        [
            7
        ],
        [
            7,
            10
        ],
        [
            2,
            4
        ],
        [
            6,
            10
        ],
        [
            2,
            3
        ],
        [
            1,
            2
        ],
        [
            3,
            7
        ],
        [
            0,
            9
        ],
        [
            1
        ],
        [
            8,
            9
        ],
        [
            7,
            11
        ],
        [
            1,
            9
        ],
        [
            2,
            5
        ],
        [
            3,
            9
        ],
        [
            6,
            8
        ],
        [
            0
        ]
    ],
    "c": [
        2.0404227999891758,
        4.536183212256317,
        2.6555512356281996,
        2.1359872952250667,
        -1.5375347190665045,
        3.7420712030430643,
        0.8723251625288881,
        -3.3126593534571747,
        2.4628524680236383,
        1.0980254788272026,
        -3.07035293557571,
        3.4070579501659033,
        -2.1875341846619314,
        -2.775265928042776,
        0.7601193538669451,
        2.379271132972521,
        0.2419331514566494,
        -0.9218577881004233,
        -1.8583707959186437,
        1.971008059228847,
        -0.8992064164548115,
        -2.930229332385591,
        -0.8568094329483422
    ],
    "label": {
        "x": [
            1.0,
            0.0,
            0.0,
            1.0,
            1.0,
            0.0,
            0.0,
            1.0,
            0.0,
            0.0,
            0.0,
            1.0
        ],
        "z": [
            1.0,
            -1.0,
            -1.0,
            1.0,
            1.0,
            -1.0,
            -1.0,
            1.0,
            -1.0,
            -1.0,
            -1.0,
            1.0
        ],
        "obj_val": -39.35326469741071
    }
}