{
    "J": [
        [
            2,
            5
        ],
        [
            4
        ],
        [
            4,
            9
        ],
        [
            2,
            9
        ],
        [
            11
        ],
        [
            1,
            4
        ],
        [
            8,
            11
        ],
        [
            2
        ],
        [
            1,
            2
        ],
        [
            9,
            10
        ],
        [
            6,
            8
        ],
        [
            0,
            4
        ],
        [
            7,
            10
        ],
        [
            1,
            6
        ],
        [
            1,
            7
        ],
        [
            5,
            7
        ],
        [
            7
        ],
        [
            1,
            3
        ],
        [
            5,
            11
        ],
        [
            4,
            6
        ],
        [
            2,
            10
        ],
        [
            3,
            11
        ],
        [
            7,
            11
        ]
    ],
    "c": [
        -3.5750994526260635,
        0.5268184218680627,
        -2.4908908097928526,
        0.8738771540356609,
        -3.2212238652517278,
        -2.3916773843572336,
        -4.832137684818249,
        -4.8060419511906645,
        -4.732270730951176,
        1.1609038029006165,
        1.5676859657341264,
        -2.8030585115749576,
        -0.9873816834670892,
        3.357624996508182,
        -1.980732749177243,
        3.97303012808009,
        -4.269752930888812,
        -4.820825639224609,
        -2.8671729895888287,
        -3.9752516403319484,
        2.8416144177562943,
        1.445063254818435,
        4.168253100276136
    ],
    "label": {
        "x": [
            0.0,
            1.0,
            1.0,
            1.0,
            0.0,
            1.0,
            0.0,
            0.0,
            1.0,
            0.0,
            0.0,
            1.0
        ],
        "z": [
            -1.0,
            1.0,
            1.0,
            1.0,
            -1.0,
            1.0,
            -1.0,
            -1.0,
            1.0,
            -1.0,
            -1.0,
            1.0
        ],
        "obj_val": -45.17212902093438
    }
}