{
    "J": [
        [
            1,
            6
        ],
        [
            0,
            4
        ],
        [
            7,
            8
        ],
        [
            1,
            2
        ],
        [
            7,
            10
        ],
        [
            0,
            1
        ],
        [
            0,
            5
        ],
        [
            8,
            9
        ],
        [
            0,
            8
        ],
        [
            11
        ],
        [
            1,
            11
        ],
        [
            8,
            11
        ],
        [
            5,
            9
        ],
        [
            0,
            3
        ],
        [
            1,
            7
        ],
        [
            6,
            7
        ],
        [
            2,
            4
        ],
        [
            9,
            11
        ],
        [
            6,
            11
        ],
        [
            0,
            10
        ],
        [
            3,
            8
        ],
        [
            2,
            3
        ],
        [
            3,
            6
        ]
    ],
    "c": [
        -1.2577911163382085,
        1.3354594064308811,
        0.021087248645173418,
        -1.8729675997073714,
        0.5899229265671799,
        3.8128175961988404,
        4.375161288425689,
        1.9588086902485111,
        3.991469901769559,
        -3.555051575606086,
        1.2757758886753647,
        4.321649394322428,
        -3.977940278995855,
        2.468935781157777,
        3.3248487753219695,
        1.287624177487027,
        -2.671760381431506,
        -4.988103601471554,
        -3.1586549930855448,
        -3.972885005722274,
        1.2311311006002237,
        4.311411418695366,
        0.6363823421512542
    ],
    "label": {
        "x": [
            0.0,
            1.0,
            1.0,
            0.0,
            1.0,
            1.0,
            1.0,
            0.0,
            0.0,
            1.0,
            0.0,
            1.0
        ],
        "z": [
            -1.0,
            1.0,
            1.0,
            -1.0,
            1.0,
            1.0,
            1.0,
            -1.0,
            -1.0,
            1.0,
            -1.0,
            1.0
        ],
        "obj_val": -41.24099479422509
    }
}