{
    "J": [
        [
            7,
            9
        ],
        [
            6,
            8
        ],
        [
            4,
            10
        ],
        [
            8
        ],
        [
            4,
            5
        ],
        [
            7,
            10
        ],
        [
            2,
            4
        ],
        [
            3,
            5
        ],
        [
            1,
            7
        ],
        [
            4,
            9
        ],
        [
            0,
            7
        ],
        [
            7,
            8
        ],
        [
            2,
            3
        ],
        [
            0,
            11
        ],
        [
            1,
            10
        ],
        [
            11
        ],
        [
            4,
            11
        ],
        [
            3,
            10
        ],
        [
            8,
            9
        ],
        [
            10
        ],
        [
            5,
            9
        ],
        [
            5,
            8
        ],
        [
            3,
            9
        ],
        [
            5,
            7
        ],
        [
            9,
            11
        ],
        [
            3,
            6
        ],
        [
            0,
            10
        ],
        [
            5,
            11
        ],
        [
            6,
            11
        ],
        [
            2,
            5
        ],
        [
            4
        ],
        [
            7
        ],
        [
            1,
            2
        ],
        [
            0,
            9
        ],
        [
            4,
            8
        ],
        [
            2,
            10
        ],
        [
            6
        ],
        [
            3,
            7
        ],
        [
            0,
            8
        ],
        [
            2,
            7
        ],
        [
            7,
            11
        ],
        [
            3,
            11
        ],
        [
            5,
            10
        ],
        [
            5,
            6
        ],
        [
            1,
            6
        ],
        [
            0,
            6
        ]
    ],
    "c": [
        3.752682454862221,
        -4.167101277945813,
        -1.3483349103381936,
        -4.035697265484389,
        -4.689487330356589,
        1.1764808182978923,
        -4.464175387175297,
        -4.965838706628931,
        -3.8308840794015033,
        2.414656476528574,
        -1.5896317109774802,
        -0.590317600404779,
        -2.0860157764396114,
        -4.953663856043305,
        2.684040687412514,
        1.3032351813135667,
        -0.5444502201157633,
        -1.2043067442313071,
        -3.8621959576275353,
        -0.9259018379945871,
        -4.235362522387833,
        4.918934918003766,
        -4.931729807301554,
        0.8760415535236383,
        0.5562681737613602,
        -0.5002362626139796,
        4.694242380958542,
        2.845786748535782,
        0.9410346856570726,
        1.5809950214533766,
        -3.143058637357865,
        4.445374208966342,
        -2.1798544271399245,
        -4.657776329956523,
        1.2284335827025537,
        -3.0808279717652045,
        1.6660647656095762,
        4.99538152992389,
        -3.9828847147001945,
        -4.795805593703837,
        1.7136978849842865,
        2.701852228957806,
        0.2863410456421276,
        1.2924822129763482,
        0.24854630742642847,
        2.0336850677821747
    ],
    "label": {
        "x": [
            0.0,
            0.0,
            1.0,
            1.0,
            1.0,
            1.0,
            0.0,
            0.0,
            0.0,
            1.0,
            1.0,
            0.0
        ],
        "z": [
            -1.0,
            -1.0,
            1.0,
            1.0,
            1.0,
            1.0,
            -1.0,
            -1.0,
            -1.0,
            1.0,
            1.0,
            -1.0
        ],
        "obj_val": -63.531851771139856
    }
}