{
    "J": [
        [
            3,
            5
        ],
        [
            4
        ],
        [
            5,
            11
        ],
        [
            2,
            8
        ],
        [
            9
        ],
        [
            1
        ],
        [
            6,
            11
        ],
        [
            5,
            10
        ],
        [
            3,
            4
        ],
        [
            3
        ],
        [
            6,
            10
        ],
        [
            0,
            1
        ],
        [
            3,
            6
        ],
        [
            3,
            9
        ],
        [
            6,
            7
        ],
        [
            1,
            4
        ],
        [
            8,
            11
        ],
        [
            1,
            7
        ],
        [
            2,
            3
        ],
        [
            2,
            10
        ],
        [
            0,
            3
        ],
        [
            10,
            11
        ],
        [
            2,
            11
        ]
    ],
    "c": [
        2.0275168560953416,
        -4.735858215397535,
        0.2763520601925702,
        -1.1093846499335456,
        -4.152908667323167,
        -4.427829488552763,
        -4.2394790456413585,
        2.12823423604182,
        -2.515860302143451,
        4.8911843417434415,
        -4.686599441894823,
        1.9990452440333097,
        -4.781587342785816,
        -4.142353153110986,
        -3.8146953860713584,
        1.1335500457696277,
        -2.8112525284672216,
        -2.199000998509516,
        4.95080163262093,
        -1.820941801152678,
        -0.4900135937169283,
        -4.740405931480579,
        -1.4012521708710168
    ],
    "label": {
        "x": [
            0.0,
            1.0,
            0.0,
            1.0,
            1.0,
            0.0,
            1.0,
            1.0,
            1.0,
            1.0,
            1.0,
            1.0
        ],
        "z": [
            -1.0,
            1.0,
            -1.0,
            1.0,
            1.0,
            -1.0,
            1.0,
            1.0,
            1.0,
            1.0,
            1.0,
            1.0
        ],
        "obj_val": -47.78345392717533
    }
}