{
    "J": [
        [
            2,
            3
        ],
        [
            8,
            10
        ],
        [
            6,
            10
        ],
        [
            1,
            9
        ],
        [
            7,
            10
        ],
        [
            6,
            8
        ],
        [
            8,
            11
        ],
        [
            3,
            10
        ],
        [
            10,
            11
        ],
        [
            4,
            6
        ],
        [
            1,
            4
        ],
        [
            4,
            9
        ],
        [
            5,
            9
        ],
        [
            5
        ],
        [
            7,
            8
        ],
        [
            3,
            5
        ],
        [
            11
        ],
        [
            2
        ],
        [
            3,
            6
        ],
        [
            9,
            11
        ],
        [
            1,
            7
        ],
        [
            10
        ],
        [
            2,
            9
        ]
    ],
    "c": [
        -1.1755145773900022,
        -4.985353411540747,
        3.253032418713291,
        0.43937493451054266,
        -3.8420002117173615,
        -1.7901339893930879,
        -4.532675655473919,
        4.093428968274713,
        -1.9437226879377825,
        0.11405705611511419,
        -2.989151661240955,
        -1.9679190714344195,
        -0.28775335962411663,
        3.6764963928953183,
        1.004302000750295,
        0.23481994677055518,
        3.045798249927749,
        0.612552858166131,
        -1.233582749441978,
        1.751174452149563,
        4.679547722857693,
        0.9346089735668937,
        -3.6931347896375035
    ],
    "label": {
        "x": [
            0.0,
            1.0,
            1.0,
            1.0,
            1.0,
            0.0,
            1.0,
            0.0,
            0.0,
            1.0,
            0.0,
            0.0
        ],
        "z": [
            -1.0,
            1.0,
            1.0,
            1.0,
            1.0,
            -1.0,
            1.0,
            -1.0,
            -1.0,
            1.0,
            -1.0,
            -1.0
        ],
        "obj_val": -43.783787742411164
    }
}