{
    "J": [
        [
            5,
            10
        ],
        [
            0,
            2
        ],
        [
            2,
            6
        ],
        [
            2
        ],
        [
            6,
            10
        ],
        [
            0,
            3
        ],
        [
            0,
            4
        ],
        [
            1,
            4
        ],
        [
            1,
            8
        ],
        [
            4,
            9
        ],
        [
            2,
            11
        ],
        [
            2,
            8
        ],
        [
            3,
            10
        ],
        [
            10,
            11
        ],
        [
            4,
            7
        ],
        [
            8
        ],
        [
            5,
            8
        ],
        [
            4,
            8
        ],
        [
            0,
            10
        ],
        [
            7,
            9
        ],
        [
            1,
            5
        ],
        [
            5,
            6
        ],
        [
            2,
            7
        ]
    ],
    "c": [
        -4.9678494983869195,
        -2.179132957765315,
        4.308947664657545,
        -3.6191210823646203,
        -1.8762623323754868,
        -2.413875389190218,
        -2.936815835434381,
        2.370294700034191,
        -4.919995819558766,
        1.5522693210878469,
        0.9631122008287472,
        -4.164764021887066,
        4.78495594361622,
        -4.4813319310468644,
        -0.06787472907979009,
        1.7216600797648987,
        -3.7348654783472144,
        -1.9930651059016293,
        -4.887598487454156,
        0.6763632029536737,
        3.5740503575727693,
        3.8007676916875397,
        3.6735031182669573
    ],
    "label": {
        "x": [
            1.0,
            0.0,
            1.0,
            0.0,
            1.0,
            1.0,
            0.0,
            0.0,
            1.0,
            0.0,
            1.0,
            1.0
        ],
        "z": [
            1.0,
            -1.0,
            1.0,
            -1.0,
            1.0,
            1.0,
            -1.0,
            -1.0,
            1.0,
            -1.0,
            1.0,
            1.0
        ],
        "obj_val": -44.390189441759645
    }
}