{
    "J": [
        [
            10
        ],
        [
            7,
            10
        ],
        [
            5,
            11
        ],
        [
            6,
            10
        ],
        [
            4,
            9
        ],
        [
            7
        ],
        [
            4
        ],
        [
            4,
            8
        ],
        [
            7,
            8
        ],
        [
            5,
            7
        ],
        [
            9
        ],
        [
            2,
            10
        ],
        [
            0,
            6
        ],
        [
            1,
            8
        ],
        [
            0,
            8
        ],
        [
            8
        ],
        [
            0,
            1
        ],
        [
            3
        ],
        [
            0
        ],
        [
            6,
            7
        ],
        [
            1,
            4
        ],
        [
            7,
            9
        ],
        [
            5,
            9
        ]
    ],
    "c": [
        3.956993940140542,
        3.369047649095995,
        -1.181180638907363,
        2.8007994299669683,
        -2.461906495883216,
        -0.23505943009425323,
        -4.433856270200307,
        2.8284309039049393,
        0.9080078723221261,
        3.9175263893740144,
        -3.318919121439535,
        3.0219180047517984,
        3.80331317512068,
        -2.617765386948412,
        -1.4029367775046362,
        4.487178268769295,
        3.6963691822534592,
        -2.9000500589877696,
        -3.7930194697108965,
        0.051576300569399436,
        2.434182076332431,
        1.1791057740729807,
        4.239878740914941
    ],
    "label": {
        "x": [
            1.0,
            0.0,
            1.0,
            1.0,
            1.0,
            0.0,
            0.0,
            1.0,
            0.0,
            1.0,
            0.0,
            0.0
        ],
        "z": [
            1.0,
            -1.0,
            1.0,
            1.0,
            1.0,
            -1.0,
            -1.0,
            1.0,
            -1.0,
            1.0,
            -1.0,
            -1.0
        ],
        "obj_val": -52.2733373941768
    }
}