{
    "J": [
        [
            0,
            4
        ],
        [
            10,
            11
        ],
        [
            5,
            8
        ],
        [
            1,
            2
        ],
        [
            6
        ],
        [
            6,
            10
        ],
        [
            2,
            9
        ],
        [
            0,
            1
        ],
        [
            0,
            7
        ],
        [
            1,
            6
        ],
        [
            2,
            10
        ],
        [
            8,
            11
        ],
        [
            6,
            9
        ],
        [
            4,
            10
        ],
        [
            8,
            9
        ],
        [
            1,
            4
        ],
        [
            1,
            10
        ],
        [
            7
        ],
        [
            7,
            9
        ],
        [
            3,
            10
        ],
        [
            5,
            7
        ],
        [
            4,
            5
        ],
        [
            7,
            10
        ]
    ],
    "c": [
        4.813364980125598,
        -3.082226769084977,
        3.8295633076217115,
        1.4528464569791852,
        -0.6328900130051789,
        3.963069894416323,
        -3.7093856456275818,
        -1.880223665901494,
        -3.8329300210076225,
        -0.8021868205985294,
        -0.04461365989462873,
        -0.6892643514560879,
        0.014129513938786253,
        2.966122799403558,
        -2.05441890955252,
        4.6064295151645585,
        -2.3207207726554313,
        1.7771079091137798,
        0.2818417976993093,
        -4.089850384317174,
        3.3420540621000754,
        -2.573015433620043,
        -0.5990621978968438
    ],
    "label": {
        "x": [
            0.0,
            0.0,
            0.0,
            0.0,
            1.0,
            1.0,
            1.0,
            0.0,
            0.0,
            0.0,
            0.0,
            0.0
        ],
        "z": [
            -1.0,
            -1.0,
            -1.0,
            -1.0,
            1.0,
            1.0,
            1.0,
            -1.0,
            -1.0,
            -1.0,
            -1.0,
            -1.0
        ],
        "obj_val": -48.28356873062695
    }
}