{
    "J": [
        [
            2,
            8
        ],
        [
            4,
            11
        ],
        [
            3,
            4
        ],
        [
            2,
            4
        ],
        [
            1,
            7
        ],
        [
            2,
            6
        ],
        [
            0,
            4
        ],
        [
            2,
            7
        ],
        [
            0,
            10
        ],
        [
            2,
            11
        ],
        [
            4,
            8
        ],
        [
            7,
            10
        ],
        [
            1,
            11
        ],
        [
            0,
            8
        ],
        [
            1,
            3
        ],
        [
            6,
            11
        ],
        [
            3,
            7
        ],
        [
            0,
            6
        ],
        [
            1,
            9
        ],
        [
            0,
            5
        ],
        [
            3,
            5
        ],
        [
            0
        ],
        [
            6
        ],
        [
            0,
            3
        ],
        [
            6,
            7
        ],
        [
            8,
            11
        ],
        [
            6,
            9
        ],
        [
            1
        ],
        [
            1,
            10
        ],
        [
            4,
            7
        ],
        [
            2,
            10
        ],
        [
            1,
            6
        ],
        [
            5,
            8
        ],
        [
            6,
            10
        ],
        [
            5
        ],
        [
            1,
            2
        ],
        [
            7,
            8
        ],
        [
            5,
            11
        ],
        [
            0,
            7
        ],
        [
            5,
            9
        ],
        [
            6,
            8
        ],
        [
            8
        ],
        [
            1,
            5
        ],
        [
            5,
            7
        ],
        [
            3,
            10
        ],
        [
            7,
            9
        ]
    ],
    "c": [
        2.5090135239557814,
        0.2705104395763902,
        3.2928487130933917,
        -2.06961698155699,
        4.471668910493417,
        2.5047671214417067,
        -3.003056223741569,
        -2.166647854745103,
        0.9843399188623794,
        -4.430930867761552,
        3.3891758078929826,
        1.5985326380166578,
        -3.069922411559406,
        -3.9535242022832984,
        -4.231227706248829,
        4.652573709533346,
        3.833870125879141,
        -4.339125579065154,
        -2.203906779275747,
        2.5254876687148258,
        -4.110249557723398,
        0.10154122044396985,
        1.7813381891279008,
        0.364552232226516,
        3.782311452489056,
        -3.427745291259713,
        3.8535538266188887,
        -4.714345107370798,
        -3.388220366585324,
        1.4127895297591362,
        0.7207704529294725,
        -3.5102240264893005,
        4.751143846576628,
        -4.619766371377262,
        0.4501215599987072,
        -4.748254701232711,
        -2.7291597064815134,
        1.4804035991702014,
        -0.19464667438195526,
        -3.9639384792866474,
        -3.031342392390318,
        3.6321424715341006,
        -1.9273969612794417,
        -4.067730108660863,
        -3.2368142594075264,
        3.1808798485690577
    ],
    "label": {
        "x": [
            0.0,
            1.0,
            1.0,
            1.0,
            1.0,
            1.0,
            0.0,
            0.0,
            0.0,
            1.0,
            1.0,
            1.0
        ],
        "z": [
            -1.0,
            1.0,
            1.0,
            1.0,
            1.0,
            1.0,
            -1.0,
            -1.0,
            -1.0,
            1.0,
            1.0,
            1.0
        ],
        "obj_val": -71.09785723000604
    }
}