{
    "J": [
        [
            7,
            11
        ],
        [
            10
        ],
        [
            5,
            10
        ],
        [
            0,
            11
        ],
        [
            6,
            11
        ],
        [
            0
        ],
        [
            3,
            9
        ],
        [
            3,
            10
        ],
        [
            1,
            8
        ],
        [
            8
        ],
        [
            7,
            10
        ],
        [
            4,
            6
        ],
        [
            0,
            1
        ],
        [
            5
        ],
        [
            0,
            4
        ],
        [
            3,
            11
        ],
        [
            0,
            2
        ],
        [
            1,
            3
        ],
        [
            6
        ],
        [
            1,
            5
        ],
        [
            3
        ],
        [
            2,
            9
        ],
        [
            1
        ]
    ],
    "c": [
        0.5376390002831446,
        -4.331788884186886,
        4.004705264736968,
        2.6967527858425875,
        -4.733765668553868,
        -2.720679344145495,
        2.8607557669508896,
        2.817986059091976,
        -1.0240080266236795,
        -0.3970634673185094,
        0.19732534231075327,
        -4.693701297367257,
        -3.8921595702966325,
        -3.0189702504741067,
        -3.780241292457882,
        1.0580784851600376,
        -3.839349837269155,
        -3.6388703768906017,
        4.689633575674902,
        -4.1340485224082055,
        0.8627959683997624,
        2.6511690972570614,
        -0.5720576038469787
    ],
    "label": {
        "x": [
            1.0,
            1.0,
            1.0,
            1.0,
            0.0,
            1.0,
            0.0,
            1.0,
            1.0,
            0.0,
            0.0,
            0.0
        ],
        "z": [
            1.0,
            1.0,
            1.0,
            1.0,
            -1.0,
            1.0,
            -1.0,
            1.0,
            1.0,
            -1.0,
            -1.0,
            -1.0
        ],
        "obj_val": -45.203893197458285
    }
}