{
    "J": [
        [
            3,
            7
        ],
        [
            7,
            8
        ],
        [
            5
        ],
        [
            2,
            3
        ],
        [
            5,
            11
        ],
        [
            2,
            7
        ],
        [
            9,
            10
        ],
        [
            6,
            8
        ],
        [
            0,
            6
        ],
        [
            7,
            9
        ],
        [
            1,
            8
        ],
        [
            5,
            9
        ],
        [
            8
        ],
        [
            1,
            6
        ],
        [
            4,
            8
        ],
        [
            1,
            3
        ],
        [
            4
        ],
        [
            6
        ],
        [
            3,
            6
        ],
        [
            5,
            10
        ],
        [
            1,
            7
        ],
        [
            3,
            4
        ],
        [
            2,
            10
        ],
        [
            2,
            8
        ],
        [
            2,
            11
        ],
        [
            4,
            7
        ],
        [
            2,
            9
        ],
        [
            9
        ],
        [
            0
        ],
        [
            1,
            5
        ],
        [
            8,
            10
        ],
        [
            2,
            5
        ],
        [
            1
        ],
        [
            0,
            3
        ],
        [
            11
        ],
        [
            8,
            9
        ],
        [
            1,
            4
        ],
        [
            7,
            11
        ],
        [
            6,
            11
        ],
        [
            1,
            10
        ],
        [
            0,
            2
        ],
        [
            0,
            8
        ],
        [
            10,
            11
        ],
        [
            8,
            11
        ],
        [
            10
        ],
        [
            0,
            1
        ]
    ],
    "c": [
        2.4784294754012004,
        -3.3101716455454344,
        -2.624055950459785,
        -4.347682579619817,
        -4.356389478075745,
        3.191691648156606,
        -0.2039589209348227,
        -4.508684878925045,
        -2.788321316180867,
        3.558220634344565,
        -3.6193371443578415,
        3.7197836270224087,
        -0.09264625076110011,
        1.4806494160582506,
        -0.30850695381959525,
        3.9939281791170895,
        3.0076118894709314,
        -3.3398381934262034,
        4.336761008912832,
        1.9585238868830963,
        -3.032104005468086,
        4.563886337426014,
        -2.2859605561867156,
        -4.906477274988651,
        3.2764141579129955,
        -2.797076773163738,
        -2.623012235970382,
        -2.9034431913896466,
        -0.0190306982847277,
        2.04616093652633,
        -2.0253551586245777,
        -2.62050644233495,
        0.7315205160094003,
        3.335500790688787,
        -3.2811242801689247,
        4.766351863456741,
        -0.05932438995889111,
        -1.331013135597118,
        -1.1834860671604384,
        2.100721209272997,
        4.033444944002735,
        4.141224791723646,
        -4.9526308195375135,
        2.5145754593466476,
        -2.608921836496493,
        2.4665214719882256
    ],
    "label": {
        "x": [
            0.0,
            0.0,
            1.0,
            1.0,
            0.0,
            1.0,
            0.0,
            0.0,
            0.0,
            1.0,
            1.0,
            1.0
        ],
        "z": [
            -1.0,
            -1.0,
            1.0,
            1.0,
            -1.0,
            1.0,
            -1.0,
            -1.0,
            -1.0,
            1.0,
            1.0,
            1.0
        ],
        "obj_val": -67.94905416029573
    }
}