{
    "J": [
        [
            0
        ],
        [
            3,
            10
        ],
        [
            2,
            3
        ],
        [
            6,
            9
        ],
        [
            0,
            7
        ],
        [
            5,
            6
        ],
        [
            8
        ],
        [
            6,
            10
        ],
        [
            3,
            11
        ],
        [
            2,
            4
        ],
        [
            5,
            10
        ],
        [
            10,
            11
        ],
        [
            0,
            5
        ],
        [
            3,
            7
        ],
        [
            9,
            11
        ],
        [
            7,
            10
        ],
        [
            9,
            10
        ],
        [
            3,
            9
        ],
        [
            3,
            5
        ],
        [
            1
        ],
        [
            1,
            6
        ],
        [
            0,
            4
        ],
        [
            2,
            8
        ],
        [
            0,
            3
        ],
        [
            2
        ],
        [
            7,
            9
        ],
        [
            2,
            10
        ],
        [
            4,
            7
        ],
        [
            4,
            6
        ],
        [
            2,
            9
        ],
        [
            6
        ],
        [
            4,
            9
        ],
        [
            5,
            7
        ],
        [
            8,
            10
        ],
        [
            5
        ],
        [
            0,
            9
        ],
        [
            4
        ],
        [
            3,
            6
        ],
        [
            2,
            7
        ],
        [
            4,
            11
        ],
        [
            10
        ],
        [
            1,
            8
        ],
        [
            5,
            11
        ],
        [
            7,
            11
        ],
        [
            1,
            2
        ],
        [
            3,
            8
        ]
    ],
    "c": [
        4.132134957155301,
        3.6765215244705374,
        2.578965290068803,
        3.928666769633354,
        -0.20671830454135076,
        -3.4171452246332024,
        -2.9221286798652324,
        2.7718214217817945,
        4.6531985528327,
        -0.5349095537621587,
        -2.538582740890505,
        -3.8139515540148086,
        3.6696187268575002,
        0.38469099852733724,
        2.653613663564438,
        1.642519516111892,
        2.7418868925714124,
        0.5303101974744138,
        -4.03811967919027,
        -4.036229575301032,
        -3.4554854137509636,
        0.44508299157337916,
        0.8910097991649382,
        1.5807172099216595,
        -3.129315788259792,
        0.4002847604311395,
        4.290539222936362,
        -2.8073782890831533,
        0.44633010362122416,
        0.09948397696142397,
        2.2753058764849357,
        1.9881527404651695,
        -0.9334979479353178,
        2.3673815654299197,
        -2.397073707528171,
        -0.8503368080413134,
        -0.1010421006916653,
        0.040229777806708,
        2.7660488110691954,
        -3.0081889853516977,
        -3.4041064124930775,
        -0.4006690064387328,
        -3.784811501788725,
        -2.081467501654777,
        -1.3665097395409962,
        -3.8750978684064097
    ],
    "label": {
        "x": [
            0.0,
            1.0,
            0.0,
            1.0,
            1.0,
            1.0,
            1.0,
            1.0,
            1.0,
            0.0,
            1.0,
            1.0
        ],
        "z": [
            -1.0,
            1.0,
            -1.0,
            1.0,
            1.0,
            1.0,
            1.0,
            1.0,
            1.0,
            -1.0,
            1.0,
            1.0
        ],
        "obj_val": -56.86740832981336
    }
}