{
    "J": [
        [
            0,
            1
        ],
        [
            0,
            8
        ],
        [
            0,
            9
        ],
        [
            0,
            6
        ],
        [
            4,
            9
        ],
        [
            3,
            11
        ],
        [
            3,
            10
        ],
        [
            6,
            8
        ],
        [
            4,
            7
        ],
        [
            9,
            10
        ],
        [
            1,
            3
        ],
        [
            7,
            10
        ],
        [
            4,
            11
        ],
        [
            2,
            5
        ],
        [
            1,
            8
        ],
        [
            9,
            11
        ],
        [
            10
        ],
        [
            0,
            11
        ],
        [
            1,
            6
        ],
        [
            2,
            3
        ],
        [
            8
        ],
        [
            6,
            7
        ],
        [
            5,
            9
        ]
    ],
    "c": [
        -2.405837483686737,
        -2.1063256165052824,
        -3.8187433849912233,
        -3.671621822712281,
        3.244242211325048,
        -2.9230100785351776,
        4.804323083292756,
        -2.199167516975453,
        -2.0867118569221175,
        1.2382839086969497,
        0.690248201278898,
        -2.890084413597319,
        -1.4057487307475105,
        1.2750114228738312,
        -0.3079626478863231,
        -3.3790039220187404,
        -1.6749809109406422,
        4.429835854234073,
        3.3387810288929245,
        2.728523396975433,
        -2.682642109885599,
        1.2873548842225402,
        2.281774543236473
    ],
    "label": {
        "x": [
            1.0,
            1.0,
            1.0,
            0.0,
            0.0,
            0.0,
            1.0,
            0.0,
            1.0,
            1.0,
            1.0,
            0.0
        ],
        "z": [
            1.0,
            1.0,
            1.0,
            -1.0,
            -1.0,
            -1.0,
            1.0,
            -1.0,
            1.0,
            1.0,
            1.0,
            -1.0
        ],
        "obj_val": -35.17791248402147
    }
}