{
    "J": [
        [
            1
        ],
        [
            0,
            5
        ],
        [
            9
        ],
        [
            0,
            6
        ],
        [
            10,
            11
        ],
        [
            8,
            11
        ],
        [
            1,
            6
        ],
        [
            0,
            8
        ],
        [
            5,
            11
        ],
        [
            7,
            10
        ],
        [
            0,
            1
        ],
        [
            6
        ],
        [
            1,
            5
        ],
        [
            7,
            8
        ],
        [
            0,
            3
        ],
        [
            4
        ],
        [
            3,
            11
        ],
        [
            0,
            9
        ],
        [
            0,
            2
        ],
        [
            2,
            10
        ],
        [
            1,
            2
        ],
        [
            8
        ],
        [
            5,
            9
        ]
    ],
    "c": [
        0.7724272994919517,
        -0.8558480071810788,
        -2.537402125669445,
        -1.7196797673489805,
        0.5474954243021424,
        1.1893230094920195,
        -1.9534829602476753,
        -2.850950039457608,
        -1.861968786760949,
        2.861765149156959,
        -3.4334023619741094,
        -0.31716250202338436,
        -1.3225087944119727,
        -4.66632391262003,
        -3.2330145189809123,
        -3.6541470187685645,
        -3.8149949434278208,
        -3.0783066942431994,
        2.5163292920419247,
        3.2058741403623934,
        -1.9759127569857804,
        1.5353228999725541,
        0.6462415085259128
    ],
    "label": {
        "x": [
            1.0,
            1.0,
            1.0,
            1.0,
            1.0,
            1.0,
            1.0,
            1.0,
            1.0,
            1.0,
            0.0,
            1.0
        ],
        "z": [
            1.0,
            1.0,
            1.0,
            1.0,
            1.0,
            1.0,
            1.0,
            1.0,
            1.0,
            1.0,
            -1.0,
            1.0
        ],
        "obj_val": -37.23059589439865
    }
}