{
    "J": [
        [
            1,
            7
        ],
        [
            3,
            6
        ],
        [
            1,
            4
        ],
        [
            2,
            5
        ],
        [
            1,
            11
        ],
        [
            3,
            10
        ],
        [
            8,
            9
        ],
        [
            2,
            11
        ],
        [
            10
        ],
        [
            0,
            7
        ],
        [
            9,
            10
        ],
        [
            6,
            10
        ],
        [
            9,
            11
        ],
        [
            2
        ],
        [
            0,
            11
        ],
        [
            2,
            10
        ],
        [
            1,
            2
        ],
        [
            5
        ],
        [
            11
        ],
        [
            9
        ],
        [
            0,
            10
        ],
        [
            7,
            11
        ],
        [
            0,
            6
        ],
        [
            2,
            6
        ],
        [
            5,
            11
        ],
        [
            7,
            9
        ],
        [
            2,
            7
        ],
        [
            2,
            3
        ],
        [
            5,
            7
        ],
        [
            4
        ],
        [
            0,
            2
        ],
        [
            8
        ],
        [
            0
        ],
        [
            1,
            9
        ],
        [
            6
        ],
        [
            4,
            7
        ],
        [
            1
        ],
        [
            3,
            8
        ],
        [
            8,
            10
        ],
        [
            7
        ],
        [
            0,
            3
        ],
        [
            1,
            10
        ],
        [
            3,
            7
        ],
        [
            3,
            5
        ],
        [
            6,
            9
        ],
        [
            3
        ]
    ],
    "c": [
        3.7054386000694723,
        1.8345108546103877,
        1.7341921510306646,
        3.452722828201896,
        -1.973096368976981,
        0.7995856043827221,
        -3.2122878901887653,
        4.704248811634512,
        3.989179149915225,
        -4.039909893592084,
        -3.4787393162423754,
        2.314441352506897,
        2.408746493104985,
        -2.5318496276429903,
        -1.3475523828544498,
        3.0550563197392897,
        -4.136275950355362,
        -2.556235743811107,
        3.052149949543905,
        -2.359421868559952,
        -4.499524730519429,
        0.07191217299624686,
        -1.6014456691840562,
        0.9342212281980364,
        -4.7157080615745075,
        -3.8370654813529184,
        -1.0506643434353977,
        -0.6892310573109928,
        2.2378763285465153,
        0.5852802201495342,
        -0.04990785327429226,
        -4.462170889554527,
        1.8665601742350146,
        0.9068099736619626,
        2.8284320307486466,
        -1.4522143587987668,
        -1.3253075001675407,
        1.9229561250166105,
        3.4521546367703966,
        1.8969518081074535,
        2.0060460913282343,
        2.1402407031176915,
        3.294923855635753,
        2.2273045719077302,
        0.3711428137351831,
        4.178037727184909
    ],
    "label": {
        "x": [
            0.0,
            1.0,
            1.0,
            1.0,
            0.0,
            0.0,
            0.0,
            0.0,
            1.0,
            1.0,
            0.0,
            0.0
        ],
        "z": [
            -1.0,
            1.0,
            1.0,
            1.0,
            -1.0,
            -1.0,
            -1.0,
            -1.0,
            1.0,
            1.0,
            -1.0,
            -1.0
        ],
        "obj_val": -62.13424598946395
    }
}