{
    "J": [
        [
            7
        ],
        [
            5,
            8
        ],
        [
            0,
            6
        ],
        [
            0,
            1
        ],
        [
            1,
            3
        ],
        [
            6,
            9
        ],
        [
            10
        ],
        [
            1,
            6
        ],
        [
            4,
            9
        ],
        [
            4
        ],
        [
            2,
            7
        ],
        [
            0,
            8
        ],
        [
            0,
            9
        ],
        [
            5
        ],
        [
            2,
            11
        ],
        [
            6,
            7
        ],
        [
            8,
            10
        ],
        [
            4,
            5
        ],
        [
            3,
            7
        ],
        [
            5,
            11
        ],
        [
            8,
            9
        ],
        [
            1,
            5
        ],
        [
            3,
            5
        ]
    ],
    "c": [
        -0.4681558642850847,
        -3.224670766000922,
        0.6294751270425314,
        -1.9143695495999804,
        0.4548264999182514,
        3.1916314642083723,
        4.707501856767422,
        -1.6368924916904968,
        0.7734366551165808,
        0.5142559867423522,
        2.4550771362710853,
        1.3674908135120267,
        2.2953595539245732,
        -4.0303089314213985,
        4.028231227307163,
        2.531768864522518,
        4.008298667870232,
        -0.4612531147264942,
        -3.780701341517556,
        2.857466283258992,
        -3.330348619955059,
        -3.534489926570301,
        2.177309339106155
    ],
    "label": {
        "x": [
            0.0,
            1.0,
            1.0,
            0.0,
            0.0,
            1.0,
            1.0,
            0.0,
            1.0,
            1.0,
            0.0,
            0.0
        ],
        "z": [
            -1.0,
            1.0,
            1.0,
            -1.0,
            -1.0,
            1.0,
            1.0,
            -1.0,
            1.0,
            1.0,
            -1.0,
            -1.0
        ],
        "obj_val": -42.30250009569568
    }
}