{
    "J": [
        [
            10,
            11
        ],
        [
            7,
            11
        ],
        [
            3,
            7
        ],
        [
            0
        ],
        [
            1,
            4
        ],
        [
            4
        ],
        [
            2,
            3
        ],
        [
            2,
            11
        ],
        [
            0,
            11
        ],
        [
            3,
            8
        ],
        [
            8,
            11
        ],
        [
            8,
            9
        ],
        [
            1,
            2
        ],
        [
            3,
            4
        ],
        [
            4,
            5
        ],
        [
            1
        ],
        [
            4,
            6
        ],
        [
            1,
            6
        ],
        [
            0,
            8
        ],
        [
            5,
            8
        ],
        [
            0,
            10
        ],
        [
            4,
            10
        ],
        [
            0,
            9
        ],
        [
            3,
            5
        ],
        [
            3,
            6
        ],
        [
            5
        ],
        [
            2,
            5
        ],
        [
            9,
            10
        ],
        [
            5,
            11
        ],
        [
            5,
            7
        ],
        [
            11
        ],
        [
            3
        ],
        [
            0,
            2
        ],
        [
            1,
            3
        ],
        [
            3,
            11
        ],
        [
            5,
            9
        ],
        [
            1,
            9
        ],
        [
            7,
            9
        ],
        [
            1,
            11
        ],
        [
            7
        ],
        [
            1,
            7
        ],
        [
            9,
            11
        ],
        [
            4,
            8
        ],
        [
            8
        ],
        [
            0,
            1
        ],
        [
            9
        ]
    ],
    "c": [
        -0.1677954941808979,
        4.974952415669678,
        0.42582160849517603,
        3.7516611239189217,
        -3.9685447819087982,
        1.0041654248162493,
        0.8641934533942397,
        4.367740828432408,
        -4.061607014279818,
        2.8841311668379834,
        4.303226407181942,
        3.068357489977757,
        3.579223790209177,
        4.606623998811015,
        -3.026083395396122,
        1.9135361302727603,
        -1.992504679964009,
        4.0949605407939575,
        4.227789819638147,
        0.40446301902303805,
        4.924444641271936,
        -2.1683284003734915,
        -4.225270464452445,
        0.4202737522920792,
        -1.6237211151735806,
        0.905724449808484,
        -3.839758095052652,
        -0.41953500674640676,
        2.689473647381001,
        3.351853206558692,
        2.2061026080238992,
        4.100602895388869,
        -0.7213941455801649,
        -2.4878469800097025,
        -1.5497858562301237,
        1.6397480665641933,
        -3.576383134285929,
        -1.283956838703805,
        -3.6798876816623203,
        3.366155999471596,
        -0.9822378667166678,
        -0.4619983966107899,
        1.352805340015383,
        1.8606303264701651,
        0.007431772170414241,
        4.0195470586888575
    ],
    "label": {
        "x": [
            0.0,
            0.0,
            1.0,
            0.0,
            1.0,
            1.0,
            1.0,
            0.0,
            1.0,
            0.0,
            1.0,
            0.0
        ],
        "z": [
            -1.0,
            -1.0,
            1.0,
            -1.0,
            1.0,
            1.0,
            1.0,
            -1.0,
            1.0,
            -1.0,
            1.0,
            -1.0
        ],
        "obj_val": -79.87831052878886
    }
}