{
    "J": [
        [
            0,
            10
        ],
        [
            0,
            4
        ],
        [
            9,
            10
        ],
        [
            10
        ],
        [
            4,
            10
        ],
        [
            5,
            10
        ],
        [
            9,
            11
        ],
        [
            4,
            9
        ],
        [
            1,
            9
        ],
        [
            4
        ],
        [
            5,
            8
        ],
        [
            4,
            5
        ],
        [
            1,
            7
        ],
        [
            0,
            11
        ],
        [
            3,
            6
        ],
        [
            7,
            9
        ],
        [
            7,
            11
        ],
        [
            3,
            9
        ],
        [
            6,
            10
        ],
        [
            3,
            11
        ],
        [
            8,
            9
        ],
        [
            8,
            10
        ],
        [
            7
        ],
        [
            5
        ],
        [
            1,
            6
        ],
        [
            3,
            8
        ],
        [
            0,
            5
        ],
        [
            7,
            10
        ],
        [
            0,
            9
        ],
        [
            10,
            11
        ],
        [
            5,
            11
        ],
        [
            6,
            8
        ],
        [
            0
        ],
        [
            2,
            6
        ],
        [
            5,
            7
        ],
        [
            2,
            8
        ],
        [
            6,
            9
        ],
        [
            8,
            11
        ],
        [
            2
        ],
        [
            0,
            8
        ],
        [
            11
        ],
        [
            5,
            9
        ],
        [
            1,
            4
        ],
        [
            2,
            11
        ],
        [
            1,
            10
        ],
        [
            5,
            6
        ]
    ],
    "c": [
        3.600421947752533,
        0.38873928346819575,
        -3.2105116176898063,
        1.7160266612647597,
        -2.9663486969495856,
        -0.8491881490327113,
        3.8089431045213686,
        -0.8291969469204474,
        -2.4232093583868375,
        0.07397678355030024,
        2.9664891107502456,
        0.27008813857084224,
        -3.0392755683696917,
        0.07911464922247191,
        -3.145918900930474,
        -4.495285246319455,
        -2.9822945541948775,
        4.734114653395636,
        -0.10612367736151107,
        4.478462107404189,
        1.5035938933909874,
        1.5689372208903372,
        -2.9585174795476856,
        -3.9455153448027067,
        2.4524252243966282,
        0.17362142093905497,
        4.615350040542825,
        0.880733703000387,
        -1.104164912422294,
        -1.7174185601802794,
        -1.2429742964513735,
        3.9534894612679654,
        2.7242227449885643,
        1.7752975785802638,
        4.709219761993523,
        2.584784510316023,
        -2.505578964047669,
        4.64197741173437,
        2.747840573903191,
        -4.630592924620876,
        3.4723789443055413,
        0.5191906164702917,
        -1.2765694791608828,
        -2.208682135980892,
        1.4324581632928872,
        0.4762196392969775
    ],
    "label": {
        "x": [
            1.0,
            1.0,
            0.0,
            0.0,
            0.0,
            0.0,
            0.0,
            1.0,
            1.0,
            1.0,
            0.0,
            0.0
        ],
        "z": [
            1.0,
            1.0,
            -1.0,
            -1.0,
            -1.0,
            -1.0,
            -1.0,
            1.0,
            1.0,
            1.0,
            -1.0,
            -1.0
        ],
        "obj_val": -56.030382144483994
    }
}