{
    "J": [
        [
            3,
            11
        ],
        [
            2,
            8
        ],
        [
            4
        ],
        [
            3,
            4
        ],
        [
            6,
            7
        ],
        [
            3,
            9
        ],
        [
            6,
            8
        ],
        [
            2,
            5
        ],
        [
            4,
            6
        ],
        [
            2,
            11
        ],
        [
            2,
            6
        ],
        [
            1,
            11
        ],
        [
            5,
            11
        ],
        [
            4,
            5
        ],
        [
            3
        ],
        [
            4,
            11
        ],
        [
            0,
            7
        ],
        [
            3,
            10
        ],
        [
            1,
            3
        ],
        [
            8,
            9
        ],
        [
            1,
            6
        ],
        [
            8,
            10
        ],
        [
            1,
            10
        ]
    ],
    "c": [
        1.4168125150168098,
        0.39614761149614885,
        -3.0250251736421117,
        2.1902202818621275,
        4.999169873514623,
        -2.839433004175466,
        3.109880030469661,
        1.726958290945718,
        -1.147779105982508,
        4.856586915078031,
        -3.060407028034804,
        -1.0000850964484433,
        1.8633972197233195,
        -2.218151896327213,
        4.586410398637851,
        3.4147116973750453,
        -4.2322091904163575,
        0.6751904455628752,
        -4.984074581883218,
        -1.7653008765546083,
        0.8321691580183384,
        4.297479545334378,
        -4.957874674506453
    ],
    "label": {
        "x": [
            0.0,
            0.0,
            1.0,
            0.0,
            1.0,
            1.0,
            1.0,
            0.0,
            0.0,
            0.0,
            1.0,
            0.0
        ],
        "z": [
            -1.0,
            -1.0,
            1.0,
            -1.0,
            1.0,
            1.0,
            1.0,
            -1.0,
            -1.0,
            -1.0,
            1.0,
            -1.0
        ],
        "obj_val": -47.39218365006814
    }
}