{
    "J": [
        [
            8,
            9
        ],
        [
            4,
            7
        ],
        [
            0,
            3
        ],
        [
            7,
            11
        ],
        [
            3,
            7
        ],
        [
            0
        ],
        [
            1,
            4
        ],
        [
            4
        ],
        [
            2,
            3
        ],
        [
            2,
            11
        ],
        [
            0,
            11
        ],
        [
            3,
            8
        ],
        [
            10,
            11
        ],
        [
            7,
            10
        ],
        [
            1,
            2
        ],
        [
            2,
            5
        ],
        [
            3,
            4
        ],
        [
            0,
            10
        ],
        [
            8,
            11
        ],
        [
            1
        ],
        [
            4,
            6
        ],
        [
            1,
            6
        ],
        [
            0,
            8
        ]
    ],
    "c": [
        -1.891645316514483,
        3.719488554933001,
        1.8040452867027277,
        1.8915589215881496,
        0.5761176128754206,
        -4.828816182971064,
        -3.2162315356927786,
        -2.896812156966486,
        -4.691033107919017,
        -0.17737877718098716,
        0.028591164463885654,
        4.5914884242358,
        4.927973636856066,
        -1.229832776132179,
        1.9663265018501033,
        -3.7490181659304067,
        2.9304884777950955,
        -3.051440556111463,
        -0.1677954941808979,
        4.974952415669678,
        0.42582160849517603,
        3.7516611239189217,
        -3.9685447819087982
    ],
    "label": {
        "x": [
            1.0,
            0.0,
            0.0,
            0.0,
            0.0,
            0.0,
            1.0,
            1.0,
            1.0,
            1.0,
            1.0,
            0.0
        ],
        "z": [
            1.0,
            -1.0,
            -1.0,
            -1.0,
            -1.0,
            -1.0,
            1.0,
            1.0,
            1.0,
            1.0,
            1.0,
            -1.0
        ],
        "obj_val": -45.534217319307416
    }
}