{
    "J": [
        [
            1,
            9
        ],
        [
            0,
            1
        ],
        [
            1
        ],
        [
            0,
            10
        ],
        [
            3,
            9
        ],
        [
            3,
            7
        ],
        [
            10,
            11
        ],
        [
            6
        ],
        [
            2,
            6
        ],
        [
            4,
            6
        ],
        [
            2,
            4
        ],
        [
            0,
            5
        ],
        [
            0,
            8
        ],
        [
            3,
            6
        ],
        [
            0,
            6
        ],
        [
            0,
            7
        ],
        [
            2,
            7
        ],
        [
            2,
            11
        ],
        [
            1,
            7
        ],
        [
            5,
            8
        ],
        [
            0,
            9
        ],
        [
            7,
            10
        ],
        [
            2,
            5
        ]
    ],
    "c": [
        -4.633499022521564,
        1.5509725454111791,
        0.49385364667812226,
        -0.7297800071525398,
        1.002977600136754,
        -2.926412477337993,
        2.6308139943695057,
        -4.600130694184566,
        1.4237444414608191,
        4.365009368589488,
        -4.341031121469282,
        -3.021999050074049,
        3.5615962044621376,
        0.6330274319892446,
        -0.5991847545668127,
        -1.0929088761604278,
        3.5150013592293714,
        -3.436130141875352,
        4.571205409685813,
        -0.08431854151320017,
        3.660707146522027,
        -1.1868103392622653,
        -0.8665091723872456
    ],
    "label": {
        "x": [
            1.0,
            0.0,
            0.0,
            1.0,
            0.0,
            1.0,
            1.0,
            1.0,
            0.0,
            0.0,
            1.0,
            0.0
        ],
        "z": [
            1.0,
            -1.0,
            -1.0,
            1.0,
            -1.0,
            1.0,
            1.0,
            1.0,
            -1.0,
            -1.0,
            1.0,
            -1.0
        ],
        "obj_val": -51.75991305526038
    }
}