{
    "J": [
        [
            5
        ],
        [
            1,
            6
        ],
        [
            0,
            7
        ],
        [
            7
        ],
        [
            0,
            11
        ],
        [
            4,
            11
        ],
        [
            3,
            11
        ],
        [
            1
        ],
        [
            2,
            8
        ],
        [
            3,
            6
        ],
        [
            7,
            9
        ],
        [
            4,
            8
        ],
        [
            6,
            7
        ],
        [
            5,
            9
        ],
        [
            10,
            11
        ],
        [
            3,
            8
        ],
        [
            7,
            10
        ],
        [
            1,
            7
        ],
        [
            6,
            11
        ],
        [
            0,
            10
        ],
        [
            9,
            10
        ],
        [
            3
        ],
        [
            10
        ]
    ],
    "c": [
        0.2618336527842686,
        -0.5119536239201059,
        -4.98853899652161,
        2.8535355974100582,
        -0.1546121558749869,
        0.48977221104982327,
        -3.132353958209354,
        4.180052479673197,
        1.404115624130192,
        3.5984803654640007,
        -4.016234896283292,
        -2.1404598790955367,
        4.215527020181316,
        -3.0346411426726427,
        3.733453581189922,
        1.48014664970174,
        3.318786310056696,
        1.6484314575551728,
        -1.1686263865209758,
        -3.576735200161739,
        1.2672196923924153,
        -2.5867646715539294,
        -3.094414043645414
    ],
    "label": {
        "x": [
            0.0,
            0.0,
            0.0,
            0.0,
            1.0,
            0.0,
            1.0,
            0.0,
            1.0,
            0.0,
            1.0,
            0.0
        ],
        "z": [
            -1.0,
            -1.0,
            -1.0,
            -1.0,
            1.0,
            -1.0,
            1.0,
            -1.0,
            1.0,
            -1.0,
            1.0,
            -1.0
        ],
        "obj_val": -37.87166691662454
    }
}