{
    "J": [
        [
            7,
            9
        ],
        [
            8
        ],
        [
            0,
            7
        ],
        [
            0,
            4
        ],
        [
            2,
            8
        ],
        [
            1,
            2
        ],
        [
            8,
            10
        ],
        [
            2,
            3
        ],
        [
            3,
            10
        ],
        [
            2,
            9
        ],
        [
            9
        ],
        [
            0,
            5
        ],
        [
            1,
            10
        ],
        [
            0,
            6
        ],
        [
            3,
            6
        ],
        [
            1,
            9
        ],
        [
            5
        ],
        [
            2,
            11
        ],
        [
            4,
            9
        ],
        [
            6,
            9
        ],
        [
            10,
            11
        ],
        [
            1,
            6
        ],
        [
            5,
            7
        ],
        [
            5,
            6
        ],
        [
            2,
            10
        ],
        [
            4,
            5
        ],
        [
            4
        ],
        [
            0
        ],
        [
            0,
            3
        ],
        [
            5,
            10
        ],
        [
            1,
            8
        ],
        [
            2,
            7
        ],
        [
            6,
            7
        ],
        [
            7
        ],
        [
            3,
            11
        ],
        [
            2
        ],
        [
            8,
            9
        ],
        [
            1,
            5
        ],
        [
            0,
            8
        ],
        [
            4,
            7
        ],
        [
            3
        ],
        [
            5,
            11
        ],
        [
            2,
            4
        ],
        [
            7,
            11
        ],
        [
            2,
            6
        ],
        [
            3,
            4
        ]
    ],
    "c": [
        4.762571562685542,
        -4.144314485202073,
        1.6056501966813466,
        4.742520973814914,
        -3.0202280105079407,
        -0.1558816626855144,
        -0.9759203727113679,
        0.3069283518875432,
        -3.5740340145039062,
        -3.84807824457871,
        -2.53142552410784,
        -4.539452027291291,
        3.028587341977559,
        -0.6688506776768861,
        4.5834851576219044,
        4.8274264214960745,
        -4.966911197622367,
        -4.337544634861523,
        -4.4390760143193075,
        1.1803961217183296,
        0.05899359431500795,
        -3.1541542577517867,
        2.872173122445445,
        -1.0956669611112346,
        3.7177102346252084,
        -2.4646415684331457,
        0.2707753793202574,
        4.226924710561404,
        -2.8358086774331417,
        0.9642369619614364,
        -2.8525754506892986,
        1.0322761812561767,
        -3.335732900809819,
        1.637649577653411,
        2.4991048343407885,
        1.1537386318039964,
        0.9407966556922069,
        -1.984187065749905,
        2.0170903229468475,
        2.7608570630758233,
        -2.495839213112254,
        -3.3859885760748263,
        2.8179077741501075,
        -0.23912344416145448,
        -0.5689238515514639,
        -3.5400349458552127
    ],
    "label": {
        "x": [
            0.0,
            0.0,
            0.0,
            1.0,
            1.0,
            0.0,
            0.0,
            0.0,
            1.0,
            1.0,
            1.0,
            0.0
        ],
        "z": [
            -1.0,
            -1.0,
            -1.0,
            1.0,
            1.0,
            -1.0,
            -1.0,
            -1.0,
            1.0,
            1.0,
            1.0,
            -1.0
        ],
        "obj_val": -63.742365581513525
    }
}