{
    "J": [
        [
            4,
            5
        ],
        [
            6,
            10
        ],
        [
            8,
            9
        ],
        [
            4,
            10
        ],
        [
            0,
            10
        ],
        [
            6,
            7
        ],
        [
            0,
            5
        ],
        [
            1,
            3
        ],
        [
            0,
            9
        ],
        [
            0
        ],
        [
            3,
            5
        ],
        [
            3,
            9
        ],
        [
            0,
            1
        ],
        [
            2,
            10
        ],
        [
            7,
            9
        ],
        [
            8,
            11
        ],
        [
            2
        ],
        [
            10
        ],
        [
            1,
            4
        ],
        [
            3,
            7
        ],
        [
            5
        ],
        [
            2,
            8
        ],
        [
            0,
            11
        ],
        [
            7
        ],
        [
            2,
            6
        ],
        [
            1,
            5
        ],
        [
            9,
            11
        ],
        [
            5,
            10
        ],
        [
            2,
            4
        ],
        [
            11
        ],
        [
            1
        ],
        [
            3
        ],
        [
            1,
            10
        ],
        [
            0,
            6
        ],
        [
            1,
            11
        ],
        [
            1,
            2
        ],
        [
            1,
            8
        ],
        [
            4,
            7
        ],
        [
            2,
            11
        ],
        [
            8
        ],
        [
            0,
            3
        ],
        [
            7,
            8
        ],
        [
            3,
            11
        ],
        [
            5,
            11
        ],
        [
            4,
            8
        ],
        [
            4,
            6
        ]
    ],
    "c": [
        -0.9986676788545719,
        -0.4359752997801545,
        -2.9606986820554413,
        0.20119763926237066,
        1.752913321770273,
        -1.764455807984937,
        0.6816945031291919,
        -1.7536345618755353,
        0.03194912181292153,
        -3.482210965025714,
        -2.5918794727133223,
        -4.919186065790941,
        1.9288093456532698,
        1.1920430104468496,
        -3.291312794660893,
        0.5690021518337787,
        2.8339979396148447,
        4.84068566244013,
        0.07943862647312194,
        -2.7268949350845793,
        -1.7503191961893751,
        0.3400629841013849,
        -2.407363875238797,
        -4.751992493479004,
        -1.146706974986682,
        -3.4748698822326993,
        -4.498696162303119,
        -1.2240614039661457,
        -0.37358279934654437,
        4.461241014407522,
        -1.801071932338647,
        1.0077780445626932,
        1.7008909111405366,
        1.0211150069644725,
        0.9401431972590331,
        3.78099714422064,
        2.2227230133153935,
        -2.3429069525513215,
        0.20876569407520407,
        2.0107245387759454,
        0.49555408865297945,
        -2.36083615265104,
        3.545343381195252,
        -1.0622584066985983,
        -0.8479642424187075,
        -0.45356174096479407
    ],
    "label": {
        "x": [
            0.0,
            1.0,
            0.0,
            1.0,
            1.0,
            1.0,
            1.0,
            1.0,
            1.0,
            1.0,
            0.0,
            0.0
        ],
        "z": [
            -1.0,
            1.0,
            -1.0,
            1.0,
            1.0,
            1.0,
            1.0,
            1.0,
            1.0,
            1.0,
            -1.0,
            -1.0
        ],
        "obj_val": -47.872422297246516
    }
}