{
    "J": [
        [
            0,
            10
        ],
        [
            5,
            11
        ],
        [
            1,
            6
        ],
        [
            0,
            4
        ],
        [
            7,
            10
        ],
        [
            5,
            9
        ],
        [
            0,
            11
        ],
        [
            2,
            7
        ],
        [
            7,
            11
        ],
        [
            0,
            8
        ],
        [
            3,
            7
        ],
        [
            10
        ],
        [
            9
        ],
        [
            8,
            10
        ],
        [
            5
        ],
        [
            2,
            4
        ],
        [
            8,
            11
        ],
        [
            2,
            9
        ],
        [
            9,
            11
        ],
        [
            4,
            5
        ],
        [
            0,
            5
        ],
        [
            3,
            6
        ],
        [
            1,
            5
        ]
    ],
    "c": [
        0.2928111430611322,
        0.7002934138087404,
        4.77741861028513,
        1.1033086824821101,
        -0.26435926781442465,
        -2.925887947403835,
        3.405862156029052,
        0.2035847912825952,
        4.437647436222985,
        4.186356048838954,
        -1.8814469134321588,
        -0.3630731117566013,
        -2.0505072523024106,
        4.466209010302688,
        -4.465832589466907,
        4.124970158583091,
        -4.4716402873408,
        -0.8242224053612821,
        -2.036902466061777,
        -4.299413102284536,
        4.064333449181115,
        -1.3389299858174053,
        -0.12032765057393746
    ],
    "label": {
        "x": [
            0.0,
            1.0,
            0.0,
            0.0,
            1.0,
            1.0,
            0.0,
            0.0,
            1.0,
            1.0,
            0.0,
            1.0
        ],
        "z": [
            -1.0,
            1.0,
            -1.0,
            -1.0,
            1.0,
            1.0,
            -1.0,
            -1.0,
            1.0,
            1.0,
            -1.0,
            1.0
        ],
        "obj_val": -52.03736814915297
    }
}