{
    "J": [
        [
            2,
            3
        ],
        [
            8,
            10
        ],
        [
            3,
            11
        ],
        [
            4,
            10
        ],
        [
            6,
            7
        ],
        [
            5,
            11
        ],
        [
            4,
            7
        ],
        [
            1,
            4
        ],
        [
            0,
            1
        ],
        [
            6
        ],
        [
            1,
            10
        ],
        [
            1,
            3
        ],
        [
            2,
            10
        ],
        [
            2,
            8
        ],
        [
            1
        ],
        [
            7,
            8
        ],
        [
            3,
            4
        ],
        [
            3,
            8
        ],
        [
            2,
            9
        ],
        [
            5,
            6
        ],
        [
            4,
            8
        ],
        [
            0,
            8
        ],
        [
            2,
            7
        ]
    ],
    "c": [
        -0.900465087100982,
        -4.965098521982394,
        -4.520599299957931,
        2.6821190128442733,
        -3.2853643077973906,
        0.8295658556336019,
        3.383318554193675,
        1.2811161141159753,
        4.309055399151681,
        -1.28867636357794,
        -4.657787829256369,
        2.1983317243345954,
        -3.532182062140704,
        -0.053191282099626314,
        -1.7012811850701794,
        -3.0575764328897534,
        -3.9344856439514455,
        0.5786990161872643,
        4.331756792420737,
        -0.5632436525354265,
        1.4085163232124156,
        -0.2407844774873915,
        4.732247784641778
    ],
    "label": {
        "x": [
            0.0,
            1.0,
            0.0,
            0.0,
            0.0,
            1.0,
            1.0,
            1.0,
            1.0,
            1.0,
            1.0,
            0.0
        ],
        "z": [
            -1.0,
            1.0,
            -1.0,
            -1.0,
            -1.0,
            1.0,
            1.0,
            1.0,
            1.0,
            1.0,
            1.0,
            -1.0
        ],
        "obj_val": -50.78314707912809
    }
}