{
    "J": [
        [
            3,
            4
        ],
        [
            1,
            8
        ],
        [
            9,
            10
        ],
        [
            3,
            9
        ],
        [
            7,
            9
        ],
        [
            2,
            11
        ],
        [
            2,
            6
        ],
        [
            2,
            3
        ],
        [
            4,
            10
        ],
        [
            1,
            3
        ],
        [
            5,
            10
        ],
        [
            3,
            7
        ],
        [
            6,
            7
        ],
        [
            4,
            8
        ],
        [
            0,
            6
        ],
        [
            1,
            7
        ],
        [
            0,
            8
        ],
        [
            0,
            4
        ],
        [
            10,
            11
        ],
        [
            2,
            10
        ],
        [
            0
        ],
        [
            1,
            10
        ],
        [
            2,
            7
        ]
    ],
    "c": [
        -4.818940117068689,
        -2.3224592538408038,
        -2.6477041733577233,
        3.9217053574540532,
        3.4399022898675398,
        0.4039265767415223,
        -3.8866688013136432,
        2.2969352841254445,
        -3.409224473489237,
        -3.1616676257883967,
        0.8946400127283312,
        3.1136117386477906,
        -3.044846611417402,
        -0.002249075719977789,
        -3.203700337629426,
        -2.7094445280314936,
        -4.560240547371981,
        -2.317284770926892,
        -0.13537877542992494,
        -0.3677607403278236,
        -4.3312468701199345,
        -0.6330618602724449,
        -0.04815331331491279
    ],
    "label": {
        "x": [
            1.0,
            1.0,
            1.0,
            1.0,
            1.0,
            0.0,
            1.0,
            1.0,
            1.0,
            0.0,
            1.0,
            0.0
        ],
        "z": [
            1.0,
            1.0,
            1.0,
            1.0,
            1.0,
            -1.0,
            1.0,
            1.0,
            1.0,
            -1.0,
            1.0,
            -1.0
        ],
        "obj_val": -39.283493191863606
    }
}