{
    "J": [
        [
            9,
            10
        ],
        [
            3,
            4
        ],
        [
            7
        ],
        [
            2,
            3
        ],
        [
            4,
            9
        ],
        [
            0,
            9
        ],
        [
            0,
            4
        ],
        [
            5,
            10
        ],
        [
            0,
            10
        ],
        [
            10,
            11
        ],
        [
            2,
            9
        ],
        [
            10
        ],
        [
            0,
            8
        ],
        [
            8,
            11
        ],
        [
            1,
            8
        ],
        [
            7,
            11
        ],
        [
            4,
            8
        ],
        [
            0,
            2
        ],
        [
            4,
            6
        ],
        [
            1,
            11
        ],
        [
            3,
            9
        ],
        [
            1
        ],
        [
            5
        ],
        [
            5,
            7
        ],
        [
            4
        ],
        [
            2,
            11
        ],
        [
            1,
            6
        ],
        [
            9
        ],
        [
            3,
            6
        ],
        [
            2,
            10
        ],
        [
            6,
            7
        ],
        [
            1,
            3
        ],
        [
            3
        ],
        [
            1,
            9
        ],
        [
            7,
            8
        ],
        [
            3,
            10
        ],
        [
            8,
            10
        ],
        [
            2,
            7
        ],
        [
            0,
            5
        ],
        [
            4,
            7
        ],
        [
            5,
            8
        ],
        [
            2,
            4
        ],
        [
            2,
            8
        ],
        [
            1,
            4
        ],
        [
            7,
            9
        ],
        [
            8,
            9
        ]
    ],
    "c": [
        4.085665608939266,
        -4.579464017475684,
        2.655596530070685,
        -3.6718636157545093,
        1.6691091690885171,
        3.041202497845095,
        -0.4010801824765782,
        1.3499473724583453,
        -1.9726444566981427,
        1.836012574380442,
        -0.49397237753604717,
        2.0562646394833326,
        1.425958237297385,
        -3.352534257385088,
        1.1485161041585616,
        1.5329277177338074,
        4.515441979660652,
        2.1523170843563193,
        0.03633417855850052,
        3.1914499736226727,
        3.917329610483783,
        1.269782205451956,
        -3.7928538673929904,
        -1.791764031964267,
        -4.771522906155906,
        -0.5025397294346305,
        3.6022491751453316,
        -4.410274524035284,
        -2.835868453313929,
        -4.675545750266714,
        4.587275714313545,
        1.5131882160526562,
        -0.5781474248395071,
        -3.7665397590755454,
        -4.641381506636279,
        -3.8641791364903244,
        2.3552065737404595,
        -4.421286140168901,
        0.14837532459134373,
        4.305336146367974,
        -2.0993671659581126,
        -4.020601723438354,
        2.8710842253666593,
        -3.646330950665174,
        -1.167577402653106,
        3.55886284309576
    ],
    "label": {
        "x": [
            0.0,
            0.0,
            0.0,
            0.0,
            0.0,
            1.0,
            0.0,
            1.0,
            1.0,
            1.0,
            0.0,
            1.0
        ],
        "z": [
            -1.0,
            -1.0,
            -1.0,
            -1.0,
            -1.0,
            1.0,
            -1.0,
            1.0,
            1.0,
            1.0,
            -1.0,
            1.0
        ],
        "obj_val": -65.11180491763093
    }
}