{
    "J": [
        [
            9,
            10
        ],
        [
            1,
            10
        ],
        [
            2,
            9
        ],
        [
            10,
            11
        ],
        [
            2
        ],
        [
            3,
            6
        ],
        [
            0,
            5
        ],
        [
            7,
            10
        ],
        [
            3,
            9
        ],
        [
            0,
            11
        ],
        [
            0,
            3
        ],
        [
            2,
            3
        ],
        [
            1,
            5
        ],
        [
            11
        ],
        [
            1,
            6
        ],
        [
            7,
            11
        ],
        [
            1,
            11
        ],
        [
            3,
            4
        ],
        [
            2,
            8
        ],
        [
            6,
            10
        ],
        [
            8,
            10
        ],
        [
            7,
            8
        ],
        [
            1,
            4
        ]
    ],
    "c": [
        -4.062898336334742,
        -1.7046165365908106,
        -1.4183833090071296,
        4.8501691604299,
        3.2924456506391078,
        0.9265450242350397,
        2.801892557981585,
        3.843330547044612,
        3.9445553185655324,
        4.708304478493639,
        -2.770908004851509,
        -4.369694438745362,
        1.5947365736818417,
        -0.3676280443490496,
        -0.5572700680821381,
        -0.6802638210164869,
        -0.20302450127913652,
        -0.46593712455172653,
        -3.1533759639538808,
        4.593716895650296,
        -0.8985617646892008,
        -4.282362993199179,
        -2.646877400319332
    ],
    "label": {
        "x": [
            1.0,
            1.0,
            0.0,
            0.0,
            1.0,
            0.0,
            0.0,
            0.0,
            0.0,
            1.0,
            1.0,
            0.0
        ],
        "z": [
            1.0,
            1.0,
            -1.0,
            -1.0,
            1.0,
            -1.0,
            -1.0,
            -1.0,
            -1.0,
            1.0,
            1.0,
            -1.0
        ],
        "obj_val": -42.92098283160138
    }
}