{
    "J": [
        [
            1
        ],
        [
            6
        ],
        [
            7,
            10
        ],
        [
            0,
            11
        ],
        [
            0,
            9
        ],
        [
            2,
            10
        ],
        [
            0,
            4
        ],
        [
            1,
            10
        ],
        [
            2
        ],
        [
            4,
            10
        ],
        [
            0,
            8
        ],
        [
            2,
            7
        ],
        [
            3,
            6
        ],
        [
            3,
            7
        ],
        [
            3,
            9
        ],
        [
            7,
            9
        ],
        [
            9,
            11
        ],
        [
            2,
            9
        ],
        [
            1,
            7
        ],
        [
            0,
            5
        ],
        [
            6,
            8
        ],
        [
            6,
            11
        ],
        [
            4,
            11
        ],
        [
            7,
            8
        ],
        [
            3
        ],
        [
            0,
            6
        ],
        [
            2,
            8
        ],
        [
            2,
            11
        ],
        [
            1,
            2
        ],
        [
            4,
            9
        ],
        [
            9,
            10
        ],
        [
            4
        ],
        [
            0,
            7
        ],
        [
            1,
            8
        ],
        [
            3,
            5
        ],
        [
            0,
            1
        ],
        [
            3,
            10
        ],
        [
            8,
            11
        ],
        [
            4,
            7
        ],
        [
            7
        ],
        [
            4,
            6
        ],
        [
            5,
            8
        ],
        [
            2,
            4
        ],
        [
            8,
            10
        ],
        [
            2,
            6
        ],
        [
            0,
            3
        ]
    ],
    "c": [
        -3.8440087482166274,
        4.081886419833177,
        4.290058422842108,
        -2.454013463203534,
        2.732178914380486,
        -1.1254034913891662,
        -1.210995279785403,
        -0.2471315666042182,
        1.545227695204864,
        0.9184402031177381,
        1.0840816576646386,
        -1.9288333551152848,
        -3.884726896725793,
        -4.551672116504875,
        -3.4098185887417163,
        -3.4419188106140086,
        -3.625670598815139,
        4.050880832935135,
        -1.6157357798426188,
        1.2032740220757336,
        -0.06277495570675917,
        3.7636182046057183,
        4.698271867929835,
        -4.541289206773987,
        -1.9623077718458903,
        -3.43044076598489,
        1.5768620440375356,
        1.4525548904221814,
        -2.2920039162910264,
        4.591744100731505,
        -4.309158883486451,
        1.1309752398238953,
        -2.2976462756769567,
        -0.9156031782083796,
        2.604673705915758,
        -4.584520769531283,
        -2.725090766287377,
        1.0558872243811148,
        -0.15365918689962044,
        3.4792888565783215,
        -2.7653542465657344,
        2.1146489424524217,
        -3.27512474166424,
        -2.95976347102597,
        -4.276863026658139,
        -0.9859033677371958
    ],
    "label": {
        "x": [
            0.0,
            0.0,
            0.0,
            0.0,
            0.0,
            1.0,
            0.0,
            0.0,
            0.0,
            1.0,
            1.0,
            1.0
        ],
        "z": [
            -1.0,
            -1.0,
            -1.0,
            -1.0,
            -1.0,
            1.0,
            -1.0,
            -1.0,
            -1.0,
            1.0,
            1.0,
            1.0
        ],
        "obj_val": -69.59118571157309
    }
}