{
    "J": [
        [
            3,
            6
        ],
        [
            9
        ],
        [
            5,
            8
        ],
        [
            8,
            10
        ],
        [
            9,
            11
        ],
        [
            3,
            7
        ],
        [
            4,
            11
        ],
        [
            0,
            8
        ],
        [
            0,
            11
        ],
        [
            7
        ],
        [
            11
        ],
        [
            5,
            11
        ],
        [
            3
        ],
        [
            9,
            10
        ],
        [
            0,
            2
        ],
        [
            5,
            6
        ],
        [
            2,
            11
        ],
        [
            10,
            11
        ],
        [
            1,
            2
        ],
        [
            2,
            9
        ],
        [
            5,
            7
        ],
        [
            0,
            5
        ],
        [
            2,
            3
        ],
        [
            4,
            10
        ],
        [
            7,
            8
        ],
        [
            3,
            8
        ],
        [
            2,
            7
        ],
        [
            3,
            11
        ],
        [
            7,
            10
        ],
        [
            8
        ],
        [
            1,
            9
        ],
        [
            0,
            10
        ],
        [
            0
        ],
        [
            1,
            11
        ],
        [
            2,
            8
        ],
        [
            6,
            9
        ],
        [
            1,
            6
        ],
        [
            1,
            3
        ],
        [
            7,
            11
        ],
        [
            2,
            10
        ],
        [
            2,
            6
        ],
        [
            3,
            4
        ],
        [
            3,
            10
        ],
        [
            4,
            5
        ],
        [
            0,
            7
        ],
        [
            6
        ]
    ],
    "c": [
        4.459772703618002,
        0.7794602950886187,
        -1.8530514507393647,
        -0.2924278158545235,
        1.1535137972954788,
        -0.5614387986782603,
        -2.6906974658105884,
        1.4121049667290606,
        2.076938835979309,
        -4.61654119707875,
        1.9560619618133277,
        -0.8399459267954192,
        2.0384158814076656,
        -2.9055816954359317,
        2.3085264795688785,
        -1.6740834435964547,
        -1.4731749025441254,
        1.5690849806496567,
        -0.23396750573283587,
        -2.6340337546143147,
        4.8805417904472765,
        -2.3290306906960967,
        0.24713582562903724,
        3.843221521268024,
        -0.690573777933464,
        4.863468033690367,
        1.4131758364526936,
        -0.4295493526740497,
        2.6088052600913025,
        0.9925816687785618,
        1.989033004766081,
        3.432460762122963,
        -4.606742600141532,
        1.0049243562722463,
        -3.9634752486346523,
        3.4399884699017633,
        -0.8676397319174693,
        2.058609664481942,
        3.752706573557367,
        0.8812320043758923,
        -3.641658393312659,
        -2.329800075342261,
        -2.2983072570690046,
        3.2618651343077616,
        0.1843609582707293,
        4.230641112183841
    ],
    "label": {
        "x": [
            1.0,
            0.0,
            0.0,
            1.0,
            1.0,
            0.0,
            0.0,
            1.0,
            0.0,
            1.0,
            0.0,
            0.0
        ],
        "z": [
            1.0,
            -1.0,
            -1.0,
            1.0,
            1.0,
            -1.0,
            -1.0,
            1.0,
            -1.0,
            1.0,
            -1.0,
            -1.0
        ],
        "obj_val": -60.899848022753076
    }
}