{
    "J": [
        [
            9
        ],
        [
            2,
            4
        ],
        [
            2,
            6
        ],
        [
            3,
            4
        ],
        [
            1,
            5
        ],
        [
            0,
            9
        ],
        [
            11
        ],
        [
            3,
            9
        ],
        [
            3,
            5
        ],
        [
            10
        ],
        [
            1,
            7
        ],
        [
            2,
            5
        ],
        [
            1
        ],
        [
            5,
            11
        ],
        [
            7,
            8
        ],
        [
            8,
            11
        ],
        [
            0,
            4
        ],
        [
            2,
            3
        ],
        [
            3,
            10
        ],
        [
            2,
            8
        ],
        [
            4,
            9
        ],
        [
            5,
            9
        ],
        [
            2,
            9
        ],
        [
            0,
            10
        ],
        [
            8
        ],
        [
            2
        ],
        [
            8,
            9
        ],
        [
            6,
            8
        ],
        [
            6,
            10
        ],
        [
            4,
            7
        ],
        [
            6,
            11
        ],
        [
            4,
            11
        ],
        [
            1,
            10
        ],
        [
            1,
            2
        ],
        [
            1,
            8
        ],
        [
            2,
            10
        ],
        [
            8,
            10
        ],
        [
            5,
            6
        ],
        [
            4,
            6
        ],
        [
            1,
            4
        ],
        [
            2,
            11
        ],
        [
            2,
            7
        ],
        [
            0
        ],
        [
            7
        ],
        [
            6,
            7
        ],
        [
            3,
            6
        ]
    ],
    "c": [
        -2.4709390715458692,
        0.6863715103260368,
        4.775512918621864,
        1.348998399862051,
        -2.8981402515782295,
        0.9796980301700344,
        -1.9854800868181535,
        -3.8629082406484097,
        0.5502494587669435,
        -2.9061019843503932,
        3.308715501687839,
        -4.901283493779908,
        -0.6213596759650395,
        3.3335944080877553,
        4.53408586950713,
        1.6187815995725945,
        4.999611507962156,
        0.6096669948688422,
        2.9453437360443697,
        -0.9339262044965322,
        -2.4915184418697955,
        -2.459871708309401,
        1.5658478219485978,
        -1.9195390678364,
        -2.8510963446432513,
        3.220058757323299,
        -2.7154219573492244,
        3.88259868270168,
        4.968987511797426,
        0.7925401188856966,
        2.425451382216205,
        -4.124081710297317,
        2.229089070633343,
        -4.050965849048589,
        2.966001235982894,
        -3.9723845725345273,
        -0.7690608789143116,
        2.768217361616612,
        -2.4211111762538797,
        -0.5369659410238716,
        -2.0970085887096355,
        0.4888546219011891,
        0.8971934414812068,
        -1.9512743937235575,
        -0.4859050012138644,
        -2.227752351572275
    ],
    "label": {
        "x": [
            0.0,
            0.0,
            0.0,
            1.0,
            1.0,
            0.0,
            1.0,
            1.0,
            0.0,
            1.0,
            0.0,
            1.0
        ],
        "z": [
            -1.0,
            -1.0,
            -1.0,
            1.0,
            1.0,
            -1.0,
            1.0,
            1.0,
            -1.0,
            1.0,
            -1.0,
            1.0
        ],
        "obj_val": -63.64975411858619
    }
}