{
    "J": [
        [
            3,
            6
        ],
        [
            1,
            5
        ],
        [
            0,
            2
        ],
        [
            0,
            10
        ],
        [
            3,
            8
        ],
        [
            0,
            6
        ],
        [
            2,
            7
        ],
        [
            5,
            9
        ],
        [
            2,
            8
        ],
        [
            0,
            1
        ],
        [
            4
        ],
        [
            3,
            7
        ],
        [
            0,
            11
        ],
        [
            2,
            3
        ],
        [
            8,
            10
        ],
        [
            5,
            10
        ],
        [
            0,
            3
        ],
        [
            3,
            4
        ],
        [
            5
        ],
        [
            4,
            9
        ],
        [
            7,
            11
        ],
        [
            0,
            8
        ],
        [
            3
        ]
    ],
    "c": [
        -0.11549065638008926,
        -3.6795675966738073,
        -4.095084148193492,
        3.496365684383264,
        -0.7585752166782447,
        3.946590203374141,
        4.980666105672242,
        -2.573532365401893,
        1.1183200852260704,
        -1.6102844046947218,
        2.4460877728150434,
        -2.3950946888769464,
        4.544419107952262,
        2.539136282991058,
        4.912681761548576,
        4.379657978543211,
        -2.268044261419908,
        4.46289477999794,
        1.210479586761303,
        -2.135228654831278,
        3.8356683844098214,
        -2.072876604807586,
        -1.7586494565892385
    ],
    "label": {
        "x": [
            1.0,
            1.0,
            0.0,
            1.0,
            0.0,
            1.0,
            0.0,
            1.0,
            1.0,
            1.0,
            0.0,
            0.0
        ],
        "z": [
            1.0,
            1.0,
            -1.0,
            1.0,
            -1.0,
            1.0,
            -1.0,
            1.0,
            1.0,
            1.0,
            -1.0,
            -1.0
        ],
        "obj_val": -50.222829695889814
    }
}