{
    "J": [
        [
            8,
            9
        ],
        [
            1,
            6
        ],
        [
            5
        ],
        [
            3,
            5
        ],
        [
            0,
            6
        ],
        [
            7,
            8
        ],
        [
            6,
            10
        ],
        [
            3,
            7
        ],
        [
            3,
            4
        ],
        [
            1,
            11
        ],
        [
            1,
            3
        ],
        [
            0,
            4
        ],
        [
            7,
            11
        ],
        [
            5,
            8
        ],
        [
            1,
            2
        ],
        [
            2,
            7
        ],
        [
            3
        ],
        [
            3,
            9
        ],
        [
            2,
            3
        ],
        [
            0,
            8
        ],
        [
            4,
            10
        ],
        [
            4,
            6
        ],
        [
            2,
            11
        ],
        [
            4,
            11
        ],
        [
            6
        ],
        [
            9
        ],
        [
            3,
            6
        ],
        [
            0,
            2
        ],
        [
            0,
            9
        ],
        [
            11
        ],
        [
            5,
            9
        ],
        [
            10,
            11
        ],
        [
            9,
            11
        ],
        [
            3,
            10
        ],
        [
            1,
            4
        ],
        [
            1,
            10
        ],
        [
            7
        ],
        [
            0,
            7
        ],
        [
            0,
            1
        ],
        [
            10
        ],
        [
            2,
            9
        ],
        [
            5,
            10
        ],
        [
            7,
            10
        ],
        [
            2
        ],
        [
            8
        ],
        [
            5,
            7
        ]
    ],
    "c": [
        -3.5691294732163104,
        -4.0026352241798255,
        2.507721893156962,
        0.931178214480993,
        -0.24382960040770918,
        -3.7413916143318806,
        -1.8950547058464506,
        -3.4003766655442904,
        -1.282471398418552,
        -4.4282164664782,
        0.9720821327108276,
        0.7426370003085552,
        -1.4429778729226141,
        -1.9317569402829973,
        -0.609416928880381,
        -2.132400679477885,
        1.8625804954909606,
        3.848408025504799,
        3.359528068049796,
        2.961946569867404,
        -2.5365835674086767,
        -3.004972884178392,
        -3.3877975514448266,
        -2.19243921042956,
        3.6470812015611163,
        4.088955838751684,
        -4.606452524743063,
        1.4242857106940505,
        -1.9991636712208827,
        4.595483402826531,
        -4.6787269185538545,
        -4.007721597808034,
        3.139888741232607,
        3.5560940676575488,
        2.884286517122117,
        -1.461776089141762,
        -3.904563950717379,
        1.4849336312694872,
        -0.04779022063374416,
        0.31051197333945346,
        -0.1667734707810009,
        -0.7558091663267632,
        -3.747527940201967,
        1.7586216578923652,
        0.19016203206877602,
        0.6649896363422254
    ],
    "label": {
        "x": [
            1.0,
            0.0,
            0.0,
            1.0,
            0.0,
            0.0,
            0.0,
            0.0,
            0.0,
            0.0,
            0.0,
            0.0
        ],
        "z": [
            1.0,
            -1.0,
            -1.0,
            1.0,
            -1.0,
            -1.0,
            -1.0,
            -1.0,
            -1.0,
            -1.0,
            -1.0,
            -1.0
        ],
        "obj_val": -62.03634630015821
    }
}