{
    "J": [
        [
            0,
            5
        ],
        [
            0,
            3
        ],
        [
            1,
            6
        ],
        [
            4,
            9
        ],
        [
            10,
            11
        ],
        [
            0,
            11
        ],
        [
            5,
            8
        ],
        [
            6,
            8
        ],
        [
            3
        ],
        [
            5
        ],
        [
            2,
            6
        ],
        [
            4,
            8
        ],
        [
            7,
            11
        ],
        [
            1,
            10
        ],
        [
            2,
            4
        ],
        [
            0,
            8
        ],
        [
            6,
            10
        ],
        [
            6,
            11
        ],
        [
            0,
            4
        ],
        [
            1
        ],
        [
            1,
            11
        ],
        [
            1,
            4
        ],
        [
            3,
            8
        ]
    ],
    "c": [
        -0.6759577661442542,
        1.025792119505974,
        -3.2554784823557714,
        0.8593574919870051,
        -2.8674888614163727,
        -3.0322606344768266,
        -0.6757496198639306,
        1.4973350618253765,
        3.6775918691719163,
        3.4848443045175514,
        1.277107845261419,
        3.4699233592810064,
        4.480562890349194,
        -2.7297691746111576,
        -1.6494259624181549,
        -2.346939831991378,
        4.820491550821222,
        1.0580794139109937,
        2.0674176661203845,
        -4.465473246933368,
        2.892577218924516,
        3.2484381713806005,
        -3.9567730208791483
    ],
    "label": {
        "x": [
            0.0,
            1.0,
            1.0,
            0.0,
            1.0,
            0.0,
            1.0,
            1.0,
            0.0,
            0.0,
            0.0,
            0.0
        ],
        "z": [
            -1.0,
            1.0,
            1.0,
            -1.0,
            1.0,
            -1.0,
            1.0,
            1.0,
            -1.0,
            -1.0,
            -1.0,
            -1.0
        ],
        "obj_val": -42.95262094262922
    }
}