{
    "J": [
        [
            9,
            11
        ],
        [
            6,
            8
        ],
        [
            1,
            11
        ],
        [
            5
        ],
        [
            7,
            11
        ],
        [
            2,
            9
        ],
        [
            2,
            10
        ],
        [
            7,
            8
        ],
        [
            1,
            5
        ],
        [
            5,
            6
        ],
        [
            3,
            6
        ],
        [
            1,
            8
        ],
        [
            5,
            10
        ],
        [
            4,
            5
        ],
        [
            3,
            5
        ],
        [
            8,
            11
        ],
        [
            6,
            10
        ],
        [
            2,
            11
        ],
        [
            3
        ],
        [
            1,
            9
        ],
        [
            1,
            4
        ],
        [
            5,
            9
        ],
        [
            0,
            4
        ]
    ],
    "c": [
        4.706508430560781,
        -0.0441739775949479,
        0.683715780273265,
        2.06984432107323,
        -2.827232401937617,
        -2.558841356301796,
        -4.861003337644374,
        -0.36344692163556314,
        -0.9129690296660673,
        -2.5248101764479136,
        -4.571981465938634,
        1.370565737821467,
        1.760140238495529,
        -3.50888992083231,
        3.8714515593625833,
        -0.4913806161989198,
        2.336609812051229,
        1.9130710458664009,
        -1.05191345135061,
        2.535398531858136,
        3.8236816141611314,
        -1.6097534769816821,
        -0.7250618802551614
    ],
    "label": {
        "x": [
            0.0,
            1.0,
            0.0,
            1.0,
            0.0,
            0.0,
            1.0,
            1.0,
            0.0,
            0.0,
            0.0,
            1.0
        ],
        "z": [
            -1.0,
            1.0,
            -1.0,
            1.0,
            -1.0,
            -1.0,
            1.0,
            1.0,
            -1.0,
            -1.0,
            -1.0,
            1.0
        ],
        "obj_val": -37.56117160368494
    }
}