{
    "J": [
        [
            3,
            4
        ],
        [
            2,
            3
        ],
        [
            4,
            10
        ],
        [
            0,
            9
        ],
        [
            6,
            11
        ],
        [
            9
        ],
        [
            0,
            3
        ],
        [
            5,
            8
        ],
        [
            5,
            10
        ],
        [
            7,
            9
        ],
        [
            10,
            11
        ],
        [
            3,
            11
        ],
        [
            8,
            10
        ],
        [
            4,
            5
        ],
        [
            2,
            11
        ],
        [
            0,
            5
        ],
        [
            0,
            6
        ],
        [
            4,
            9
        ],
        [
            0,
            10
        ],
        [
            1,
            9
        ],
        [
            10
        ],
        [
            2,
            9
        ],
        [
            0,
            7
        ]
    ],
    "c": [
        -1.3959298246228977,
        4.978725822935516,
        0.28990142746833314,
        -2.836542750488377,
        -0.05944116747215755,
        2.364995484418216,
        -3.698685017956244,
        -4.830988397588776,
        4.382810034078062,
        1.5969859925678334,
        3.305367360907198,
        1.9782503309234825,
        -1.3826221105767287,
        -0.0769385384112713,
        2.9225187517989673,
        -1.3784256181603425,
        -1.4624855750716383,
        -3.719113986463103,
        -3.8067205296537345,
        -0.07910452042905103,
        -3.8911476203546655,
        3.309511330803401,
        -1.619263644187102
    ],
    "label": {
        "x": [
            0.0,
            0.0,
            1.0,
            0.0,
            0.0,
            0.0,
            0.0,
            0.0,
            0.0,
            0.0,
            1.0,
            0.0
        ],
        "z": [
            -1.0,
            -1.0,
            1.0,
            -1.0,
            -1.0,
            -1.0,
            -1.0,
            -1.0,
            -1.0,
            -1.0,
            1.0,
            -1.0
        ],
        "obj_val": -37.837317909893535
    }
}