{
    "J": [
        [
            0
        ],
        [
            1
        ],
        [
            8,
            10
        ],
        [
            5,
            11
        ],
        [
            6
        ],
        [
            4,
            8
        ],
        [
            6,
            8
        ],
        [
            6,
            7
        ],
        [
            1,
            9
        ],
        [
            2,
            10
        ],
        [
            9
        ],
        [
            5
        ],
        [
            2,
            8
        ],
        [
            2,
            5
        ],
        [
            0,
            11
        ],
        [
            4,
            7
        ],
        [
            5,
            7
        ],
        [
            7
        ],
        [
            3,
            8
        ],
        [
            6,
            10
        ],
        [
            3,
            7
        ],
        [
            8,
            11
        ],
        [
            0,
            1
        ]
    ],
    "c": [
        4.504877940081808,
        -1.1398306594409977,
        -2.1864372144689836,
        2.273211853968937,
        4.783199998753595,
        -2.399700457433588,
        2.007764968787269,
        -3.0473386673847704,
        1.986151581303261,
        -3.026387065132493,
        3.971096619142916,
        -4.064294372694635,
        1.2317134770869913,
        1.6904682223336733,
        -0.5367567876672732,
        4.690574332299985,
        1.549003036278921,
        0.3906538725668902,
        -4.172485378113806,
        4.4836931978430705,
        4.312333485484142,
        0.9034834197538082,
        -3.705541037323089
    ],
    "label": {
        "x": [
            0.0,
            0.0,
            1.0,
            1.0,
            1.0,
            1.0,
            0.0,
            0.0,
            1.0,
            0.0,
            1.0,
            0.0
        ],
        "z": [
            -1.0,
            -1.0,
            1.0,
            1.0,
            1.0,
            1.0,
            -1.0,
            -1.0,
            1.0,
            -1.0,
            1.0,
            -1.0
        ],
        "obj_val": -50.960669765015055
    }
}