{
    "J": [
        [
            0,
            8
        ],
        [
            1,
            10
        ],
        [
            5,
            7
        ],
        [
            6,
            8
        ],
        [
            4,
            11
        ],
        [
            0,
            4
        ],
        [
            1,
            6
        ],
        [
            4,
            5
        ],
        [
            4,
            10
        ],
        [
            7,
            11
        ],
        [
            4,
            9
        ],
        [
            6
        ],
        [
            1,
            3
        ],
        [
            6,
            7
        ],
        [
            3,
            11
        ],
        [
            3,
            8
        ],
        [
            6,
            9
        ],
        [
            5
        ],
        [
            1,
            8
        ],
        [
            1,
            2
        ],
        [
            3,
            10
        ],
        [
            4
        ],
        [
            5,
            9
        ]
    ],
    "c": [
        3.2473249014031182,
        4.499823478462698,
        -0.40090779918201846,
        -3.0998664154011957,
        -0.8588454579294567,
        -2.166747486384261,
        -1.349848864610721,
        0.6499991534126783,
        0.2403005193064809,
        -1.2779387572314063,
        -0.85545753265251,
        -1.383778565237015,
        -3.356442290415227,
        -2.598150933597707,
        -0.09573902164923265,
        0.512002741875639,
        -2.9218733569928323,
        1.1172598971587702,
        -4.136701996394029,
        2.0298203358840086,
        -3.1555187669721585,
        4.892460715779393,
        -2.5565746916997933
    ],
    "label": {
        "x": [
            0.0,
            1.0,
            0.0,
            0.0,
            0.0,
            1.0,
            1.0,
            1.0,
            1.0,
            1.0,
            0.0,
            1.0
        ],
        "z": [
            -1.0,
            1.0,
            -1.0,
            -1.0,
            -1.0,
            1.0,
            1.0,
            1.0,
            1.0,
            1.0,
            -1.0,
            1.0
        ],
        "obj_val": -34.355294241409
    }
}