{
    "J": [
        [
            6,
            11
        ],
        [
            7,
            8
        ],
        [
            4,
            5
        ],
        [
            0,
            6
        ],
        [
            8,
            11
        ],
        [
            0,
            1
        ],
        [
            0,
            4
        ],
        [
            2,
            6
        ],
        [
            9
        ],
        [
            5,
            10
        ],
        [
            8,
            9
        ],
        [
            1,
            7
        ],
        [
            11
        ],
        [
            3,
            9
        ],
        [
            5
        ],
        [
            6,
            9
        ],
        [
            0
        ],
        [
            3,
            6
        ],
        [
            3,
            7
        ],
        [
            7
        ],
        [
            3,
            5
        ],
        [
            2,
            8
        ],
        [
            5,
            11
        ]
    ],
    "c": [
        -0.08130767876930634,
        -3.739374814962159,
        1.398272442570625,
        -2.731720717641861,
        3.722032054177454,
        -1.566949187581712,
        2.0653272646512413,
        2.0365606469928306,
        1.6997010793373812,
        -3.866777796962512,
        1.1208238801144965,
        -2.4182976284385314,
        4.4432188458101525,
        0.21926454504257542,
        -0.5967805975696372,
        3.2335303880830466,
        -2.8711335465161825,
        0.3431383779653361,
        -0.3262006229515837,
        -0.4298123072357187,
        4.6061564522261715,
        0.5571549713649588,
        1.7394615453401272
    ],
    "label": {
        "x": [
            1.0,
            1.0,
            0.0,
            0.0,
            0.0,
            1.0,
            1.0,
            1.0,
            1.0,
            0.0,
            1.0,
            0.0
        ],
        "z": [
            1.0,
            1.0,
            -1.0,
            -1.0,
            -1.0,
            1.0,
            1.0,
            1.0,
            1.0,
            -1.0,
            1.0,
            -1.0
        ],
        "obj_val": -44.559451698778666
    }
}