{
    "J": [
        [
            7,
            8
        ],
        [
            9
        ],
        [
            1,
            4
        ],
        [
            8
        ],
        [
            1,
            2
        ],
        [
            11
        ],
        [
            7,
            11
        ],
        [
            5,
            11
        ],
        [
            1,
            8
        ],
        [
            5,
            9
        ],
        [
            0,
            3
        ],
        [
            6,
            9
        ],
        [
            7,
            10
        ],
        [
            0,
            9
        ],
        [
            5,
            6
        ],
        [
            4,
            6
        ],
        [
            3,
            9
        ],
        [
            2,
            7
        ],
        [
            5,
            7
        ],
        [
            2,
            6
        ],
        [
            6,
            7
        ],
        [
            8,
            11
        ],
        [
            3,
            7
        ],
        [
            4,
            8
        ],
        [
            2,
            3
        ],
        [
            3,
            8
        ],
        [
            2,
            10
        ],
        [
            6,
            11
        ],
        [
            3,
            5
        ],
        [
            4,
            11
        ],
        [
            2,
            11
        ],
        [
            10,
            11
        ],
        [
            8,
            9
        ],
        [
            4
        ],
        [
            3,
            6
        ],
        [
            3
        ],
        [
            2,
            5
        ],
        [
            4,
            10
        ],
        [
            3,
            11
        ],
        [
            0,
            6
        ],
        [
            7
        ],
        [
            0,
            11
        ],
        [
            7,
            9
        ],
        [
            9,
            10
        ],
        [
            1,
            6
        ],
        [
            4,
            9
        ]
    ],
    "c": [
        -4.138112177250085,
        -4.6615144323462365,
        -4.969152524060782,
        0.6553213579556774,
        1.1268727100194278,
        4.981241569522254,
        4.446111754230831,
        -3.4185704400601202,
        4.808597013839034,
        3.5661487824801057,
        3.8273399538418627,
        0.5098082209372183,
        -3.640857110896235,
        -1.8700539266453298,
        -4.155413908226814,
        -4.819955851339918,
        -1.4384098053805938,
        2.879366190222652,
        -4.666998316667227,
        3.5563057778082356,
        2.2849235791456657,
        1.627783642053668,
        3.561900824493499,
        0.8833790620234794,
        4.650505298772467,
        2.302542326402426,
        -1.630380989372715,
        1.285751949137877,
        3.8856935931354926,
        -0.9832508730624188,
        4.16661929332278,
        -2.178116693731912,
        1.8056518068905039,
        -4.635774843492512,
        -2.9299107413483307,
        0.6049922387187943,
        0.8379536944842965,
        2.7818199871556706,
        -2.45798165517726,
        0.1328088782659158,
        3.3483525966720293,
        2.1528667186788732,
        2.8342504775035007,
        -4.516997487693141,
        -1.3162963613330145,
        4.51990860287221
    ],
    "label": {
        "x": [
            1.0,
            0.0,
            1.0,
            0.0,
            0.0,
            0.0,
            0.0,
            1.0,
            1.0,
            1.0,
            1.0,
            0.0
        ],
        "z": [
            1.0,
            -1.0,
            1.0,
            -1.0,
            -1.0,
            -1.0,
            -1.0,
            1.0,
            1.0,
            1.0,
            1.0,
            -1.0
        ],
        "obj_val": -73.22519077709114
    }
}