{
    "J": [
        [
            4,
            8
        ],
        [
            1
        ],
        [
            8
        ],
        [
            8,
            9
        ],
        [
            1,
            4
        ],
        [
            3,
            6
        ],
        [
            7
        ],
        [
            3,
            9
        ],
        [
            4,
            11
        ],
        [
            3,
            7
        ],
        [
            4,
            5
        ],
        [
            7,
            10
        ],
        [
            0,
            9
        ],
        [
            4,
            10
        ],
        [
            5,
            11
        ],
        [
            8,
            11
        ],
        [
            6,
            8
        ],
        [
            2,
            8
        ],
        [
            1,
            3
        ],
        [
            0,
            6
        ],
        [
            1,
            5
        ],
        [
            3,
            10
        ],
        [
            10
        ],
        [
            1,
            10
        ],
        [
            0,
            2
        ],
        [
            6,
            10
        ],
        [
            2,
            10
        ],
        [
            7,
            11
        ],
        [
            2,
            5
        ],
        [
            1,
            9
        ],
        [
            11
        ],
        [
            0,
            7
        ],
        [
            4,
            7
        ],
        [
            9
        ],
        [
            0,
            11
        ],
        [
            3,
            4
        ],
        [
            5
        ],
        [
            4
        ],
        [
            3,
            8
        ],
        [
            2
        ],
        [
            2,
            4
        ],
        [
            0,
            4
        ],
        [
            2,
            7
        ],
        [
            0,
            5
        ],
        [
            5,
            6
        ],
        [
            2,
            11
        ]
    ],
    "c": [
        4.77741861028513,
        1.1033086824821101,
        -0.26435926781442465,
        -2.925887947403835,
        3.405862156029052,
        0.2035847912825952,
        4.437647436222985,
        4.186356048838954,
        -1.8814469134321588,
        -0.3630731117566013,
        -2.0505072523024106,
        4.466209010302688,
        -4.465832589466907,
        4.124970158583091,
        -4.4716402873408,
        -0.8242224053612821,
        -2.036902466061777,
        -4.299413102284536,
        4.064333449181115,
        -1.3389299858174053,
        -0.12032765057393746,
        -0.1886050886410331,
        -2.2490382662015107,
        3.1011342135468603,
        -1.203460181836463,
        2.2467784969557067,
        4.964247058071059,
        3.350149195525935,
        1.996617149095874,
        -4.4933501944839165,
        2.6503874878346636,
        -4.1939307206583525,
        4.265644745015933,
        4.4272350930885125,
        -1.4870848206540122,
        -1.5621452032915153,
        -1.8130715557137411,
        0.7478814372327438,
        -2.7598515715490923,
        3.5699787514263583,
        -0.4218677154186645,
        1.9828190439658382,
        1.9899101103339056,
        -3.329596536732171,
        -4.924784638993819,
        -4.05126589577439
    ],
    "label": {
        "x": [
            0.0,
            0.0,
            0.0,
            1.0,
            1.0,
            0.0,
            0.0,
            0.0,
            0.0,
            0.0,
            1.0,
            0.0
        ],
        "z": [
            -1.0,
            -1.0,
            -1.0,
            1.0,
            1.0,
            -1.0,
            -1.0,
            -1.0,
            -1.0,
            -1.0,
            1.0,
            -1.0
        ],
        "obj_val": -80.25565761734858
    }
}