{
    "J": [
        [
            4,
            7
        ],
        [
            0,
            9
        ],
        [
            1,
            3
        ],
        [
            6,
            8
        ],
        [
            4,
            11
        ],
        [
            2,
            5
        ],
        [
            1,
            8
        ],
        [
            2,
            8
        ],
        [
            9,
            11
        ],
        [
            3,
            6
        ],
        [
            4,
            9
        ],
        [
            0,
            6
        ],
        [
            5,
            7
        ],
        [
            7,
            8
        ],
        [
            2,
            3
        ],
        [
            5,
            6
        ],
        [
            0,
            7
        ],
        [
            8
        ],
        [
            7
        ],
        [
            5,
            11
        ],
        [
            5,
            9
        ],
        [
            5
        ],
        [
            10,
            11
        ],
        [
            0,
            2
        ],
        [
            4,
            8
        ],
        [
            6,
            10
        ],
        [
            0,
            4
        ],
        [
            5,
            10
        ],
        [
            8,
            9
        ],
        [
            2,
            9
        ],
        [
            4,
            5
        ],
        [
            2,
            6
        ],
        [
            2,
            4
        ],
        [
            6,
            11
        ],
        [
            2,
            10
        ],
        [
            1,
            2
        ],
        [
            3,
            5
        ],
        [
            2,
            11
        ],
        [
            1,
            9
        ],
        [
            0,
            8
        ],
        [
            10
        ],
        [
            4
        ],
        [
            0,
            10
        ],
        [
            9,
            10
        ],
        [
            1,
            4
        ],
        [
            5,
            8
        ]
    ],
    "c": [
        -2.682642109885599,
        1.2873548842225402,
        2.281774543236473,
        4.037433337103323,
        0.5821459595898659,
        4.050799477627326,
        -4.217508772328465,
        -4.736709742690025,
        -0.08347879174314432,
        -2.601384438701907,
        -1.0962122705728259,
        3.109516270233554,
        -4.9197181235680665,
        -2.0122246922430764,
        -3.217008388658762,
        3.6581552523124454,
        -0.4083580910661011,
        1.2954895198140743,
        2.55459654508525,
        -1.049852244154402,
        4.618380750933007,
        2.1677445579545482,
        1.646810211451065,
        -3.53902244886523,
        4.0885041518790946,
        2.0339855461864245,
        -2.5032619299745127,
        4.972541768854629,
        -2.449149271922283,
        -1.7991389082410212,
        2.8836973600920572,
        4.219665985739198,
        -0.8432910954704713,
        3.179601293303289,
        1.674995473502845,
        1.9622877313077574,
        2.0658336658872853,
        4.242871296507358,
        -4.1975110481778,
        2.0276341843877086,
        -0.6034295540920169,
        -1.7694067108186728,
        -1.687944884484427,
        2.1602380600116255,
        0.9965419891211411,
        0.25545545451667806
    ],
    "label": {
        "x": [
            1.0,
            0.0,
            1.0,
            1.0,
            1.0,
            0.0,
            1.0,
            0.0,
            0.0,
            0.0,
            1.0,
            0.0
        ],
        "z": [
            1.0,
            -1.0,
            1.0,
            1.0,
            1.0,
            -1.0,
            1.0,
            -1.0,
            -1.0,
            -1.0,
            1.0,
            -1.0
        ],
        "obj_val": -61.20118758138481
    }
}