{
    "J": [
        [
            8,
            10
        ],
        [
            2,
            7
        ],
        [
            8
        ],
        [
            1,
            2
        ],
        [
            11
        ],
        [
            7,
            8
        ],
        [
            2,
            5
        ],
        [
            2,
            9
        ],
        [
            3,
            5
        ],
        [
            1,
            8
        ],
        [
            9
        ],
        [
            0,
            7
        ],
        [
            8,
            9
        ],
        [
            7,
            11
        ],
        [
            3,
            8
        ],
        [
            1,
            7
        ],
        [
            3,
            10
        ],
        [
            5
        ],
        [
            6,
            7
        ],
        [
            1,
            5
        ],
        [
            2,
            4
        ],
        [
            7
        ],
        [
            4
        ]
    ],
    "c": [
        1.326597746120333,
        -0.6034333581024729,
        1.6169340163724364,
        1.2281589800776587,
        1.9287446884690667,
        2.9126383598914876,
        -4.3668535793153325,
        -2.013573815135884,
        -2.981382281682594,
        1.311731448927289,
        -2.2862638938932154,
        4.986606977363579,
        3.383910176987122,
        2.6637446642230236,
        -2.905004534032755,
        1.6169395731884642,
        -2.58716377408588,
        -3.3544321545144076,
        1.8346875407621255,
        -4.063925708366213,
        0.3841835843171717,
        -0.18754234423145277,
        3.042698990231644
    ],
    "label": {
        "x": [
            0.0,
            1.0,
            1.0,
            1.0,
            0.0,
            1.0,
            0.0,
            1.0,
            0.0,
            1.0,
            1.0,
            0.0
        ],
        "z": [
            -1.0,
            1.0,
            1.0,
            1.0,
            -1.0,
            1.0,
            -1.0,
            1.0,
            -1.0,
            1.0,
            1.0,
            -1.0
        ],
        "obj_val": -42.086946015693854
    }
}