{
    "J": [
        [
            0,
            8
        ],
        [
            10
        ],
        [
            11
        ],
        [
            1,
            4
        ],
        [
            2,
            5
        ],
        [
            5,
            7
        ],
        [
            8,
            9
        ],
        [
            4,
            9
        ],
        [
            5,
            9
        ],
        [
            3,
            6
        ],
        [
            1,
            11
        ],
        [
            6,
            7
        ],
        [
            4,
            11
        ],
        [
            1,
            6
        ],
        [
            7
        ],
        [
            0,
            5
        ],
        [
            8,
            11
        ],
        [
            1,
            3
        ],
        [
            2,
            6
        ],
        [
            2
        ],
        [
            2,
            8
        ],
        [
            8
        ],
        [
            5,
            11
        ]
    ],
    "c": [
        -1.4892428499581278,
        0.5578508769501989,
        0.12050007316816913,
        4.117409670155075,
        -2.4502794401418235,
        -1.2091125615133258,
        -1.9845378294361558,
        0.6680844656479001,
        -3.9081587635849124,
        4.465949775346244,
        4.617318802378502,
        4.663478517842318,
        1.4425859089860191,
        2.2141245695631353,
        -2.3844257015078743,
        0.5269004010573317,
        0.0806626066827878,
        3.257837148563155,
        2.498104957261119,
        -2.3400106959178,
        -1.467978615107246,
        0.7327333124549718,
        2.0759351852193495
    ],
    "label": {
        "x": [
            1.0,
            1.0,
            1.0,
            1.0,
            0.0,
            1.0,
            0.0,
            1.0,
            1.0,
            1.0,
            0.0,
            0.0
        ],
        "z": [
            1.0,
            1.0,
            1.0,
            1.0,
            -1.0,
            1.0,
            -1.0,
            1.0,
            1.0,
            1.0,
            -1.0,
            -1.0
        ],
        "obj_val": -37.353109186320566
    }
}