{
    "J": [
        [
            5,
            9
        ],
        [
            1,
            9
        ],
        [
            4,
            6
        ],
        [
            3,
            7
        ],
        [
            0,
            5
        ],
        [
            0,
            7
        ],
        [
            9,
            10
        ],
        [
            1,
            7
        ],
        [
            1,
            2
        ],
        [
            5,
            11
        ],
        [
            3,
            6
        ],
        [
            0,
            1
        ],
        [
            7
        ],
        [
            0,
            6
        ],
        [
            1
        ],
        [
            3
        ],
        [
            8,
            9
        ],
        [
            7,
            9
        ],
        [
            0,
            2
        ],
        [
            2,
            11
        ],
        [
            0,
            8
        ],
        [
            6,
            11
        ],
        [
            2,
            9
        ]
    ],
    "c": [
        3.51327107960309,
        0.5599820919927136,
        -2.955956454628632,
        -4.244985576659649,
        -4.212118270987681,
        0.23667080127108076,
        -1.792277737243082,
        -2.292525897965861,
        -2.6063876278845166,
        1.7610290863666966,
        4.274493511768226,
        2.536533244787462,
        -2.813624417922699,
        4.118799398424095,
        -1.3520548186076775,
        2.4056059820366222,
        -1.401058655006878,
        0.4798370418657196,
        2.5867612739984436,
        0.11412869563706884,
        3.934618562689371,
        3.5367241213791587,
        0.32196399812323406
    ],
    "label": {
        "x": [
            0.0,
            1.0,
            1.0,
            0.0,
            1.0,
            0.0,
            1.0,
            1.0,
            1.0,
            1.0,
            1.0,
            0.0
        ],
        "z": [
            -1.0,
            1.0,
            1.0,
            -1.0,
            1.0,
            -1.0,
            1.0,
            1.0,
            1.0,
            1.0,
            1.0,
            -1.0
        ],
        "obj_val": -39.31581275683364
    }
}