{
    "J": [
        [
            1,
            10
        ],
        [
            0,
            6
        ],
        [
            3,
            6
        ],
        [
            5,
            10
        ],
        [
            10
        ],
        [
            5,
            11
        ],
        [
            4,
            10
        ],
        [
            8,
            9
        ],
        [
            9
        ],
        [
            0
        ],
        [
            1,
            8
        ],
        [
            11
        ],
        [
            5,
            8
        ],
        [
            0,
            3
        ],
        [
            6,
            11
        ],
        [
            4,
            8
        ],
        [
            2
        ],
        [
            1,
            2
        ],
        [
            1,
            5
        ],
        [
            3,
            8
        ],
        [
            3,
            7
        ],
        [
            0,
            8
        ],
        [
            7,
            11
        ]
    ],
    "c": [
        1.6574756801260628,
        3.0357576145557648,
        -4.52963482718406,
        0.3418195995895559,
        -0.22523873360065494,
        -4.604716153721724,
        -0.4189369018697331,
        0.6786882624451085,
        -3.6386764813771775,
        -4.9022146911936115,
        3.3876641455599525,
        2.397488013089296,
        -0.13423282424413951,
        1.0491305695918642,
        -0.22143333292065748,
        -4.153582733358634,
        2.553036514375716,
        -2.468030914451277,
        -2.9102129911545713,
        -3.3290519596376633,
        -0.8222660435182867,
        1.3803734632811606,
        -1.1226330648179705
    ],
    "label": {
        "x": [
            1.0,
            0.0,
            0.0,
            0.0,
            0.0,
            0.0,
            0.0,
            0.0,
            0.0,
            1.0,
            1.0,
            0.0
        ],
        "z": [
            1.0,
            -1.0,
            -1.0,
            -1.0,
            -1.0,
            -1.0,
            -1.0,
            -1.0,
            -1.0,
            1.0,
            1.0,
            -1.0
        ],
        "obj_val": -42.34909342080527
    }
}