{
    "J": [
        [
            2,
            4
        ],
        [
            11
        ],
        [
            3,
            4
        ],
        [
            7,
            8
        ],
        [
            8,
            11
        ],
        [
            7,
            11
        ],
        [
            2,
            9
        ],
        [
            10,
            11
        ],
        [
            3
        ],
        [
            1,
            10
        ],
        [
            4,
            10
        ],
        [
            8
        ],
        [
            0
        ],
        [
            5,
            9
        ],
        [
            3,
            8
        ],
        [
            1,
            4
        ],
        [
            9,
            11
        ],
        [
            6,
            8
        ],
        [
            2,
            8
        ],
        [
            8,
            9
        ],
        [
            5,
            10
        ],
        [
            2,
            10
        ],
        [
            3,
            7
        ],
        [
            2,
            6
        ],
        [
            0,
            7
        ],
        [
            0,
            11
        ],
        [
            3,
            9
        ],
        [
            7,
            9
        ],
        [
            0,
            6
        ],
        [
            5
        ],
        [
            3,
            11
        ],
        [
            1,
            6
        ],
        [
            9
        ],
        [
            7
        ],
        [
            1
        ],
        [
            6,
            11
        ],
        [
            0,
            4
        ],
        [
            8,
            10
        ],
        [
            3,
            5
        ],
        [
            6,
            10
        ],
        [
            3,
            6
        ],
        [
            0,
            1
        ],
        [
            4,
            11
        ],
        [
            0,
            2
        ],
        [
            5,
            7
        ],
        [
            7,
            10
        ]
    ],
    "c": [
        -0.6094981917253461,
        -3.616239335954412,
        4.205679022841496,
        -4.0331850558361175,
        3.2593663788587577,
        0.5561284596208784,
        3.4971428097693913,
        -4.7934708065081155,
        -0.5295239593446084,
        4.70037378730164,
        -3.9096578264851667,
        -4.016845278979263,
        -0.4739505404127975,
        -4.062230971062089,
        1.931334018357501,
        -4.192502583168647,
        1.9989873209130966,
        3.3187534186869385,
        3.0523194430773195,
        -2.7021493418249953,
        2.8799234001253824,
        -4.112952040667778,
        3.8471079880116132,
        2.010741918452702,
        -3.56578972810932,
        -1.1064569847102455,
        0.12230291983018127,
        -0.7680936941284138,
        -1.780088506024856,
        2.9029101228385104,
        -4.160343146552757,
        1.84826709778838,
        -4.210614497412805,
        -2.6704966527817953,
        -3.288428542827566,
        -0.1928399330067716,
        1.1760840763746234,
        -4.337976293781754,
        4.102827821254563,
        -3.5545690334292512,
        -0.46024692807586476,
        -2.6001842356419145,
        -4.53828589913395,
        -2.5666507106636804,
        3.153578277595182,
        -2.354461274593622
    ],
    "label": {
        "x": [
            1.0,
            1.0,
            0.0,
            0.0,
            0.0,
            1.0,
            0.0,
            1.0,
            1.0,
            1.0,
            0.0,
            0.0
        ],
        "z": [
            1.0,
            1.0,
            -1.0,
            -1.0,
            -1.0,
            1.0,
            -1.0,
            1.0,
            1.0,
            1.0,
            -1.0,
            -1.0
        ],
        "obj_val": -62.257942294602636
    }
}