{
    "J": [
        [
            9,
            11
        ],
        [
            1,
            2
        ],
        [
            9,
            10
        ],
        [
            10,
            11
        ],
        [
            6
        ],
        [
            0,
            1
        ],
        [
            5,
            6
        ],
        [
            1,
            10
        ],
        [
            0,
            7
        ],
        [
            8,
            9
        ],
        [
            6,
            9
        ],
        [
            1,
            4
        ],
        [
            1,
            3
        ],
        [
            8,
            11
        ],
        [
            2,
            8
        ],
        [
            4,
            11
        ],
        [
            5,
            7
        ],
        [
            0
        ],
        [
            5,
            8
        ],
        [
            6,
            10
        ],
        [
            2,
            4
        ],
        [
            3,
            9
        ],
        [
            9
        ]
    ],
    "c": [
        -2.1683284003734915,
        -4.225270464452445,
        0.4202737522920792,
        -1.6237211151735806,
        0.905724449808484,
        -3.839758095052652,
        -0.41953500674640676,
        2.689473647381001,
        3.351853206558692,
        2.2061026080238992,
        4.100602895388869,
        -0.7213941455801649,
        -2.4878469800097025,
        -1.5497858562301237,
        1.6397480665641933,
        -3.576383134285929,
        -1.283956838703805,
        -3.6798876816623203,
        3.366155999471596,
        -0.9822378667166678,
        -0.4619983966107899,
        1.352805340015383,
        1.8606303264701651
    ],
    "label": {
        "x": [
            1.0,
            1.0,
            1.0,
            1.0,
            0.0,
            1.0,
            1.0,
            0.0,
            0.0,
            0.0,
            0.0,
            0.0
        ],
        "z": [
            1.0,
            1.0,
            1.0,
            1.0,
            -1.0,
            1.0,
            1.0,
            -1.0,
            -1.0,
            -1.0,
            -1.0,
            -1.0
        ],
        "obj_val": -34.950098158100666
    }
}