{
    "J": [
        [
            0
        ],
        [
            5,
            11
        ],
        [
            6,
            9
        ],
        [
            1,
            11
        ],
        [
            2,
            10
        ],
        [
            9,
            11
        ],
        [
            5,
            7
        ],
        [
            4,
            10
        ],
        [
            2,
            11
        ],
        [
            5,
            6
        ],
        [
            2,
            7
        ],
        [
            7,
            11
        ],
        [
            0,
            1
        ],
        [
            0,
            4
        ],
        [
            1,
            4
        ],
        [
            10
        ],
        [
            6,
            10
        ],
        [
            0,
            6
        ],
        [
            3,
            9
        ],
        [
            2,
            3
        ],
        [
            3,
            11
        ],
        [
            8,
            9
        ],
        [
            5,
            9
        ]
    ],
    "c": [
        0.23379860899386173,
        1.3658096161962296,
        3.934623747985878,
        -4.186529438503036,
        2.7622588020544274,
        1.0334271577506353,
        -4.147658177905383,
        2.269380764557919,
        2.781382709198523,
        2.188074050027894,
        -2.354345351907999,
        2.8771205009834713,
        -3.0773735207405686,
        3.347195815533766,
        4.731093962224232,
        1.9242259579738281,
        4.920314364061895,
        2.512603378263771,
        -2.254323708796102,
        -4.4260630726016075,
        3.883211571394579,
        3.287795125570538,
        3.074577257607208
    ],
    "label": {
        "x": [
            0.0,
            0.0,
            1.0,
            1.0,
            1.0,
            1.0,
            1.0,
            1.0,
            1.0,
            0.0,
            0.0,
            0.0
        ],
        "z": [
            -1.0,
            -1.0,
            1.0,
            1.0,
            1.0,
            1.0,
            1.0,
            1.0,
            1.0,
            -1.0,
            -1.0,
            -1.0
        ],
        "obj_val": -56.6215368276841
    }
}