{
    "J": [
        [
            4
        ],
        [
            4,
            11
        ],
        [
            1,
            8
        ],
        [
            1,
            9
        ],
        [
            3,
            4
        ],
        [
            8,
            11
        ],
        [
            7,
            8
        ],
        [
            0,
            10
        ],
        [
            7,
            9
        ],
        [
            10,
            11
        ],
        [
            2,
            9
        ],
        [
            5,
            6
        ],
        [
            5,
            7
        ],
        [
            3
        ],
        [
            5,
            9
        ],
        [
            1,
            5
        ],
        [
            0,
            8
        ],
        [
            0,
            11
        ],
        [
            2,
            3
        ],
        [
            1,
            3
        ],
        [
            2,
            7
        ],
        [
            3,
            6
        ],
        [
            6,
            9
        ],
        [
            3,
            8
        ],
        [
            0,
            9
        ],
        [
            7
        ],
        [
            2
        ],
        [
            8
        ],
        [
            0,
            3
        ],
        [
            8,
            9
        ],
        [
            0,
            2
        ],
        [
            2,
            8
        ],
        [
            1,
            10
        ],
        [
            3,
            10
        ],
        [
            6,
            7
        ],
        [
            1,
            11
        ],
        [
            9
        ],
        [
            10
        ],
        [
            6,
            10
        ],
        [
            5,
            10
        ],
        [
            2,
            10
        ],
        [
            6
        ],
        [
            3,
            7
        ],
        [
            0,
            6
        ],
        [
            0,
            1
        ],
        [
            7,
            11
        ]
    ],
    "c": [
        3.3659159132774654,
        0.5894548903576782,
        1.2272152515645622,
        1.7953619783203,
        -2.1771893478792634,
        -0.8207709713517239,
        0.6276644633657575,
        2.126779689087627,
        3.0369325164583305,
        -1.4676116116181817,
        -2.339325942238488,
        -2.6608358645151586,
        3.1999344558934144,
        2.645036672465281,
        2.8792035928059123,
        -4.854094050789573,
        -2.7850813967054346,
        1.1776956936452514,
        0.5125708098217006,
        -0.36713095917246275,
        1.2793932561545116,
        1.6828215252699161,
        4.421030397020765,
        4.910053008909236,
        0.05062601385885657,
        3.4190264699872976,
        4.739625317911711,
        -2.0923696565718233,
        1.7409503060125378,
        2.4562040328267765,
        2.603188853857434,
        -4.862952794805791,
        -4.168212650458076,
        -1.2041456807094852,
        -4.575526271218303,
        1.804887930315103,
        -2.1423703430815477,
        -2.9547492443968135,
        -0.22487472989021118,
        -4.620396605081842,
        4.296788153838234,
        -4.001350199680002,
        4.9880187267777,
        3.1903843126577396,
        -0.5491985397770023,
        -1.2658349745028663
    ],
    "label": {
        "x": [
            1.0,
            1.0,
            0.0,
            0.0,
            0.0,
            1.0,
            1.0,
            1.0,
            1.0,
            0.0,
            1.0,
            1.0
        ],
        "z": [
            1.0,
            1.0,
            -1.0,
            -1.0,
            -1.0,
            1.0,
            1.0,
            1.0,
            1.0,
            -1.0,
            1.0,
            1.0
        ],
        "obj_val": -63.17526835868967
    }
}