{
    "J": [
        [
            8,
            11
        ],
        [
            2,
            4
        ],
        [
            5,
            11
        ],
        [
            8
        ],
        [
            5,
            6
        ],
        [
            3,
            6
        ],
        [
            1,
            7
        ],
        [
            9,
            11
        ],
        [
            2,
            9
        ],
        [
            6,
            8
        ],
        [
            0
        ],
        [
            0,
            7
        ],
        [
            0,
            9
        ],
        [
            4,
            10
        ],
        [
            1,
            2
        ],
        [
            0,
            4
        ],
        [
            2,
            5
        ],
        [
            2,
            10
        ],
        [
            0,
            2
        ],
        [
            7,
            11
        ],
        [
            1,
            5
        ],
        [
            5,
            8
        ],
        [
            11
        ]
    ],
    "c": [
        -3.7113990205714895,
        -3.2820018261018156,
        -2.3343051344879893,
        -3.9992739047689216,
        4.284854788687442,
        -0.9500235918555386,
        2.9969074021677065,
        2.7700979701430377,
        -0.5024232382075429,
        3.0135425856324947,
        -3.2654512852770248,
        2.2239971415769517,
        -0.3460471826679825,
        0.5553271097075942,
        4.181130923474647,
        -2.299572301561432,
        4.919084930859061,
        -3.635791334166547,
        1.6071268148013438,
        1.4188445350730525,
        -4.193427163964873,
        -0.10571538844079331,
        -4.500482872776882
    ],
    "label": {
        "x": [
            1.0,
            1.0,
            0.0,
            0.0,
            0.0,
            1.0,
            0.0,
            0.0,
            1.0,
            0.0,
            0.0,
            1.0
        ],
        "z": [
            1.0,
            1.0,
            -1.0,
            -1.0,
            -1.0,
            1.0,
            -1.0,
            -1.0,
            1.0,
            -1.0,
            -1.0,
            1.0
        ],
        "obj_val": -54.69493525909816
    }
}