{
    "J": [
        [
            7,
            8
        ],
        [
            0,
            6
        ],
        [
            2,
            5
        ],
        [
            0,
            4
        ],
        [
            0,
            11
        ],
        [
            1,
            11
        ],
        [
            0,
            1
        ],
        [
            8
        ],
        [
            5,
            9
        ],
        [
            1,
            4
        ],
        [
            3
        ],
        [
            2,
            4
        ],
        [
            3,
            9
        ],
        [
            8,
            9
        ],
        [
            6,
            11
        ],
        [
            10,
            11
        ],
        [
            4,
            11
        ],
        [
            11
        ],
        [
            3,
            6
        ],
        [
            0,
            2
        ],
        [
            7,
            9
        ],
        [
            2,
            7
        ],
        [
            1,
            2
        ],
        [
            1,
            9
        ],
        [
            3,
            7
        ],
        [
            2,
            6
        ],
        [
            1,
            5
        ],
        [
            8,
            10
        ],
        [
            7
        ],
        [
            5,
            8
        ],
        [
            2,
            11
        ],
        [
            9
        ],
        [
            6,
            8
        ],
        [
            2,
            9
        ],
        [
            4,
            8
        ],
        [
            1,
            3
        ],
        [
            1,
            6
        ],
        [
            7,
            10
        ],
        [
            5,
            11
        ],
        [
            6,
            7
        ],
        [
            0,
            8
        ],
        [
            3,
            10
        ],
        [
            0,
            10
        ],
        [
            0,
            5
        ],
        [
            6,
            10
        ],
        [
            4,
            5
        ]
    ],
    "c": [
        -3.990304779023174,
        -2.4845039632926467,
        -2.930736368740754,
        -1.2825219884150374,
        -3.2184098154529375,
        -2.1473634392019836,
        1.917090468392077,
        1.7193298647055162,
        0.20498977861827417,
        -2.350399778002986,
        3.113946289079964,
        1.336409546459377,
        2.1367373224411423,
        3.85500510307927,
        1.0050916585531695,
        4.504849336953971,
        -3.2996573968008702,
        -3.203229581927376,
        -1.9219953858494323,
        -3.945147625352743,
        4.828001602658981,
        4.315789213801063,
        -2.7311622805569105,
        -0.14985687554634097,
        4.569594433931588,
        1.607126590709158,
        2.6318678575415513,
        3.4891176050900974,
        0.5180669952113846,
        -4.5223274803094835,
        4.241424740047124,
        1.7147386618906708,
        3.9026612976462047,
        4.582026290940176,
        3.7942485459972772,
        -2.823297030838688,
        2.300176829561922,
        3.4917504404852604,
        2.4076431019594837,
        -3.769439122613105,
        4.351381550101447,
        -4.812571120653545,
        -3.362503243465391,
        -2.206113887247617,
        1.0720988477083395,
        -4.100160623877549
    ],
    "label": {
        "x": [
            0.0,
            1.0,
            0.0,
            0.0,
            0.0,
            0.0,
            0.0,
            1.0,
            1.0,
            0.0,
            0.0,
            1.0
        ],
        "z": [
            -1.0,
            1.0,
            -1.0,
            -1.0,
            -1.0,
            -1.0,
            -1.0,
            1.0,
            1.0,
            -1.0,
            -1.0,
            1.0
        ],
        "obj_val": -60.780195726903685
    }
}