{
    "J": [
        [
            6
        ],
        [
            3,
            8
        ],
        [
            8,
            10
        ],
        [
            1,
            3
        ],
        [
            0,
            9
        ],
        [
            3,
            7
        ],
        [
            4,
            10
        ],
        [
            5
        ],
        [
            3,
            10
        ],
        [
            1,
            6
        ],
        [
            0,
            1
        ],
        [
            0,
            2
        ],
        [
            3,
            4
        ],
        [
            6,
            8
        ],
        [
            10
        ],
        [
            1,
            2
        ],
        [
            7,
            9
        ],
        [
            8,
            9
        ],
        [
            5,
            9
        ],
        [
            1,
            9
        ],
        [
            2,
            10
        ],
        [
            3,
            5
        ],
        [
            1,
            8
        ]
    ],
    "c": [
        0.3801489019849562,
        1.9595005227381632,
        4.644116804983847,
        1.4780682325318768,
        -3.737285624752672,
        -4.188805076287444,
        -4.021267611179326,
        0.505278221964506,
        1.1233044777338552,
        -0.881204632861313,
        0.25044186518790745,
        -1.073500238063029,
        3.7199447852707497,
        1.8439309196056417,
        -3.782594680321112,
        2.7248870520313426,
        4.5055638295369995,
        -2.0100859164754556,
        0.06932836114396412,
        -0.18165867101759936,
        3.5363270669218885,
        1.1439330375677788,
        3.075188580045184
    ],
    "label": {
        "x": [
            1.0,
            1.0,
            0.0,
            0.0,
            1.0,
            1.0,
            1.0,
            0.0,
            0.0,
            1.0,
            1.0,
            0.0
        ],
        "z": [
            1.0,
            1.0,
            -1.0,
            -1.0,
            1.0,
            1.0,
            1.0,
            -1.0,
            -1.0,
            1.0,
            1.0,
            -1.0
        ],
        "obj_val": -38.33979705509065
    }
}