{
    "J": [
        [
            0,
            2
        ],
        [
            2,
            6
        ],
        [
            2
        ],
        [
            6,
            10
        ],
        [
            0,
            3
        ],
        [
            0,
            4
        ],
        [
            1,
            4
        ],
        [
            1,
            8
        ],
        [
            4,
            9
        ],
        [
            2,
            11
        ],
        [
            2,
            8
        ],
        [
            3,
            10
        ],
        [
            5,
            10
        ],
        [
            4,
            7
        ],
        [
            0,
            5
        ],
        [
            5,
            8
        ],
        [
            4,
            8
        ],
        [
            5,
            9
        ],
        [
            0,
            10
        ],
        [
            7,
            10
        ],
        [
            1,
            5
        ],
        [
            5,
            6
        ],
        [
            2,
            7
        ],
        [
            0
        ],
        [
            3,
            8
        ],
        [
            0,
            7
        ],
        [
            2,
            4
        ],
        [
            2,
            5
        ],
        [
            8
        ],
        [
            6
        ],
        [
            0,
            8
        ],
        [
            6,
            7
        ],
        [
            6,
            9
        ],
        [
            10,
            11
        ],
        [
            8,
            11
        ],
        [
            7,
            9
        ],
        [
            7,
            8
        ],
        [
            9
        ],
        [
            6,
            11
        ],
        [
            3,
            11
        ],
        [
            5
        ],
        [
            4,
            6
        ],
        [
            9,
            11
        ],
        [
            3
        ],
        [
            1,
            10
        ],
        [
            1,
            6
        ]
    ],
    "c": [
        -3.7348654783472144,
        -1.9930651059016293,
        -4.887598487454156,
        0.6763632029536737,
        3.5740503575727693,
        3.8007676916875397,
        3.6735031182669573,
        -0.3054620463635125,
        -2.626979991334383,
        1.624996464969736,
        -3.7037979703423254,
        3.9327826650997046,
        -2.804077552214601,
        0.8929936275051134,
        -0.08548681804714953,
        -3.9999036449520418,
        -3.645127638516751,
        -4.474554710405879,
        -1.3168557748463252,
        -2.947482120646278,
        -1.9933657571869992,
        1.1434984841441445,
        -2.8475658926369096,
        -0.8920509960946177,
        -4.407190078832102,
        -4.4920278281876325,
        0.6007451954235936,
        2.230543965158777,
        -0.8377473599651895,
        -2.4061376423119585,
        -0.7019691410584077,
        -2.085946133177776,
        2.500272598389783,
        4.111841113763866,
        -1.8189070439428145,
        2.3442488435502726,
        -0.8849744692027128,
        4.372164335839013,
        -4.469758976401113,
        2.5694577961173746,
        -3.925543389364119,
        -0.7719890107615406,
        -0.9692069252079429,
        1.134306902602046,
        1.3258967226848988,
        -0.8855297333465337
    ],
    "label": {
        "x": [
            1.0,
            1.0,
            1.0,
            0.0,
            0.0,
            0.0,
            1.0,
            1.0,
            0.0,
            0.0,
            1.0,
            0.0
        ],
        "z": [
            1.0,
            1.0,
            1.0,
            -1.0,
            -1.0,
            -1.0,
            1.0,
            1.0,
            -1.0,
            -1.0,
            1.0,
            -1.0
        ],
        "obj_val": -61.31182037745265
    }
}