{
    "J": [
        [
            1,
            6
        ],
        [
            7
        ],
        [
            7,
            11
        ],
        [
            8,
            9
        ],
        [
            9,
            11
        ],
        [
            3
        ],
        [
            1
        ],
        [
            4,
            6
        ],
        [
            7,
            9
        ],
        [
            2,
            11
        ],
        [
            4,
            10
        ],
        [
            5,
            9
        ],
        [
            2,
            7
        ],
        [
            1,
            5
        ],
        [
            6,
            7
        ],
        [
            5,
            10
        ],
        [
            2,
            9
        ],
        [
            8,
            11
        ],
        [
            1,
            11
        ],
        [
            0,
            6
        ],
        [
            7,
            8
        ],
        [
            6,
            8
        ],
        [
            2,
            8
        ]
    ],
    "c": [
        -3.0107710809285972,
        -3.7805582774615454,
        -2.57227884184948,
        -1.6529630688101449,
        -2.295747833252857,
        -1.266166788424099,
        -0.10963127450229404,
        1.8999233367765562,
        2.6086535631414005,
        -1.2309298646434161,
        -0.12040729879041567,
        -4.248424098221455,
        -3.389144146454232,
        1.131847317346029,
        -3.179418935295293,
        1.5838999973674124,
        0.09727682674288829,
        3.872267847203128,
        -0.2962995359828513,
        3.493975799542282,
        -3.7235645216195046,
        4.130954049905318,
        0.9747384117822584
    ],
    "label": {
        "x": [
            0.0,
            1.0,
            1.0,
            1.0,
            0.0,
            0.0,
            1.0,
            1.0,
            0.0,
            0.0,
            1.0,
            1.0
        ],
        "z": [
            -1.0,
            1.0,
            1.0,
            1.0,
            -1.0,
            -1.0,
            1.0,
            1.0,
            -1.0,
            -1.0,
            1.0,
            1.0
        ],
        "obj_val": -38.39040340871791
    }
}