{
    "J": [
        [
            6
        ],
        [
            0,
            2
        ],
        [
            3,
            7
        ],
        [
            8,
            9
        ],
        [
            7,
            9
        ],
        [
            4
        ],
        [
            3,
            11
        ],
        [
            2,
            11
        ],
        [
            1,
            6
        ],
        [
            4,
            9
        ],
        [
            5,
            8
        ],
        [
            2,
            7
        ],
        [
            5,
            9
        ],
        [
            4,
            5
        ],
        [
            3,
            8
        ],
        [
            8
        ],
        [
            0,
            10
        ],
        [
            7
        ],
        [
            5
        ],
        [
            0,
            5
        ],
        [
            4,
            8
        ],
        [
            7,
            11
        ],
        [
            6,
            8
        ],
        [
            1,
            2
        ],
        [
            7,
            10
        ],
        [
            5,
            11
        ],
        [
            4,
            11
        ],
        [
            2
        ],
        [
            8,
            11
        ],
        [
            1,
            9
        ],
        [
            9
        ],
        [
            0,
            7
        ],
        [
            4,
            6
        ],
        [
            0,
            11
        ],
        [
            8,
            10
        ],
        [
            11
        ],
        [
            4,
            7
        ],
        [
            3,
            6
        ],
        [
            3,
            10
        ],
        [
            1,
            4
        ],
        [
            1,
            8
        ],
        [
            5,
            6
        ],
        [
            1,
            3
        ],
        [
            3,
            9
        ],
        [
            6,
            7
        ],
        [
            2,
            5
        ]
    ],
    "c": [
        -4.2685102703183,
        -0.5063377107170872,
        -2.8934784652468224,
        -2.477223082577237,
        2.1307571417152307,
        4.982721598640456,
        3.043631145008085,
        4.204454570922659,
        3.394778796370998,
        4.346396779169973,
        -0.14557413260882868,
        -2.6967485864409655,
        -3.0443251078116598,
        -1.7446867843602432,
        -1.9166483589445447,
        3.3095924250039754,
        -1.5758412991790784,
        3.389778016642616,
        -1.8830855928515513,
        -3.1671264588360106,
        -1.1139501349686753,
        1.1975516126631263,
        3.7776086470788997,
        1.892360203879445,
        -2.033004884015426,
        1.1471136541731575,
        -2.1247932852402265,
        1.1434308677017393,
        -0.6391676015414207,
        -2.7650450272195695,
        4.857225866133895,
        -2.0013697746520753,
        -1.3136191461682545,
        -2.794815618437535,
        -4.041364555626155,
        -0.2270598628559597,
        1.9051175015050825,
        2.727563578156344,
        3.669280920367793,
        -1.2222596368240057,
        4.332552133023512,
        -4.1232587736056985,
        4.690111494393086,
        -2.735546278784474,
        -4.913558645570796,
        1.5630859657793392
    ],
    "label": {
        "x": [
            1.0,
            1.0,
            0.0,
            0.0,
            1.0,
            1.0,
            1.0,
            0.0,
            0.0,
            0.0,
            0.0,
            1.0
        ],
        "z": [
            1.0,
            1.0,
            -1.0,
            -1.0,
            1.0,
            1.0,
            1.0,
            -1.0,
            -1.0,
            -1.0,
            -1.0,
            1.0
        ],
        "obj_val": -56.01386890265837
    }
}