{
    "J": [
        [
            6,
            8
        ],
        [
            7,
            11
        ],
        [
            3,
            10
        ],
        [
            2,
            6
        ],
        [
            3,
            7
        ],
        [
            1,
            11
        ],
        [
            0,
            10
        ],
        [
            2,
            5
        ],
        [
            3,
            11
        ],
        [
            5,
            11
        ],
        [
            4,
            9
        ],
        [
            8,
            11
        ],
        [
            4,
            5
        ],
        [
            0,
            9
        ],
        [
            0,
            1
        ],
        [
            1,
            3
        ],
        [
            2,
            7
        ],
        [
            3,
            4
        ],
        [
            6,
            7
        ],
        [
            5
        ],
        [
            1,
            10
        ],
        [
            2,
            4
        ],
        [
            1,
            4
        ]
    ],
    "c": [
        -1.410658246081784,
        -3.975169118727344,
        3.0473963563278446,
        -0.23210168692352617,
        2.355859285872473,
        3.706443363266912,
        -0.9469614001405224,
        0.12534870944798993,
        -4.057440925645545,
        -0.12610769305994296,
        -0.22008285537362138,
        -4.777905204461437,
        1.2217048497611707,
        -0.43479632620871733,
        3.0270607218962358,
        0.8065152824328417,
        4.797692076792172,
        -3.110875156005155,
        -0.782687353907586,
        0.22520795971510843,
        2.710440407847475,
        -0.7595372598550636,
        -0.11908502290143907
    ],
    "label": {
        "x": [
            0.0,
            1.0,
            1.0,
            1.0,
            1.0,
            0.0,
            0.0,
            0.0,
            0.0,
            0.0,
            0.0,
            0.0
        ],
        "z": [
            -1.0,
            1.0,
            1.0,
            1.0,
            1.0,
            -1.0,
            -1.0,
            -1.0,
            -1.0,
            -1.0,
            -1.0,
            -1.0
        ],
        "obj_val": -32.34479576190083
    }
}