{
    "J": [
        [
            9,
            10
        ],
        [
            1,
            3
        ],
        [
            0,
            5
        ],
        [
            0,
            1
        ],
        [
            8,
            9
        ],
        [
            1,
            11
        ],
        [
            5,
            10
        ],
        [
            11
        ],
        [
            4,
            8
        ],
        [
            5
        ],
        [
            8,
            10
        ],
        [
            2,
            6
        ],
        [
            6,
            7
        ],
        [
            1,
            7
        ],
        [
            2,
            10
        ],
        [
            4,
            10
        ],
        [
            6,
            8
        ],
        [
            1,
            10
        ],
        [
            1,
            5
        ],
        [
            7,
            11
        ],
        [
            5,
            9
        ],
        [
            2,
            9
        ],
        [
            4,
            5
        ],
        [
            9
        ],
        [
            4
        ],
        [
            3,
            9
        ],
        [
            3,
            10
        ],
        [
            4,
            7
        ],
        [
            0,
            2
        ],
        [
            7
        ],
        [
            2,
            11
        ],
        [
            1,
            8
        ],
        [
            6,
            10
        ],
        [
            10,
            11
        ],
        [
            2,
            8
        ],
        [
            7,
            8
        ],
        [
            2,
            3
        ],
        [
            0,
            11
        ],
        [
            5,
            8
        ],
        [
            6,
            11
        ],
        [
            2,
            4
        ],
        [
            3,
            6
        ],
        [
            10
        ],
        [
            0,
            6
        ],
        [
            0,
            7
        ],
        [
            6,
            9
        ]
    ],
    "c": [
        1.3301214493452918,
        2.50466123121337,
        -0.9617830862540693,
        2.867760319651521,
        -4.252326695139837,
        -3.75779103666126,
        0.23605413508933815,
        0.5842412578942069,
        0.6776474616437165,
        -3.515143758369824,
        -2.407187203109472,
        -4.446995915427163,
        -1.7419305570936583,
        2.94960084813747,
        -4.038830252169551,
        2.266814257743394,
        -4.519468227876379,
        2.6482165566779745,
        -3.0914055907577973,
        -4.82310914894565,
        -4.153541659655962,
        -4.714023348376911,
        2.3713489521211066,
        0.27753987896503673,
        -0.04275379858740003,
        -0.5542678773211822,
        1.5473417833126293,
        1.6564985385954722,
        1.487539701891361,
        -1.1134767938326382,
        0.5597564869437104,
        3.017482120455245,
        -0.5666269017863987,
        2.6524517072502993,
        4.9613544166496695,
        -2.3827902465253925,
        -1.8052183743033225,
        -3.3957529883739648,
        1.0318676017176163,
        1.7127675799604605,
        3.771620538148788,
        0.40334600108196206,
        -3.830284079217008,
        0.44315436293575594,
        -0.43442566577672626,
        1.2227690579506891
    ],
    "label": {
        "x": [
            0.0,
            0.0,
            1.0,
            1.0,
            0.0,
            1.0,
            1.0,
            1.0,
            1.0,
            1.0,
            1.0,
            0.0
        ],
        "z": [
            -1.0,
            -1.0,
            1.0,
            1.0,
            -1.0,
            1.0,
            1.0,
            1.0,
            1.0,
            1.0,
            1.0,
            -1.0
        ],
        "obj_val": -57.267825582766854
    }
}