{
    "J": [
        [
            4,
            10
        ],
        [
            4
        ],
        [
            0,
            10
        ],
        [
            3,
            9
        ],
        [
            7,
            9
        ],
        [
            3,
            4
        ],
        [
            3,
            7
        ],
        [
            0,
            6
        ],
        [
            7,
            10
        ],
        [
            0,
            8
        ],
        [
            1,
            9
        ],
        [
            2,
            3
        ],
        [
            3
        ],
        [
            6,
            7
        ],
        [
            5,
            9
        ],
        [
            6,
            11
        ],
        [
            11
        ],
        [
            0,
            1
        ],
        [
            0,
            4
        ],
        [
            2,
            9
        ],
        [
            4,
            5
        ],
        [
            6
        ],
        [
            1,
            5
        ]
    ],
    "c": [
        2.2656258875308657,
        -2.1876399854291417,
        -3.809296065162769,
        -2.2245793176515094,
        -2.2917584152048356,
        -4.425813077472678,
        3.172606790838767,
        0.5392483721242911,
        -1.2483929358583445,
        1.2753206271145654,
        -2.8212597065734304,
        -4.550466126567549,
        4.0176620198404525,
        -3.7714150308080496,
        3.7175490327246195,
        -2.0825710601295846,
        -4.93930346881919,
        3.9451907053071675,
        -3.641556574162407,
        -2.95758609834182,
        3.836982708287085,
        -2.323346563588359,
        3.220012619746452
    ],
    "label": {
        "x": [
            1.0,
            0.0,
            0.0,
            0.0,
            0.0,
            1.0,
            1.0,
            1.0,
            0.0,
            0.0,
            1.0,
            1.0
        ],
        "z": [
            1.0,
            -1.0,
            -1.0,
            -1.0,
            -1.0,
            1.0,
            1.0,
            1.0,
            -1.0,
            -1.0,
            1.0,
            1.0
        ],
        "obj_val": -51.94477649544258
    }
}