{
    "J": [
        [
            7,
            10
        ],
        [
            6
        ],
        [
            2,
            4
        ],
        [
            7,
            11
        ],
        [
            3,
            7
        ],
        [
            4,
            8
        ],
        [
            4,
            10
        ],
        [
            1,
            6
        ],
        [
            3
        ],
        [
            0,
            2
        ],
        [
            3,
            5
        ],
        [
            8
        ],
        [
            3,
            4
        ],
        [
            0,
            6
        ],
        [
            5
        ],
        [
            5,
            6
        ],
        [
            0,
            4
        ],
        [
            3,
            6
        ],
        [
            9,
            10
        ],
        [
            2,
            7
        ],
        [
            3,
            8
        ],
        [
            5,
            11
        ],
        [
            0,
            7
        ]
    ],
    "c": [
        -2.8130756246003474,
        -3.3700421291937257,
        -0.23984829932166019,
        4.704336153163332,
        1.4116497860024682,
        2.9793939778894813,
        -2.315101738199438,
        3.719316883730812,
        -2.474466927612984,
        3.540267608140473,
        -2.410656553461117,
        1.5164482431308297,
        1.0790293003569182,
        2.0455732260602355,
        4.038072288954931,
        2.205874782757304,
        2.3325950565121945,
        2.5647326307857625,
        4.248465477628967,
        -3.8304963032651185,
        3.7879900470191608,
        0.18804087746670817,
        -4.4942277379205455
    ],
    "label": {
        "x": [
            0.0,
            0.0,
            1.0,
            0.0,
            1.0,
            0.0,
            1.0,
            1.0,
            0.0,
            0.0,
            1.0,
            0.0
        ],
        "z": [
            -1.0,
            -1.0,
            1.0,
            -1.0,
            1.0,
            -1.0,
            1.0,
            1.0,
            -1.0,
            -1.0,
            1.0,
            -1.0
        ],
        "obj_val": -40.420250473135724
    }
}