{
    "J": [
        [
            1,
            9
        ],
        [
            1,
            3
        ],
        [
            0,
            8
        ],
        [
            2,
            7
        ],
        [
            7
        ],
        [
            4,
            8
        ],
        [
            0,
            1
        ],
        [
            0,
            10
        ],
        [
            0
        ],
        [
            1,
            8
        ],
        [
            3,
            10
        ],
        [
            9
        ],
        [
            1,
            11
        ],
        [
            2,
            9
        ],
        [
            11
        ],
        [
            2,
            5
        ],
        [
            3,
            7
        ],
        [
            0,
            4
        ],
        [
            7,
            9
        ],
        [
            4,
            6
        ],
        [
            8,
            9
        ],
        [
            6
        ],
        [
            5,
            10
        ],
        [
            10
        ],
        [
            2,
            6
        ],
        [
            5,
            6
        ],
        [
            3,
            6
        ],
        [
            8,
            10
        ],
        [
            2,
            4
        ],
        [
            1,
            4
        ],
        [
            0,
            7
        ],
        [
            8
        ],
        [
            2,
            11
        ],
        [
            0,
            9
        ],
        [
            1,
            10
        ],
        [
            4
        ],
        [
            7,
            10
        ],
        [
            5,
            8
        ],
        [
            5,
            7
        ],
        [
            3
        ],
        [
            4,
            9
        ],
        [
            0,
            2
        ],
        [
            2
        ],
        [
            6,
            11
        ],
        [
            4,
            10
        ],
        [
            2,
            8
        ]
    ],
    "c": [
        0.8814350943236073,
        -3.6647214254071567,
        4.6442186256459355,
        -4.194255634944631,
        -4.472640343735441,
        -2.1061649026681306,
        -0.894357993657442,
        -3.3677816413927166,
        2.411469499381889,
        -3.7202376784680133,
        1.24301177278888,
        -3.256007302966746,
        2.877327993963722,
        -3.1486350857289858,
        -1.234700915976954,
        -0.42226227125631954,
        2.217272010744738,
        -1.4357726803327706,
        4.430778371197011,
        1.7831037193059238,
        1.6497381320826836,
        -3.551281357920799,
        4.0992983846940785,
        1.4630118697539487,
        -1.3852034170485403,
        0.7098812100999776,
        4.4192570379939315,
        -2.3279202143808386,
        -1.993700997205492,
        -2.3779808091555967,
        -0.48260779165125633,
        -0.2742939608870749,
        2.109092510958388,
        -3.0117921376103407,
        1.927740298128784,
        4.965797817300565,
        0.34844475692966537,
        -1.3494904711044118,
        -3.9434386878731296,
        3.2736130578703673,
        4.8694117176441605,
        0.32886369369888335,
        1.4841692817783763,
        3.7909962744637795,
        1.8656643848618657,
        0.5028958833854791
    ],
    "label": {
        "x": [
            1.0,
            0.0,
            0.0,
            0.0,
            0.0,
            0.0,
            1.0,
            0.0,
            0.0,
            1.0,
            1.0,
            1.0
        ],
        "z": [
            1.0,
            -1.0,
            -1.0,
            -1.0,
            -1.0,
            -1.0,
            1.0,
            -1.0,
            -1.0,
            1.0,
            1.0,
            1.0
        ],
        "obj_val": -61.297587070065056
    }
}