{
    "J": [
        [
            10,
            11
        ],
        [
            0,
            1
        ],
        [
            4,
            9
        ],
        [
            4
        ],
        [
            4,
            6
        ],
        [
            5,
            7
        ],
        [
            1,
            8
        ],
        [
            10
        ],
        [
            2,
            6
        ],
        [
            2,
            5
        ],
        [
            2,
            4
        ],
        [
            6
        ],
        [
            0,
            10
        ],
        [
            3,
            8
        ],
        [
            0,
            4
        ],
        [
            5,
            10
        ],
        [
            8
        ],
        [
            2
        ],
        [
            6,
            8
        ],
        [
            1,
            3
        ],
        [
            2,
            10
        ],
        [
            7,
            11
        ],
        [
            0
        ],
        [
            1
        ],
        [
            4,
            11
        ],
        [
            7,
            10
        ],
        [
            9
        ],
        [
            0,
            3
        ],
        [
            3,
            6
        ],
        [
            9,
            11
        ],
        [
            9,
            10
        ],
        [
            6,
            9
        ],
        [
            4,
            10
        ],
        [
            1,
            10
        ],
        [
            2,
            8
        ],
        [
            3,
            4
        ],
        [
            0,
            8
        ],
        [
            0,
            11
        ],
        [
            2,
            7
        ],
        [
            2,
            9
        ],
        [
            1,
            5
        ],
        [
            6,
            10
        ],
        [
            8,
            11
        ],
        [
            2,
            11
        ],
        [
            7,
            9
        ],
        [
            8,
            9
        ]
    ],
    "c": [
        -2.0222921645377667,
        -1.704046520599376,
        -0.03742286267908135,
        2.1331008054164986,
        0.041588597287867124,
        -2.1963803915003,
        -1.7676663185809827,
        -2.440548628728182,
        -0.11644848623037962,
        0.18247489554702234,
        2.894728660187723,
        0.6589399300144763,
        3.8510295962411494,
        2.6455933137051257,
        2.4537320755331677,
        -4.458252750676967,
        1.4168125150168098,
        0.39614761149614885,
        -3.0250251736421117,
        2.1902202818621275,
        4.999169873514623,
        -2.839433004175466,
        3.109880030469661,
        1.726958290945718,
        -1.147779105982508,
        4.856586915078031,
        -3.060407028034804,
        -1.0000850964484433,
        1.8633972197233195,
        -2.218151896327213,
        4.586410398637851,
        3.4147116973750453,
        -4.2322091904163575,
        0.6751904455628752,
        -4.984074581883218,
        -1.7653008765546083,
        0.8321691580183384,
        4.297479545334378,
        -4.957874674506453,
        -2.2158621998642305,
        -3.561958791264858,
        2.5003403211007758,
        -0.36682021939321174,
        -0.21532794886645945,
        -0.09363330259748537,
        -3.6511167541375924
    ],
    "label": {
        "x": [
            0.0,
            0.0,
            0.0,
            1.0,
            1.0,
            0.0,
            0.0,
            0.0,
            0.0,
            0.0,
            1.0,
            1.0
        ],
        "z": [
            -1.0,
            -1.0,
            -1.0,
            1.0,
            1.0,
            -1.0,
            -1.0,
            -1.0,
            -1.0,
            -1.0,
            1.0,
            1.0
        ],
        "obj_val": -64.28806541977968
    }
}