{
    "J": [
        [
            3,
            7
        ],
        [
            0,
            10
        ],
        [
            4,
            11
        ],
        [
            0,
            8
        ],
        [
            3,
            5
        ],
        [
            0,
            9
        ],
        [
            7,
            9
        ],
        [
            1,
            3
        ],
        [
            5,
            6
        ],
        [
            2,
            9
        ],
        [
            4,
            10
        ],
        [
            0,
            3
        ],
        [
            0
        ],
        [
            6,
            11
        ],
        [
            4,
            5
        ],
        [
            1,
            5
        ],
        [
            6
        ],
        [
            6,
            8
        ],
        [
            1,
            11
        ],
        [
            5,
            11
        ],
        [
            4,
            6
        ],
        [
            0,
            1
        ],
        [
            11
        ],
        [
            10,
            11
        ],
        [
            6,
            9
        ],
        [
            6,
            7
        ],
        [
            4,
            9
        ],
        [
            9,
            11
        ],
        [
            3,
            10
        ],
        [
            3,
            8
        ],
        [
            6,
            10
        ],
        [
            2,
            7
        ],
        [
            1,
            2
        ],
        [
            2,
            4
        ],
        [
            8,
            9
        ],
        [
            0,
            7
        ],
        [
            0,
            5
        ],
        [
            1,
            6
        ],
        [
            9,
            10
        ],
        [
            2,
            8
        ],
        [
            1,
            9
        ],
        [
            0,
            11
        ],
        [
            1,
            10
        ],
        [
            5,
            7
        ],
        [
            8
        ],
        [
            1,
            7
        ]
    ],
    "c": [
        4.893939964482874,
        4.563202205060623,
        1.6977920106573485,
        -4.898771201676519,
        -0.021561339991071904,
        -4.818940117068689,
        -2.3224592538408038,
        -2.6477041733577233,
        3.9217053574540532,
        3.4399022898675398,
        0.4039265767415223,
        -3.8866688013136432,
        2.2969352841254445,
        -3.409224473489237,
        -3.1616676257883967,
        0.8946400127283312,
        3.1136117386477906,
        -3.044846611417402,
        -0.002249075719977789,
        -3.203700337629426,
        -2.7094445280314936,
        -4.560240547371981,
        -2.317284770926892,
        -0.13537877542992494,
        -0.3677607403278236,
        -4.3312468701199345,
        -0.6330618602724449,
        -0.04815331331491279,
        -1.042349222305614,
        2.797041334640098,
        -4.276228630975517,
        3.343068938290674,
        -2.4233633853426384,
        -2.594332807679076,
        -4.208204092870796,
        1.9444642369495755,
        4.77323573479037,
        -0.7604317100515612,
        -4.202480621389194,
        -2.1751258186123836,
        -0.3583706734003904,
        3.6648526047844996,
        1.5801641606531005,
        -0.5649323185178945,
        0.8524780100123985,
        0.2352284187340299
    ],
    "label": {
        "x": [
            0.0,
            0.0,
            0.0,
            0.0,
            0.0,
            1.0,
            0.0,
            1.0,
            0.0,
            0.0,
            0.0,
            1.0
        ],
        "z": [
            -1.0,
            -1.0,
            -1.0,
            -1.0,
            -1.0,
            1.0,
            -1.0,
            1.0,
            -1.0,
            -1.0,
            -1.0,
            1.0
        ],
        "obj_val": -61.11001798753934
    }
}