{
    "J": [
        [
            3,
            4
        ],
        [
            6,
            7
        ],
        [
            5,
            6
        ],
        [
            3,
            8
        ],
        [
            5,
            9
        ],
        [
            4,
            7
        ],
        [
            1,
            2
        ],
        [
            5,
            10
        ],
        [
            5,
            11
        ],
        [
            2,
            6
        ],
        [
            8
        ],
        [
            0,
            1
        ],
        [
            9,
            11
        ],
        [
            3,
            9
        ],
        [
            3,
            10
        ],
        [
            0,
            7
        ],
        [
            2,
            8
        ],
        [
            7,
            9
        ],
        [
            3,
            7
        ],
        [
            0,
            5
        ],
        [
            7,
            8
        ],
        [
            10,
            11
        ],
        [
            1,
            9
        ]
    ],
    "c": [
        4.4529938433880325,
        -1.598100177485564,
        -2.666404117238489,
        3.9620168329301215,
        4.661854305582745,
        -4.4563397166857355,
        -0.3937999049271115,
        -3.8183335736809862,
        0.5280983787693794,
        -4.6798508649690405,
        2.922875236292839,
        2.2662140695907915,
        0.3624352907867836,
        1.9005552589408534,
        -0.6259103406501616,
        -0.10540428586355599,
        -0.021420758953128782,
        0.7666194011911038,
        3.2246844926843625,
        4.670056338899872,
        -4.157143309110437,
        -4.598330093733555,
        -1.4133518023378544
    ],
    "label": {
        "x": [
            0.0,
            1.0,
            1.0,
            1.0,
            0.0,
            1.0,
            1.0,
            0.0,
            0.0,
            0.0,
            1.0,
            1.0
        ],
        "z": [
            -1.0,
            1.0,
            1.0,
            1.0,
            -1.0,
            1.0,
            1.0,
            -1.0,
            -1.0,
            -1.0,
            1.0,
            1.0
        ],
        "obj_val": -49.59761135721845
    }
}