{
    "J": [
        [
            4,
            5
        ],
        [
            7,
            11
        ],
        [
            2,
            9
        ],
        [
            9
        ],
        [
            1,
            11
        ],
        [
            1,
            8
        ],
        [
            1,
            9
        ],
        [
            5,
            11
        ],
        [
            10
        ],
        [
            1,
            5
        ],
        [
            4,
            9
        ],
        [
            3,
            7
        ],
        [
            7,
            9
        ],
        [
            2,
            6
        ],
        [
            5,
            6
        ],
        [
            8,
            9
        ],
        [
            0,
            4
        ],
        [
            4,
            10
        ],
        [
            0
        ],
        [
            3,
            4
        ],
        [
            0,
            11
        ],
        [
            1,
            7
        ],
        [
            3,
            11
        ]
    ],
    "c": [
        0.8524780100123985,
        0.2352284187340299,
        -2.765873672486733,
        -0.012491749413115372,
        -4.706940463291667,
        -0.8027004363161261,
        3.8692084563017843,
        -2.5102984959898333,
        -0.14586474334734945,
        -2.7332476233316214,
        3.9915404297495165,
        1.0862974038361504,
        -3.3325814399985876,
        3.9312499816999082,
        -4.228288202650666,
        -0.7712847431024352,
        3.6647303278044454,
        -4.9123617866744915,
        3.004428847278506,
        1.78723818011248,
        -1.2178960825272211,
        -0.34684558389708364,
        0.22572388185884762
    ],
    "label": {
        "x": [
            0.0,
            1.0,
            0.0,
            0.0,
            1.0,
            1.0,
            1.0,
            0.0,
            1.0,
            0.0,
            1.0,
            1.0
        ],
        "z": [
            -1.0,
            1.0,
            -1.0,
            -1.0,
            1.0,
            1.0,
            1.0,
            -1.0,
            1.0,
            -1.0,
            1.0,
            1.0
        ],
        "obj_val": -42.56021181483817
    }
}