{
    "J": [
        [
            5,
            7
        ],
        [
            3,
            9
        ],
        [
            4,
            8
        ],
        [
            3,
            6
        ],
        [
            8
        ],
        [
            0
        ],
        [
            6
        ],
        [
            2,
            10
        ],
        [
            4,
            5
        ],
        [
            0,
            4
        ],
        [
            1,
            6
        ],
        [
            3,
            4
        ],
        [
            1,
            7
        ],
        [
            6,
            7
        ],
        [
            0,
            5
        ],
        [
            3,
            10
        ],
        [
            7,
            9
        ],
        [
            10
        ],
        [
            2,
            5
        ],
        [
            0,
            7
        ],
        [
            2,
            9
        ],
        [
            3,
            11
        ],
        [
            6,
            9
        ]
    ],
    "c": [
        -3.1465363911796596,
        -1.9988521727864796,
        2.8604103584994176,
        1.40170319428824,
        -0.1905391605648461,
        -2.0497471039666326,
        -1.509147421909276,
        3.1424816917432246,
        -1.5164958948603156,
        0.599997977777603,
        -1.566102204987454,
        4.687976334351379,
        -4.550304739847778,
        2.131683405286884,
        -3.4258763547945925,
        -0.6450784617210159,
        -3.932733463437045,
        3.8020164823433173,
        -2.2587055909515774,
        -3.8436514561161648,
        -3.641033018828449,
        -4.356406340405533,
        4.954139726736095
    ],
    "label": {
        "x": [
            1.0,
            1.0,
            1.0,
            1.0,
            0.0,
            1.0,
            0.0,
            1.0,
            1.0,
            1.0,
            0.0,
            1.0
        ],
        "z": [
            1.0,
            1.0,
            1.0,
            1.0,
            -1.0,
            1.0,
            -1.0,
            1.0,
            1.0,
            1.0,
            -1.0,
            1.0
        ],
        "obj_val": -51.737970980426844
    }
}