{
    "J": [
        [
            2,
            10
        ],
        [
            3,
            10
        ],
        [
            0,
            3
        ],
        [
            1,
            2
        ],
        [
            4,
            9
        ],
        [
            8,
            9
        ],
        [
            0,
            1
        ],
        [
            3,
            4
        ],
        [
            9,
            11
        ],
        [
            1,
            10
        ],
        [
            2,
            8
        ],
        [
            1,
            5
        ],
        [
            3,
            9
        ],
        [
            6,
            7
        ],
        [
            8,
            10
        ],
        [
            2,
            9
        ],
        [
            3,
            7
        ],
        [
            7
        ],
        [
            3,
            6
        ],
        [
            4,
            5
        ],
        [
            3,
            5
        ],
        [
            0,
            6
        ],
        [
            4,
            11
        ]
    ],
    "c": [
        1.954262753362518,
        1.8813454802987373,
        2.1251476767609647,
        3.5705609217426435,
        -3.9688834226278615,
        2.8011169615305045,
        -4.28115477611533,
        -2.135932122544837,
        -2.927214301204385,
        -3.4030700794523727,
        3.9316026188599746,
        0.601803390308068,
        -1.607207798766642,
        -2.7985898198637704,
        -4.898552759559155,
        -0.08773326255500447,
        1.6510601519588022,
        0.17929805443617397,
        1.0573839280406023,
        0.2263896624002868,
        -1.6130753502672945,
        -4.678899696802622,
        1.5681144262827296
    ],
    "label": {
        "x": [
            0.0,
            0.0,
            1.0,
            1.0,
            1.0,
            1.0,
            0.0,
            0.0,
            0.0,
            1.0,
            0.0,
            1.0
        ],
        "z": [
            -1.0,
            -1.0,
            1.0,
            1.0,
            1.0,
            1.0,
            -1.0,
            -1.0,
            -1.0,
            1.0,
            -1.0,
            1.0
        ],
        "obj_val": -50.359391238375245
    }
}