{
    "J": [
        [
            7,
            11
        ],
        [
            0,
            8
        ],
        [
            5,
            11
        ],
        [
            2,
            4
        ],
        [
            9,
            11
        ],
        [
            6,
            9
        ],
        [
            0,
            4
        ],
        [
            5
        ],
        [
            7,
            10
        ],
        [
            5,
            10
        ],
        [
            11
        ],
        [
            2,
            7
        ],
        [
            5,
            7
        ],
        [
            5,
            8
        ],
        [
            0,
            1
        ],
        [
            1,
            8
        ],
        [
            9
        ],
        [
            3
        ],
        [
            7,
            9
        ],
        [
            4,
            8
        ],
        [
            2,
            3
        ],
        [
            3,
            11
        ],
        [
            3,
            9
        ],
        [
            8
        ],
        [
            0,
            11
        ],
        [
            6,
            7
        ],
        [
            2
        ],
        [
            0,
            2
        ],
        [
            8,
            11
        ],
        [
            8,
            9
        ],
        [
            2,
            8
        ],
        [
            0,
            7
        ],
        [
            10
        ],
        [
            2,
            5
        ],
        [
            2,
            11
        ],
        [
            3,
            8
        ],
        [
            7,
            8
        ],
        [
            0,
            3
        ],
        [
            4,
            7
        ],
        [
            6,
            8
        ],
        [
            4,
            11
        ],
        [
            0,
            9
        ],
        [
            4,
            10
        ],
        [
            3,
            6
        ],
        [
            1,
            11
        ],
        [
            3,
            10
        ]
    ],
    "c": [
        0.4295679198237732,
        -3.8669567629549872,
        -0.8430195304268313,
        -0.16183634606164965,
        -3.6800645664910627,
        -4.4463474271199885,
        3.749060193864352,
        -4.208597112708894,
        -4.393761761041667,
        0.9955635443434154,
        -4.609474504579482,
        4.6022877501686885,
        1.343889266283104,
        -3.9385113516098302,
        2.357110894248229,
        -1.6868475875422329,
        2.8670295655477602,
        3.2413469549407026,
        -0.23183171163948124,
        3.1817222165534176,
        0.7329573503936402,
        -3.319243131913555,
        -4.367606389910871,
        -1.9017963628486423,
        -4.521578213093851,
        -4.266191091602352,
        -1.7648204037382786,
        2.883489500533952,
        -4.1105023188865655,
        0.46771545165220196,
        0.472389114585809,
        0.8792542281715443,
        4.101685953428799,
        -2.1998844620485967,
        2.0126824796829244,
        0.19316337305496667,
        0.07341785651823152,
        -4.1882561713439905,
        4.039477210970251,
        -4.7896237324772715,
        1.6496630306189335,
        -4.18220179227374,
        2.0020692892304375,
        -1.4826437230457836,
        0.045932491563554834,
        -1.3489993973439751
    ],
    "label": {
        "x": [
            0.0,
            1.0,
            1.0,
            0.0,
            1.0,
            1.0,
            0.0,
            0.0,
            0.0,
            0.0,
            0.0,
            0.0
        ],
        "z": [
            -1.0,
            1.0,
            1.0,
            -1.0,
            1.0,
            1.0,
            -1.0,
            -1.0,
            -1.0,
            -1.0,
            -1.0,
            -1.0
        ],
        "obj_val": -86.7865351564268
    }
}