{
    "J": [
        [
            0,
            8
        ],
        [
            2,
            9
        ],
        [
            3,
            11
        ],
        [
            0,
            2
        ],
        [
            9,
            10
        ],
        [
            1
        ],
        [
            9,
            11
        ],
        [
            5,
            6
        ],
        [
            7,
            9
        ],
        [
            1,
            10
        ],
        [
            6,
            7
        ],
        [
            1,
            3
        ],
        [
            3,
            4
        ],
        [
            6,
            9
        ],
        [
            1,
            5
        ],
        [
            3
        ],
        [
            4,
            7
        ],
        [
            8,
            11
        ],
        [
            8
        ],
        [
            7,
            8
        ],
        [
            5,
            10
        ],
        [
            1,
            2
        ],
        [
            1,
            9
        ],
        [
            3,
            9
        ],
        [
            0,
            5
        ],
        [
            0,
            4
        ],
        [
            2,
            11
        ],
        [
            3,
            5
        ],
        [
            6,
            11
        ],
        [
            0,
            6
        ],
        [
            4,
            8
        ],
        [
            4,
            9
        ],
        [
            3,
            10
        ],
        [
            3,
            7
        ],
        [
            1,
            4
        ],
        [
            0,
            11
        ],
        [
            5,
            8
        ],
        [
            11
        ],
        [
            0,
            7
        ],
        [
            5
        ],
        [
            2,
            10
        ],
        [
            10,
            11
        ],
        [
            6,
            10
        ],
        [
            2,
            4
        ],
        [
            2,
            8
        ],
        [
            7,
            11
        ]
    ],
    "c": [
        -4.081319934016393,
        -0.18809289420904118,
        -4.708919401686016,
        4.577479222629064,
        -1.702514991136792,
        2.2952054137164613,
        1.3934515784904455,
        -0.5846900569036952,
        -4.794203309821477,
        -0.9698770892133304,
        -0.0646185056867683,
        -4.060063255705369,
        -4.688057035786599,
        -2.621667813594195,
        -3.0694961428239997,
        -2.344338153009242,
        4.31328088871169,
        -1.467537645036142,
        -3.4758149557384654,
        -2.6679620553909125,
        4.281585956356631,
        0.026955272278822662,
        4.384782219930518,
        -4.231690199592699,
        0.4657227231478611,
        -0.9776537587000922,
        -4.650200987215278,
        -4.837283879249713,
        4.55198220463871,
        -2.5257117556570874,
        4.313353973556717,
        -3.034531211744913,
        -3.584458360401176,
        -1.0971415761845371,
        3.9644153811790837,
        -3.1091112233910856,
        1.7860068757196625,
        -1.401701104628077,
        -4.70467483858496,
        -0.28213362645497764,
        1.499134859032763,
        -1.9275163574776686,
        3.517739958104407,
        -0.8728233759058055,
        3.2178532041297903,
        -4.835482710688641
    ],
    "label": {
        "x": [
            1.0,
            0.0,
            0.0,
            1.0,
            1.0,
            0.0,
            0.0,
            1.0,
            1.0,
            1.0,
            1.0,
            1.0
        ],
        "z": [
            1.0,
            -1.0,
            -1.0,
            1.0,
            1.0,
            -1.0,
            -1.0,
            1.0,
            1.0,
            1.0,
            1.0,
            1.0
        ],
        "obj_val": -65.9112081453993
    }
}