{
    "J": [
        [
            5,
            6
        ],
        [
            3,
            6
        ],
        [
            1,
            8
        ],
        [
            5,
            10
        ],
        [
            4,
            5
        ],
        [
            3,
            5
        ],
        [
            11
        ],
        [
            5,
            7
        ],
        [
            6
        ],
        [
            8,
            11
        ],
        [
            8,
            10
        ],
        [
            1,
            10
        ],
        [
            6,
            7
        ],
        [
            1,
            5
        ],
        [
            1,
            6
        ],
        [
            3
        ],
        [
            0,
            4
        ],
        [
            8,
            9
        ],
        [
            0
        ],
        [
            2,
            9
        ],
        [
            9,
            10
        ],
        [
            6,
            8
        ],
        [
            7
        ],
        [
            7,
            8
        ],
        [
            1,
            7
        ],
        [
            2
        ],
        [
            2,
            3
        ],
        [
            2,
            10
        ],
        [
            5,
            9
        ],
        [
            1,
            3
        ],
        [
            9
        ],
        [
            9,
            11
        ],
        [
            4,
            9
        ],
        [
            4,
            8
        ],
        [
            5,
            8
        ],
        [
            1
        ],
        [
            1,
            4
        ],
        [
            5,
            11
        ],
        [
            0,
            10
        ],
        [
            2,
            6
        ],
        [
            6,
            9
        ],
        [
            7,
            11
        ],
        [
            5
        ],
        [
            6,
            10
        ],
        [
            4,
            6
        ],
        [
            2,
            7
        ]
    ],
    "c": [
        -4.38053156596839,
        -4.670523724743613,
        -0.8522618162272515,
        4.587268341935484,
        -4.255286175287452,
        -1.7988847840744904,
        4.091428419364064,
        -2.6957177741422655,
        4.708171027534014,
        1.4010816178790186,
        -3.6918475495167744,
        -3.0260556890242416,
        -4.994179285800698,
        -1.0012928915248578,
        -4.4637654054388864,
        1.3554316637594077,
        -4.014594153919672,
        3.288265450304742,
        1.0738616625822592,
        -1.4258864912022617,
        2.34777458433914,
        0.13516081741773256,
        4.727107404977142,
        -1.3708100548570878,
        -3.6381763094583097,
        1.1046296210729922,
        3.8000797391184644,
        -1.762836259735864,
        2.32674333152967,
        -1.8043137379945948,
        -2.634811709103219,
        -1.508722662181036,
        4.996395641617331,
        -0.4843612383933653,
        -1.1189300758080032,
        2.8236615373127583,
        3.067756885587265,
        -3.398895864094359,
        -1.0670175635693568,
        1.9736881399772255,
        1.6377855718137413,
        -4.759697319817561,
        4.378557885244399,
        -0.4131518610974796,
        -4.95579310137291,
        -2.647394541324568
    ],
    "label": {
        "x": [
            0.0,
            0.0,
            1.0,
            0.0,
            0.0,
            0.0,
            0.0,
            0.0,
            0.0,
            1.0,
            0.0,
            0.0
        ],
        "z": [
            -1.0,
            -1.0,
            1.0,
            -1.0,
            -1.0,
            -1.0,
            -1.0,
            -1.0,
            -1.0,
            1.0,
            -1.0,
            -1.0
        ],
        "obj_val": -94.23088745477747
    }
}