{
    "J": [
        [
            5,
            6
        ],
        [
            8,
            10
        ],
        [
            1,
            5
        ],
        [
            5,
            10
        ],
        [
            3,
            9
        ],
        [
            2,
            11
        ],
        [
            3,
            10
        ],
        [
            1
        ],
        [
            7,
            8
        ],
        [
            5,
            11
        ],
        [
            0
        ],
        [
            0,
            3
        ],
        [
            2,
            5
        ],
        [
            3,
            8
        ],
        [
            4,
            6
        ],
        [
            9
        ],
        [
            0,
            5
        ],
        [
            3,
            11
        ],
        [
            6
        ],
        [
            0,
            2
        ],
        [
            6,
            10
        ],
        [
            2,
            3
        ],
        [
            0,
            9
        ]
    ],
    "c": [
        -4.81248979308201,
        1.211886915499166,
        -2.0043442160212246,
        -1.7915397244279188,
        1.729419058574618,
        -3.0138438697420478,
        0.41170010452853756,
        4.057398396989861,
        -4.526852166939266,
        0.5684347648053345,
        -2.597985720484969,
        3.5448562060011675,
        2.1649996976567687,
        -2.2234035910578043,
        2.0041557108899664,
        -4.670454799197396,
        2.6594812476904304,
        -2.3587849257822424,
        3.63258843476466,
        4.611861957694877,
        3.790582040078739,
        2.090635597477065,
        2.3139818340849896
    ],
    "label": {
        "x": [
            1.0,
            0.0,
            0.0,
            0.0,
            1.0,
            0.0,
            0.0,
            0.0,
            0.0,
            1.0,
            1.0,
            0.0
        ],
        "z": [
            1.0,
            -1.0,
            -1.0,
            -1.0,
            1.0,
            -1.0,
            -1.0,
            -1.0,
            -1.0,
            1.0,
            1.0,
            -1.0
        ],
        "obj_val": -44.932497536566906
    }
}