{
    "J": [
        [
            2,
            6
        ],
        [
            3,
            7
        ],
        [
            1,
            11
        ],
        [
            0,
            10
        ],
        [
            2,
            5
        ],
        [
            3,
            11
        ],
        [
            5,
            11
        ],
        [
            4,
            9
        ],
        [
            10,
            11
        ],
        [
            4,
            5
        ],
        [
            6,
            9
        ],
        [
            0,
            9
        ],
        [
            0,
            1
        ],
        [
            3,
            10
        ],
        [
            1,
            3
        ],
        [
            5
        ],
        [
            1,
            10
        ],
        [
            2,
            4
        ],
        [
            5,
            8
        ],
        [
            1,
            4
        ],
        [
            0,
            11
        ],
        [
            2,
            3
        ],
        [
            6
        ],
        [
            0,
            4
        ],
        [
            4,
            6
        ],
        [
            4,
            11
        ],
        [
            1,
            9
        ],
        [
            3,
            9
        ],
        [
            7,
            11
        ],
        [
            9,
            11
        ],
        [
            5,
            7
        ],
        [
            7,
            10
        ],
        [
            9,
            10
        ],
        [
            4,
            10
        ],
        [
            5,
            10
        ],
        [
            6,
            11
        ],
        [
            4,
            8
        ],
        [
            1
        ],
        [
            2,
            9
        ],
        [
            1,
            8
        ],
        [
            3,
            5
        ],
        [
            0,
            5
        ],
        [
            2,
            10
        ],
        [
            3,
            4
        ],
        [
            1,
            7
        ],
        [
            1,
            5
        ]
    ],
    "c": [
        -3.3758081106453544,
        -4.319522546899019,
        -1.5793183875049452,
        -0.3490921491316348,
        3.7873409359388504,
        -1.949618081870569,
        -4.182530383551997,
        3.2186091054495307,
        2.6624451865519605,
        0.7373497583781514,
        2.867685476617117,
        1.8642724936116224,
        -2.4511355299362014,
        -3.7978790180699793,
        -4.41278113258523,
        1.3109291906595244,
        -2.4660714837630304,
        -1.5989657297880977,
        -2.0875955975189866,
        3.654223404022046,
        1.1115640771177207,
        3.464784898050098,
        -0.2485648688415285,
        -1.227844979136016,
        2.9744242489841337,
        4.070310529702597,
        2.4366790329933385,
        1.4488795923515285,
        -4.273182490564763,
        -4.497195555978186,
        -3.5148264120155046,
        3.730606103766169,
        -0.29447806522392916,
        -2.8521524003764185,
        -3.228312639105776,
        4.253520318889528,
        0.17548522051838766,
        3.223330886806954,
        1.4977743669837356,
        -2.2801183457360716,
        -4.815967032178308,
        -4.950552646896008,
        2.023521683711654,
        3.996604716985402,
        3.8606036327305837,
        -3.5230330220044106
    ],
    "label": {
        "x": [
            0.0,
            0.0,
            1.0,
            0.0,
            1.0,
            0.0,
            1.0,
            0.0,
            0.0,
            0.0,
            0.0,
            0.0
        ],
        "z": [
            -1.0,
            -1.0,
            1.0,
            -1.0,
            1.0,
            -1.0,
            1.0,
            -1.0,
            -1.0,
            -1.0,
            -1.0,
            -1.0
        ],
        "obj_val": -78.30854797490363
    }
}