{
    "J": [
        [
            7,
            11
        ],
        [
            10
        ],
        [
            5,
            10
        ],
        [
            0,
            11
        ],
        [
            6,
            11
        ],
        [
            0
        ],
        [
            3,
            9
        ],
        [
            3,
            10
        ],
        [
            1,
            8
        ],
        [
            8
        ],
        [
            7,
            10
        ],
        [
            4,
            6
        ],
        [
            0,
            1
        ],
        [
            5
        ],
        [
            0,
            4
        ],
        [
            3,
            11
        ],
        [
            0,
            2
        ],
        [
            1,
            3
        ],
        [
            6
        ],
        [
            1,
            5
        ],
        [
            3
        ],
        [
            2,
            9
        ],
        [
            1
        ],
        [
            2,
            5
        ],
        [
            1,
            11
        ],
        [
            4
        ],
        [
            5,
            11
        ],
        [
            6,
            9
        ],
        [
            6,
            10
        ],
        [
            4,
            5
        ],
        [
            4,
            10
        ],
        [
            3,
            7
        ],
        [
            0,
            3
        ],
        [
            2,
            10
        ],
        [
            1,
            4
        ],
        [
            7,
            9
        ],
        [
            8,
            11
        ],
        [
            2,
            3
        ],
        [
            10,
            11
        ],
        [
            2,
            8
        ],
        [
            7
        ],
        [
            2,
            4
        ],
        [
            8,
            10
        ],
        [
            9,
            10
        ],
        [
            2,
            7
        ],
        [
            6,
            7
        ]
    ],
    "c": [
        1.0580784851600376,
        -3.839349837269155,
        -3.6388703768906017,
        4.689633575674902,
        -4.1340485224082055,
        0.8627959683997624,
        2.6511690972570614,
        -0.5720576038469787,
        4.399007527332682,
        -3.2393605394373717,
        2.294953489610018,
        0.2740465437366506,
        0.31593850248330035,
        2.9705418241380466,
        -1.0086201362041134,
        -4.276181924565209,
        2.483559739790321,
        -0.684004079193361,
        3.9397212555543213,
        -4.715460631406948,
        -1.6873639184703517,
        1.1164017647378008,
        -2.553286750296925,
        -2.7312557739047048,
        0.3119619637476543,
        -1.879417139223011,
        3.540697044129855,
        4.997260520695329,
        -2.057233798426321,
        -4.244959685373585,
        -3.5321648667312,
        3.2848376986147994,
        0.4562697764139765,
        0.6397688864571514,
        3.9591512939630125,
        -4.996624413800057,
        4.063907096533786,
        4.728682683699635,
        0.4785587498137165,
        0.891086871855177,
        0.5411136575951936,
        -3.462220467454844,
        4.17194458720639,
        3.25632932360082,
        0.14076018678765756,
        -1.9304428556548525
    ],
    "label": {
        "x": [
            0.0,
            1.0,
            1.0,
            1.0,
            1.0,
            1.0,
            1.0,
            0.0,
            0.0,
            0.0,
            1.0,
            1.0
        ],
        "z": [
            -1.0,
            1.0,
            1.0,
            1.0,
            1.0,
            1.0,
            1.0,
            -1.0,
            -1.0,
            -1.0,
            1.0,
            1.0
        ],
        "obj_val": -63.657993882474095
    }
}