{
    "J": [
        [
            0
        ],
        [
            0,
            6
        ],
        [
            10,
            11
        ],
        [
            2,
            6
        ],
        [
            9,
            10
        ],
        [
            4,
            5
        ],
        [
            1,
            8
        ],
        [
            0,
            8
        ],
        [
            6,
            9
        ],
        [
            1,
            10
        ],
        [
            0,
            11
        ],
        [
            9
        ],
        [
            3,
            7
        ],
        [
            1,
            9
        ],
        [
            2,
            4
        ],
        [
            4,
            8
        ],
        [
            3,
            4
        ],
        [
            8,
            10
        ],
        [
            3,
            9
        ],
        [
            3
        ],
        [
            7
        ],
        [
            6,
            10
        ],
        [
            5,
            8
        ],
        [
            1,
            4
        ],
        [
            9,
            11
        ],
        [
            4
        ],
        [
            7,
            8
        ],
        [
            8,
            11
        ],
        [
            2,
            5
        ],
        [
            6,
            8
        ],
        [
            0,
            3
        ],
        [
            4,
            11
        ],
        [
            1,
            2
        ],
        [
            10
        ],
        [
            5,
            6
        ],
        [
            1,
            7
        ],
        [
            8
        ],
        [
            1
        ],
        [
            1,
            3
        ],
        [
            0,
            2
        ],
        [
            0,
            7
        ],
        [
            1,
            6
        ],
        [
            7,
            9
        ],
        [
            0,
            1
        ],
        [
            2,
            10
        ],
        [
            0,
            10
        ]
    ],
    "c": [
        2.9854718083851273,
        4.805192202724122,
        3.8364624324458187,
        -3.3284561877747953,
        -1.7794263076204029,
        1.7998451991838627,
        -1.8880377356294167,
        2.9132806962842466,
        -2.2264030543340905,
        2.1993824410743628,
        -4.138859789583728,
        4.118134336830607,
        0.39501310828550906,
        -0.2086083404635044,
        -2.0219647995641354,
        -3.4867464133237434,
        3.1777615002485327,
        -2.3251358686868007,
        0.646144068735655,
        4.218307586533053,
        1.5353422129931573,
        1.9806758945662697,
        -0.4199314236744369,
        2.930445611803256,
        -1.063737913089382,
        1.5126266497412306,
        -1.9322887073005424,
        -0.5424989209845634,
        0.6804272611579201,
        1.3523321736762952,
        3.3776993082638285,
        -3.8404201329981302,
        -2.5362814458725893,
        -0.6063204419854245,
        2.808923285555447,
        -0.03631968738093594,
        -4.695988080761351,
        2.508106850109588,
        0.22191888125227877,
        1.8771294170049355,
        -1.5316291612045996,
        -3.8169618965380394,
        2.94326273998795,
        -4.69029367189703,
        -2.463392156349032,
        -3.3452626120286832
    ],
    "label": {
        "x": [
            1.0,
            0.0,
            0.0,
            0.0,
            1.0,
            1.0,
            0.0,
            1.0,
            1.0,
            0.0,
            1.0,
            1.0
        ],
        "z": [
            1.0,
            -1.0,
            -1.0,
            -1.0,
            1.0,
            1.0,
            -1.0,
            1.0,
            1.0,
            -1.0,
            1.0,
            1.0
        ],
        "obj_val": -48.96032197478498
    }
}