{
    "J": [
        [
            8,
            10
        ],
        [
            0,
            11
        ],
        [
            2,
            11
        ],
        [
            6,
            11
        ],
        [
            5,
            6
        ],
        [
            7,
            8
        ],
        [
            5,
            7
        ],
        [
            4,
            6
        ],
        [
            9
        ],
        [
            4,
            10
        ],
        [
            3
        ],
        [
            3,
            4
        ],
        [
            1,
            10
        ],
        [
            3,
            6
        ],
        [
            1,
            8
        ],
        [
            2,
            4
        ],
        [
            2,
            3
        ],
        [
            2,
            8
        ],
        [
            0,
            8
        ],
        [
            10
        ],
        [
            4,
            9
        ],
        [
            0,
            6
        ],
        [
            0,
            10
        ]
    ],
    "c": [
        -2.057233798426321,
        -4.244959685373585,
        -3.5321648667312,
        3.2848376986147994,
        0.4562697764139765,
        0.6397688864571514,
        3.9591512939630125,
        -4.996624413800057,
        4.063907096533786,
        4.728682683699635,
        0.4785587498137165,
        0.891086871855177,
        0.5411136575951936,
        -3.462220467454844,
        4.17194458720639,
        3.25632932360082,
        0.14076018678765756,
        -1.9304428556548525,
        -4.754975474980591,
        3.981177328054141,
        -0.9223611140713555,
        -4.668510242872484,
        -2.930227577331358
    ],
    "label": {
        "x": [
            0.0,
            1.0,
            0.0,
            1.0,
            1.0,
            0.0,
            1.0,
            1.0,
            0.0,
            0.0,
            0.0,
            0.0
        ],
        "z": [
            -1.0,
            1.0,
            -1.0,
            1.0,
            1.0,
            -1.0,
            1.0,
            1.0,
            -1.0,
            -1.0,
            -1.0,
            -1.0
        ],
        "obj_val": -50.172274680066636
    }
}