{
    "J": [
        [
            9
        ],
        [
            8,
            11
        ],
        [
            0,
            4
        ],
        [
            3,
            4
        ],
        [
            0,
            8
        ],
        [
            6,
            8
        ],
        [
            4
        ],
        [
            0,
            3
        ],
        [
            7,
            9
        ],
        [
            0,
            6
        ],
        [
            4,
            11
        ],
        [
            3,
            5
        ],
        [
            2,
            8
        ],
        [
            3,
            7
        ],
        [
            1,
            4
        ],
        [
            4,
            7
        ],
        [
            2,
            6
        ],
        [
            3,
            6
        ],
        [
            0,
            2
        ],
        [
            2,
            9
        ],
        [
            8
        ],
        [
            2,
            10
        ],
        [
            4,
            6
        ],
        [
            6,
            7
        ],
        [
            3,
            11
        ],
        [
            5,
            9
        ],
        [
            1,
            9
        ],
        [
            7,
            10
        ],
        [
            3,
            8
        ],
        [
            10,
            11
        ],
        [
            0,
            5
        ],
        [
            2,
            7
        ],
        [
            6
        ],
        [
            0,
            7
        ],
        [
            4,
            5
        ],
        [
            0
        ],
        [
            0,
            11
        ],
        [
            1,
            2
        ],
        [
            3,
            10
        ],
        [
            5,
            10
        ],
        [
            8,
            9
        ],
        [
            8,
            10
        ],
        [
            7,
            8
        ],
        [
            4,
            8
        ],
        [
            9,
            11
        ],
        [
            4,
            9
        ]
    ],
    "c": [
        -4.234351561682833,
        2.27039763714685,
        -2.2764770852388496,
        -0.933560524737179,
        -3.3614815162634804,
        2.024835725358032,
        0.8175606079154294,
        4.743334167973284,
        1.9833044554344141,
        3.4155013409421215,
        2.5502675710221743,
        -0.27030718268208354,
        -4.4051038776613884,
        0.10863042118737987,
        -0.1585635067334623,
        2.277265391899098,
        2.019340064367875,
        3.5138941016961347,
        0.025827349517289377,
        -3.868239823163351,
        -0.6541899116326979,
        -0.26096574930299,
        1.0800209332225394,
        -0.8586433907312419,
        1.6359703440204099,
        3.369239716070629,
        4.751271922968575,
        3.0567556050836906,
        1.083810524215263,
        -1.8642524466417818,
        0.6437896187447842,
        -2.632176354888797,
        1.4407458032303024,
        -0.8381048599611196,
        -3.2114846552681007,
        3.2980713162648794,
        -2.5488442729289273,
        1.4185548768435021,
        2.0201148220038636,
        0.8264057410338035,
        3.0549748260763643,
        -2.0469913546019827,
        -2.831796543279108,
        0.6782483318320631,
        0.6665194945473747,
        2.0274997266830885
    ],
    "label": {
        "x": [
            1.0,
            0.0,
            1.0,
            0.0,
            0.0,
            0.0,
            0.0,
            1.0,
            1.0,
            1.0,
            1.0,
            1.0
        ],
        "z": [
            1.0,
            -1.0,
            1.0,
            -1.0,
            -1.0,
            -1.0,
            -1.0,
            1.0,
            1.0,
            1.0,
            1.0,
            1.0
        ],
        "obj_val": -49.88791466478132
    }
}