{
    "J": [
        [
            8,
            10
        ],
        [
            2,
            9
        ],
        [
            2,
            11
        ],
        [
            0,
            3
        ],
        [
            1,
            10
        ],
        [
            2,
            6
        ],
        [
            2,
            8
        ],
        [
            3,
            5
        ],
        [
            3,
            7
        ],
        [
            6,
            10
        ],
        [
            0,
            8
        ],
        [
            5,
            6
        ],
        [
            3,
            6
        ],
        [
            5,
            8
        ],
        [
            1,
            6
        ],
        [
            1,
            3
        ],
        [
            4,
            10
        ],
        [
            10,
            11
        ],
        [
            11
        ],
        [
            4,
            9
        ],
        [
            4,
            5
        ],
        [
            7
        ],
        [
            3,
            9
        ],
        [
            8,
            11
        ],
        [
            0,
            2
        ],
        [
            6,
            7
        ],
        [
            0,
            7
        ],
        [
            9,
            11
        ],
        [
            6
        ],
        [
            4
        ],
        [
            0,
            6
        ],
        [
            1,
            8
        ],
        [
            2
        ],
        [
            3,
            11
        ],
        [
            5,
            11
        ],
        [
            0,
            1
        ],
        [
            1,
            9
        ],
        [
            3,
            10
        ],
        [
            7,
            8
        ],
        [
            0,
            11
        ],
        [
            2,
            10
        ],
        [
            7,
            9
        ],
        [
            2,
            7
        ],
        [
            0,
            9
        ],
        [
            7,
            11
        ],
        [
            9
        ]
    ],
    "c": [
        1.8438162209409175,
        3.8172168657397894,
        -0.40691106579951253,
        -1.5284000997850669,
        -2.913845560865834,
        2.563838501167152,
        -3.930570098350943,
        -0.8204530339575697,
        1.2625365750793485,
        2.4403606129819844,
        3.374435631911812,
        -2.07888106710306,
        4.496328279115071,
        2.7896488824341876,
        0.01847651085773272,
        2.2265687600412045,
        0.5475810922781346,
        -0.005421288473710817,
        2.592341706528268,
        4.2604695938410035,
        1.6105585215685458,
        0.43613061528765673,
        2.0591647770012287,
        -4.146557400842317,
        -4.851781614495646,
        -3.410241944256108,
        -3.8426173000500583,
        1.9376380146242402,
        0.04847219894843935,
        -3.9172447160783053,
        -4.554765716868947,
        -1.5481344767877028,
        1.5785954863491014,
        2.095698314384867,
        -0.12483444919923681,
        3.1339369924870937,
        0.3408190745458217,
        -0.16067009760298046,
        -1.079091573475063,
        0.12007615028577856,
        -1.9448340107196316,
        2.819328727109685,
        1.798015857151385,
        -2.7947458256194957,
        2.869425925475653,
        4.0664195002231445
    ],
    "label": {
        "x": [
            0.0,
            1.0,
            1.0,
            1.0,
            1.0,
            0.0,
            0.0,
            0.0,
            1.0,
            0.0,
            1.0,
            1.0
        ],
        "z": [
            -1.0,
            1.0,
            1.0,
            1.0,
            1.0,
            -1.0,
            -1.0,
            -1.0,
            1.0,
            -1.0,
            1.0,
            1.0
        ],
        "obj_val": -56.99091857160091
    }
}