{
    "J": [
        [
            1,
            2
        ],
        [
            4,
            8
        ],
        [
            8,
            9
        ],
        [
            1,
            11
        ],
        [
            1,
            6
        ],
        [
            0,
            7
        ],
        [
            11
        ],
        [
            1,
            7
        ],
        [
            6,
            8
        ],
        [
            4
        ],
        [
            8
        ],
        [
            6,
            7
        ],
        [
            4,
            7
        ],
        [
            1,
            3
        ],
        [
            5
        ],
        [
            7,
            8
        ],
        [
            0
        ],
        [
            0,
            3
        ],
        [
            5,
            7
        ],
        [
            7,
            9
        ],
        [
            8,
            11
        ],
        [
            9,
            10
        ],
        [
            6,
            9
        ],
        [
            7,
            11
        ],
        [
            3,
            4
        ],
        [
            6
        ],
        [
            0,
            1
        ],
        [
            6,
            11
        ],
        [
            9
        ],
        [
            5,
            6
        ],
        [
            2,
            3
        ],
        [
            4,
            5
        ],
        [
            0,
            8
        ],
        [
            0,
            2
        ],
        [
            1,
            10
        ],
        [
            4,
            11
        ],
        [
            1
        ],
        [
            3,
            9
        ],
        [
            4,
            9
        ],
        [
            3,
            6
        ],
        [
            2,
            5
        ],
        [
            1,
            5
        ],
        [
            0,
            9
        ],
        [
            2,
            11
        ],
        [
            3,
            7
        ],
        [
            8,
            10
        ]
    ],
    "c": [
        -4.182247612386299,
        -3.0367290287790736,
        1.9059736879094729,
        -0.135265528634001,
        -1.9803316983252097,
        -0.6054396901443884,
        -2.531024927749433,
        2.344481409216824,
        -1.2262322135433168,
        1.3516143482276624,
        -1.415302660403166,
        0.08877345828158933,
        -4.312449076159194,
        0.7095263271796002,
        -2.885406006176716,
        2.386728817224265,
        3.7357693145850632,
        -3.8361067367292034,
        -2.0517192313035713,
        -2.263038680956856,
        3.208200090275069,
        2.825384006453641,
        -2.7858039093099682,
        -2.010713811529751,
        -2.007042381719082,
        -0.022722917184020197,
        2.3648016105157224,
        -4.128749540519358,
        -3.65671615229569,
        0.6539445408612821,
        1.0860533406073545,
        3.8606758917255686,
        -3.1106052341455657,
        2.6562899064957115,
        -0.05383312467864343,
        1.2438462519024096,
        -2.371107666365381,
        0.8536169014257418,
        1.5056617913512094,
        1.0152872650789213,
        0.07289345178354445,
        -2.9758544441818344,
        2.3760193652588466,
        -0.20398729853485165,
        -1.273187024441238,
        -0.7395047220155444
    ],
    "label": {
        "x": [
            0.0,
            1.0,
            1.0,
            0.0,
            0.0,
            1.0,
            1.0,
            1.0,
            0.0,
            1.0,
            0.0,
            1.0
        ],
        "z": [
            -1.0,
            1.0,
            1.0,
            -1.0,
            -1.0,
            1.0,
            1.0,
            1.0,
            -1.0,
            1.0,
            -1.0,
            1.0
        ],
        "obj_val": -67.9535897955445
    }
}