{
    "J": [
        [
            0,
            3
        ],
        [
            2,
            3
        ],
        [
            5,
            11
        ],
        [
            1,
            6
        ],
        [
            3
        ],
        [
            2,
            9
        ],
        [
            2,
            5
        ],
        [
            8
        ],
        [
            3,
            4
        ],
        [
            4,
            8
        ],
        [
            8,
            10
        ],
        [
            2,
            7
        ],
        [
            3,
            5
        ],
        [
            11
        ],
        [
            1,
            4
        ],
        [
            3,
            10
        ],
        [
            1,
            3
        ],
        [
            2,
            4
        ],
        [
            7,
            11
        ],
        [
            0,
            9
        ],
        [
            7,
            10
        ],
        [
            9
        ],
        [
            1,
            7
        ]
    ],
    "c": [
        -4.116976680982147,
        4.47494709190469,
        -0.4981820934618497,
        -1.7084607979908508,
        -2.0292246508879943,
        -4.948048945688619,
        3.517335748484923,
        -3.276012376992986,
        -3.9258168479291546,
        -1.08816880213464,
        -2.4930520504163125,
        -3.8938487794343466,
        1.5345613467654804,
        -4.6835783578753905,
        -3.13368680900341,
        3.1418513283671388,
        3.336135663008573,
        -2.602252252890034,
        1.703405423249567,
        -2.305727069518354,
        -1.8694040076034701,
        -4.865273585229368,
        -3.8374007003640607
    ],
    "label": {
        "x": [
            0.0,
            1.0,
            1.0,
            0.0,
            1.0,
            0.0,
            1.0,
            1.0,
            1.0,
            1.0,
            1.0,
            1.0
        ],
        "z": [
            -1.0,
            1.0,
            1.0,
            -1.0,
            1.0,
            -1.0,
            1.0,
            1.0,
            1.0,
            1.0,
            1.0,
            1.0
        ],
        "obj_val": -44.989516546558555
    }
}