{
    "J": [
        [
            0,
            3
        ],
        [
            3,
            5
        ],
        [
            7,
            9
        ],
        [
            1,
            4
        ],
        [
            4,
            10
        ],
        [
            9,
            10
        ],
        [
            2,
            7
        ],
        [
            11
        ],
        [
            3,
            7
        ],
        [
            1,
            8
        ],
        [
            6,
            8
        ],
        [
            8,
            9
        ],
        [
            2,
            9
        ],
        [
            9
        ],
        [
            7
        ],
        [
            5,
            10
        ],
        [
            1,
            7
        ],
        [
            6,
            9
        ],
        [
            7,
            11
        ],
        [
            4,
            11
        ],
        [
            6
        ],
        [
            3,
            6
        ],
        [
            0,
            2
        ]
    ],
    "c": [
        -3.4316144973106444,
        0.8893288179803012,
        -0.9519925030896736,
        -3.515617045563064,
        -0.5154916420470412,
        4.595954865544517,
        -4.943062229124994,
        -0.08147852985178439,
        4.99942370738313,
        -2.111119513018785,
        2.394563232659883,
        1.6743153720215247,
        -2.221007077131889,
        -2.028483479302594,
        3.317982882331087,
        0.336500315546294,
        0.8270287863160295,
        2.735468398320556,
        0.3484244609358065,
        -1.9320478857467727,
        -2.767859128221395,
        -3.3663781907036725,
        -4.7581555231670025
    ],
    "label": {
        "x": [
            0.0,
            1.0,
            0.0,
            1.0,
            1.0,
            0.0,
            1.0,
            0.0,
            1.0,
            0.0,
            1.0,
            1.0
        ],
        "z": [
            -1.0,
            1.0,
            -1.0,
            1.0,
            1.0,
            -1.0,
            1.0,
            -1.0,
            1.0,
            -1.0,
            1.0,
            1.0
        ],
        "obj_val": -39.0339756647722
    }
}