{
    "J": [
        [
            3,
            4
        ],
        [
            5,
            8
        ],
        [
            1,
            3
        ],
        [
            0,
            2
        ],
        [
            7,
            11
        ],
        [
            6,
            7
        ],
        [
            4,
            11
        ],
        [
            9
        ],
        [
            5,
            9
        ],
        [
            5,
            6
        ],
        [
            0,
            1
        ],
        [
            4,
            6
        ],
        [
            2
        ],
        [
            2,
            5
        ],
        [
            8,
            9
        ],
        [
            1
        ],
        [
            1,
            4
        ],
        [
            1,
            7
        ],
        [
            3,
            10
        ],
        [
            7,
            10
        ],
        [
            3,
            11
        ],
        [
            1,
            11
        ],
        [
            3,
            8
        ],
        [
            5,
            10
        ],
        [
            2,
            4
        ],
        [
            3
        ],
        [
            0,
            5
        ],
        [
            6,
            9
        ],
        [
            0,
            6
        ],
        [
            8,
            10
        ],
        [
            7,
            9
        ],
        [
            11
        ],
        [
            2,
            9
        ],
        [
            2,
            6
        ],
        [
            4,
            5
        ],
        [
            10
        ],
        [
            4,
            7
        ],
        [
            0
        ],
        [
            6
        ],
        [
            2,
            3
        ],
        [
            6,
            10
        ],
        [
            2,
            7
        ],
        [
            0,
            4
        ],
        [
            2,
            10
        ],
        [
            1,
            8
        ],
        [
            4,
            10
        ]
    ],
    "c": [
        4.247112885958638,
        4.238977618743094,
        -0.2474806570351884,
        -1.6792562079385895,
        0.36493792302243566,
        0.3508675316045462,
        1.5836883124004117,
        0.4331437887407148,
        -2.8998332501905932,
        1.3706278829692327,
        -1.7144538744771687,
        2.0194236716943124,
        -2.2455505464752,
        0.24013158614175367,
        -1.5199567488257584,
        -2.910679581522515,
        -3.933528425509306,
        -1.3709962268772924,
        3.201493866227999,
        -0.2637389372954395,
        3.6102611795818866,
        1.4805200771042601,
        1.604300336042936,
        2.3696425581507707,
        3.2476556875713314,
        0.7122984516436066,
        4.977414369949187,
        -1.4610882203854247,
        1.4747165274549836,
        -2.413991737349269,
        4.574177654378092,
        1.7049883371612768,
        3.5048440532747875,
        -1.9658321098602527,
        -0.11549065638008926,
        -3.6795675966738073,
        -4.095084148193492,
        3.496365684383264,
        -0.7585752166782447,
        3.946590203374141,
        4.980666105672242,
        -2.573532365401893,
        1.1183200852260704,
        -1.6102844046947218,
        2.4460877728150434,
        -2.3950946888769464
    ],
    "label": {
        "x": [
            1.0,
            1.0,
            1.0,
            0.0,
            1.0,
            0.0,
            0.0,
            1.0,
            1.0,
            0.0,
            1.0,
            0.0
        ],
        "z": [
            1.0,
            1.0,
            1.0,
            -1.0,
            1.0,
            -1.0,
            -1.0,
            1.0,
            1.0,
            -1.0,
            1.0,
            -1.0
        ],
        "obj_val": -63.35996238927548
    }
}