{
    "J": [
        [
            2,
            3
        ],
        [
            6,
            7
        ],
        [
            1,
            9
        ],
        [
            4,
            10
        ],
        [
            2,
            7
        ],
        [
            1,
            3
        ],
        [
            0,
            9
        ],
        [
            1
        ],
        [
            1,
            11
        ],
        [
            0,
            7
        ],
        [
            1,
            6
        ],
        [
            8,
            11
        ],
        [
            7
        ],
        [
            2,
            9
        ],
        [
            5,
            7
        ],
        [
            4
        ],
        [
            5,
            10
        ],
        [
            9,
            11
        ],
        [
            1,
            10
        ],
        [
            10,
            11
        ],
        [
            6,
            8
        ],
        [
            1,
            5
        ],
        [
            2,
            11
        ],
        [
            4,
            6
        ],
        [
            2,
            6
        ],
        [
            9
        ],
        [
            0,
            2
        ],
        [
            7,
            8
        ],
        [
            3,
            9
        ],
        [
            3,
            8
        ],
        [
            7,
            9
        ],
        [
            1,
            4
        ],
        [
            8
        ],
        [
            3,
            7
        ],
        [
            5,
            6
        ],
        [
            6,
            10
        ],
        [
            5,
            11
        ],
        [
            4,
            11
        ],
        [
            3,
            5
        ],
        [
            5,
            9
        ],
        [
            2,
            4
        ],
        [
            3,
            10
        ],
        [
            3,
            6
        ],
        [
            2,
            5
        ],
        [
            6
        ],
        [
            6,
            9
        ]
    ],
    "c": [
        3.160989380171115,
        2.776276822780339,
        -4.269073495345458,
        1.1908749982886278,
        4.581213004544537,
        3.2021317319290947,
        -2.774020904473833,
        -4.092670472447832,
        -1.2859045133493319,
        4.14445942298433,
        -4.605020345200757,
        -4.917330094235881,
        2.1540147151144335,
        1.7799845038561477,
        -3.1667109957434816,
        3.086629891847261,
        3.195358711468222,
        -4.633160216597623,
        -3.2524199879018068,
        0.8548707770783519,
        -4.84866308372224,
        -1.9620555860060405,
        -2.0264121390901435,
        2.1478111381323792,
        4.410846427983223,
        -0.32288787825627363,
        1.683192174458643,
        3.49142115726519,
        4.06656827332988,
        -0.9202789646869123,
        -2.8925351639921493,
        3.6020157139237092,
        -1.5198871890172416,
        -1.4847461538747875,
        3.656384047911736,
        -1.169662508687713,
        -0.599489981387098,
        1.5589210171212429,
        2.6956779245883418,
        0.9888518233001253,
        -2.4691081265890533,
        -4.608503836709953,
        0.7749834139855203,
        -1.8296840905445744,
        0.360396938005084,
        -2.9541833078856152
    ],
    "label": {
        "x": [
            1.0,
            1.0,
            0.0,
            1.0,
            0.0,
            0.0,
            1.0,
            0.0,
            1.0,
            1.0,
            1.0,
            1.0
        ],
        "z": [
            1.0,
            1.0,
            -1.0,
            1.0,
            -1.0,
            -1.0,
            1.0,
            -1.0,
            1.0,
            1.0,
            1.0,
            1.0
        ],
        "obj_val": -76.55747671936794
    }
}