{
    "J": [
        [
            1,
            3
        ],
        [
            0,
            2
        ],
        [
            4,
            5
        ],
        [
            9
        ],
        [
            7
        ],
        [
            2,
            3
        ],
        [
            8
        ],
        [
            2,
            11
        ],
        [
            2,
            5
        ],
        [
            11
        ],
        [
            2,
            6
        ],
        [
            6,
            9
        ],
        [
            10,
            11
        ],
        [
            5,
            7
        ],
        [
            1,
            9
        ],
        [
            4,
            11
        ],
        [
            10
        ],
        [
            1,
            10
        ],
        [
            5,
            11
        ],
        [
            1
        ],
        [
            4
        ],
        [
            5,
            10
        ],
        [
            2
        ]
    ],
    "c": [
        1.4127895297591362,
        0.7207704529294725,
        -3.5102240264893005,
        4.751143846576628,
        -4.619766371377262,
        0.4501215599987072,
        -4.748254701232711,
        -2.7291597064815134,
        1.4804035991702014,
        -0.19464667438195526,
        -3.9639384792866474,
        -3.031342392390318,
        3.6321424715341006,
        -1.9273969612794417,
        -4.067730108660863,
        -3.2368142594075264,
        3.1808798485690577,
        2.041905137774476,
        -0.040368770972464496,
        3.2167757461662045,
        0.013892174105275323,
        -0.13126710221470006,
        -0.2231463090690884
    ],
    "label": {
        "x": [
            1.0,
            0.0,
            0.0,
            1.0,
            1.0,
            1.0,
            0.0,
            1.0,
            1.0,
            0.0,
            0.0,
            1.0
        ],
        "z": [
            1.0,
            -1.0,
            -1.0,
            1.0,
            1.0,
            1.0,
            -1.0,
            1.0,
            1.0,
            -1.0,
            -1.0,
            1.0
        ],
        "obj_val": -43.04613937053694
    }
}