{
    "J": [
        [
            4,
            10
        ],
        [
            1,
            2
        ],
        [
            10,
            11
        ],
        [
            2,
            9
        ],
        [
            1,
            9
        ],
        [
            6,
            7
        ],
        [
            3,
            5
        ],
        [
            5,
            8
        ],
        [
            9
        ],
        [
            3,
            7
        ],
        [
            7,
            9
        ],
        [
            5,
            9
        ],
        [
            3,
            6
        ],
        [
            0,
            10
        ],
        [
            0,
            5
        ],
        [
            0,
            11
        ],
        [
            3,
            10
        ],
        [
            2,
            7
        ],
        [
            5,
            7
        ],
        [
            4
        ],
        [
            0,
            3
        ],
        [
            2,
            11
        ],
        [
            1,
            5
        ]
    ],
    "c": [
        1.0723684138184408,
        0.6074024640398772,
        -4.287807953087337,
        2.0342299448268353,
        0.11659474076465948,
        -4.50169875365855,
        0.9687452254840503,
        -4.903650274803361,
        -4.968101415390591,
        -3.3144885220799756,
        0.8423770375846651,
        -1.2077966403353448,
        -0.5762511356146147,
        4.6784665012056355,
        -2.8524815999823385,
        -0.17833760050643477,
        0.21473195309553272,
        3.0609271191267045,
        -1.6174494457160238,
        -2.889822545548059,
        -1.3158884046281116,
        -4.9551590372073715,
        -4.877373245693761
    ],
    "label": {
        "x": [
            1.0,
            1.0,
            0.0,
            1.0,
            1.0,
            1.0,
            1.0,
            1.0,
            1.0,
            1.0,
            0.0,
            0.0
        ],
        "z": [
            1.0,
            1.0,
            -1.0,
            1.0,
            1.0,
            1.0,
            1.0,
            1.0,
            1.0,
            1.0,
            -1.0,
            -1.0
        ],
        "obj_val": -51.83004076551865
    }
}