{
    "J": [
        [
            7,
            11
        ],
        [
            2,
            9
        ],
        [
            7
        ],
        [
            10
        ],
        [
            5,
            8
        ],
        [
            0,
            7
        ],
        [
            3,
            11
        ],
        [
            1,
            11
        ],
        [
            0,
            4
        ],
        [
            9,
            10
        ],
        [
            1,
            7
        ],
        [
            7,
            10
        ],
        [
            3,
            5
        ],
        [
            2,
            3
        ],
        [
            2,
            7
        ],
        [
            0,
            1
        ],
        [
            4,
            10
        ],
        [
            8,
            9
        ],
        [
            9,
            11
        ],
        [
            1,
            10
        ],
        [
            4,
            9
        ],
        [
            3,
            6
        ],
        [
            1,
            9
        ]
    ],
    "c": [
        3.0434720499229044,
        1.5641566960098165,
        -0.1932432571775431,
        -3.4488407713422253,
        -1.3263970133000647,
        2.0309883410246474,
        -0.21298393232521118,
        -4.895088885089952,
        -0.33511289409841627,
        0.3104274325484182,
        -1.860191433520261,
        -0.08826917580003091,
        -2.694461053211091,
        -1.7968120040335869,
        2.5955570356796,
        3.2194545604122755,
        -2.4068047648677116,
        1.0641860230567524,
        1.8181247267830916,
        -3.6107683403527613,
        -2.0534870848312625,
        -0.17213635995534382,
        3.293645392931751
    ],
    "label": {
        "x": [
            0.0,
            1.0,
            1.0,
            1.0,
            1.0,
            1.0,
            1.0,
            0.0,
            1.0,
            0.0,
            1.0,
            1.0
        ],
        "z": [
            -1.0,
            1.0,
            1.0,
            1.0,
            1.0,
            1.0,
            1.0,
            -1.0,
            1.0,
            -1.0,
            1.0,
            1.0
        ],
        "obj_val": -30.912024855370394
    }
}