{
    "J": [
        [
            6,
            9
        ],
        [
            5,
            8
        ],
        [
            7
        ],
        [
            9,
            10
        ],
        [
            8,
            10
        ],
        [
            0,
            7
        ],
        [
            7,
            11
        ],
        [
            4,
            11
        ],
        [
            1
        ],
        [
            4,
            6
        ],
        [
            1,
            6
        ],
        [
            5,
            7
        ],
        [
            6,
            8
        ],
        [
            2,
            6
        ],
        [
            0,
            9
        ],
        [
            2,
            5
        ],
        [
            0,
            10
        ],
        [
            0,
            11
        ],
        [
            2,
            7
        ],
        [
            2,
            3
        ],
        [
            0,
            6
        ],
        [
            6,
            11
        ],
        [
            0,
            8
        ],
        [
            1,
            11
        ],
        [
            0
        ],
        [
            8
        ],
        [
            4,
            8
        ],
        [
            1,
            10
        ],
        [
            4,
            10
        ],
        [
            7,
            10
        ],
        [
            1,
            5
        ],
        [
            6
        ],
        [
            1,
            2
        ],
        [
            3,
            4
        ],
        [
            5,
            10
        ],
        [
            6,
            7
        ],
        [
            4,
            5
        ],
        [
            8,
            9
        ],
        [
            1,
            8
        ],
        [
            5,
            11
        ],
        [
            1,
            9
        ],
        [
            2,
            9
        ],
        [
            5,
            9
        ],
        [
            3,
            8
        ],
        [
            0,
            3
        ],
        [
            10
        ]
    ],
    "c": [
        4.660165639210435,
        1.5739364549686616,
        -4.805589204728799,
        1.3859564154767545,
        -3.3987560004470065,
        1.081757999493723,
        0.3130463845846352,
        2.8437813068215734,
        -0.4045874002351182,
        -1.1843583451626607,
        -3.8442834245075828,
        -2.0193732666315336,
        -1.5834836418820841,
        -3.9216063039925375,
        -1.668206434779992,
        -1.1547615412461654,
        -2.7793566925160986,
        1.70504849756818,
        0.0810836138511899,
        2.080246547696431,
        -2.31941291502506,
        0.5846860599727801,
        2.4642312299075257,
        2.441542885704182,
        -1.9104860699644552,
        0.00011252925264670921,
        -4.037629635495961,
        3.2758756088185734,
        -1.879949141397157,
        -2.258642236796579,
        0.386133783375044,
        3.7184867071716514,
        2.758009506641372,
        1.7007708670539836,
        0.1420039305078893,
        3.298281013144308,
        3.0532166625261183,
        -3.8443282692501213,
        1.8371617908096631,
        2.5408124103897487,
        0.6007914149424485,
        -2.596525896644435,
        -3.0374609336682292,
        2.802242600525421,
        -1.1048422961924667,
        1.877756413559755
    ],
    "label": {
        "x": [
            1.0,
            1.0,
            0.0,
            1.0,
            0.0,
            1.0,
            0.0,
            1.0,
            0.0,
            1.0,
            0.0,
            0.0
        ],
        "z": [
            1.0,
            1.0,
            -1.0,
            1.0,
            -1.0,
            1.0,
            -1.0,
            1.0,
            -1.0,
            1.0,
            -1.0,
            -1.0
        ],
        "obj_val": -50.37185484335553
    }
}