{
    "J": [
        [
            1,
            4
        ],
        [
            6,
            9
        ],
        [
            4,
            9
        ],
        [
            6,
            11
        ],
        [
            4,
            8
        ],
        [
            0,
            6
        ],
        [
            1,
            9
        ],
        [
            7,
            11
        ],
        [
            9,
            10
        ],
        [
            2,
            11
        ],
        [
            6
        ],
        [
            1,
            6
        ],
        [
            3,
            6
        ],
        [
            2,
            9
        ],
        [
            0,
            2
        ],
        [
            4,
            11
        ],
        [
            2,
            4
        ],
        [
            2,
            7
        ],
        [
            5,
            9
        ],
        [
            3,
            5
        ],
        [
            1,
            10
        ],
        [
            6,
            8
        ],
        [
            5
        ],
        [
            2,
            6
        ],
        [
            0,
            8
        ],
        [
            3,
            7
        ],
        [
            0,
            10
        ],
        [
            7,
            9
        ],
        [
            10
        ],
        [
            4,
            10
        ],
        [
            3,
            8
        ],
        [
            2,
            3
        ],
        [
            9
        ],
        [
            1
        ],
        [
            3,
            11
        ],
        [
            1,
            7
        ],
        [
            8,
            11
        ],
        [
            4,
            6
        ],
        [
            0,
            1
        ],
        [
            8
        ],
        [
            5,
            6
        ],
        [
            9,
            11
        ],
        [
            0,
            3
        ],
        [
            2,
            8
        ],
        [
            1,
            11
        ],
        [
            8,
            9
        ]
    ],
    "c": [
        2.088959468339172,
        -1.0485775798938413,
        -4.697463490533179,
        3.246869486823673,
        -3.4376971994405414,
        -4.976483503288267,
        -2.6101627927227544,
        -3.620216575309738,
        -1.9659782134702186,
        -4.247493972425885,
        -1.6593731263099332,
        -3.0461360113982794,
        0.5820528738623985,
        1.3809704623951502,
        -2.765461646987173,
        -0.9022781732849854,
        1.9510671711594494,
        -3.1251274739435875,
        -1.2434505335586965,
        -1.520866459844484,
        -3.6382464253729907,
        2.2924708234860214,
        2.1585875220981556,
        3.353791227941082,
        -2.074349562163149,
        -2.582106485915431,
        4.425309118905247,
        1.5537496873190113,
        4.26905001631161,
        0.2857179117229469,
        2.1871903338408485,
        -1.6567786147071164,
        3.1700933462361487,
        4.267099826446746,
        0.029904210559267064,
        -0.14457324856726572,
        2.583817009216908,
        -1.8736346745829282,
        2.337282150969836,
        -2.6789716144260334,
        3.8159853738277665,
        -3.246201158389507,
        -4.788921243665055,
        -4.264291819840312,
        -0.46225222299586655,
        2.2942825713626807
    ],
    "label": {
        "x": [
            1.0,
            0.0,
            1.0,
            1.0,
            0.0,
            1.0,
            0.0,
            1.0,
            1.0,
            0.0,
            0.0,
            1.0
        ],
        "z": [
            1.0,
            -1.0,
            1.0,
            1.0,
            -1.0,
            1.0,
            -1.0,
            1.0,
            1.0,
            -1.0,
            -1.0,
            1.0
        ],
        "obj_val": -65.73837317263661
    }
}