{
    "J": [
        [
            7,
            11
        ],
        [
            1,
            8
        ],
        [
            0,
            9
        ],
        [
            4,
            11
        ],
        [
            1,
            10
        ],
        [
            1,
            4
        ],
        [
            9,
            10
        ],
        [
            2,
            5
        ],
        [
            5
        ],
        [
            2,
            4
        ],
        [
            1,
            11
        ],
        [
            7,
            9
        ],
        [
            1,
            6
        ],
        [
            2,
            8
        ],
        [
            4,
            8
        ],
        [
            5,
            10
        ],
        [
            8
        ],
        [
            2
        ],
        [
            0,
            8
        ],
        [
            6
        ],
        [
            0,
            6
        ],
        [
            4,
            7
        ],
        [
            5,
            8
        ]
    ],
    "c": [
        3.5560940676575488,
        2.884286517122117,
        -1.461776089141762,
        -3.904563950717379,
        1.4849336312694872,
        -0.04779022063374416,
        0.31051197333945346,
        -0.1667734707810009,
        -0.7558091663267632,
        -3.747527940201967,
        1.7586216578923652,
        0.19016203206877602,
        0.6649896363422254,
        -3.8659615311329687,
        -2.085089241087422,
        -0.8899650306057127,
        0.7871596783220456,
        -3.1484771250721466,
        3.4817440401219795,
        -2.7542832640982184,
        -1.509963894102706,
        4.320411831761193,
        0.155301198008444
    ],
    "label": {
        "x": [
            0.0,
            0.0,
            1.0,
            0.0,
            1.0,
            1.0,
            1.0,
            0.0,
            1.0,
            0.0,
            1.0,
            1.0
        ],
        "z": [
            -1.0,
            -1.0,
            1.0,
            -1.0,
            1.0,
            1.0,
            1.0,
            -1.0,
            1.0,
            -1.0,
            1.0,
            1.0
        ],
        "obj_val": -38.55144314153599
    }
}