{
    "J": [
        [
            0,
            11
        ],
        [
            9,
            10
        ],
        [
            2,
            8
        ],
        [
            3,
            10
        ],
        [
            7,
            8
        ],
        [
            10
        ],
        [
            2,
            6
        ],
        [
            11
        ],
        [
            0,
            4
        ],
        [
            5,
            10
        ],
        [
            3
        ],
        [
            7,
            9
        ],
        [
            3,
            4
        ],
        [
            6,
            7
        ],
        [
            4,
            11
        ],
        [
            5,
            6
        ],
        [
            1
        ],
        [
            1,
            5
        ],
        [
            1,
            4
        ],
        [
            4
        ],
        [
            1,
            10
        ],
        [
            6
        ],
        [
            6,
            8
        ]
    ],
    "c": [
        -0.7170577324037044,
        0.9223080603654097,
        -2.5113402908257854,
        -3.3946007292295866,
        4.439383293042189,
        -3.8912962113882434,
        -3.4712213909314205,
        -1.3076373760995432,
        -0.46477824984799465,
        4.298894144795501,
        0.40288507480012026,
        2.3338704613470265,
        0.8108014275559983,
        0.7788789571996491,
        -1.263386530058094,
        3.752608300467701,
        3.036077242731915,
        4.403038788395287,
        1.5728147276740811,
        -4.609445318836952,
        0.2145108686055366,
        -2.2436509735669317,
        -4.649827413526063
    ],
    "label": {
        "x": [
            1.0,
            0.0,
            1.0,
            1.0,
            1.0,
            0.0,
            1.0,
            0.0,
            1.0,
            1.0,
            1.0,
            1.0
        ],
        "z": [
            1.0,
            -1.0,
            1.0,
            1.0,
            1.0,
            -1.0,
            1.0,
            -1.0,
            1.0,
            1.0,
            1.0,
            1.0
        ],
        "obj_val": -42.412246861461114
    }
}