{
    "J": [
        [
            4,
            5
        ],
        [
            4,
            9
        ],
        [
            8,
            11
        ],
        [
            4,
            7
        ],
        [
            3,
            11
        ],
        [
            11
        ],
        [
            2,
            5
        ],
        [
            7
        ],
        [
            0,
            1
        ],
        [
            0,
            2
        ],
        [
            9,
            11
        ],
        [
            5,
            11
        ],
        [
            2,
            3
        ],
        [
            5,
            6
        ],
        [
            0,
            6
        ],
        [
            0,
            7
        ],
        [
            10
        ],
        [
            7,
            11
        ],
        [
            3,
            4
        ],
        [
            2,
            7
        ],
        [
            6,
            9
        ],
        [
            0,
            8
        ],
        [
            1,
            5
        ]
    ],
    "c": [
        -0.4859050012138644,
        -2.227752351572275,
        4.981537935001235,
        -3.293167468892478,
        -3.506437589277768,
        4.630102934449713,
        -3.4154151388592693,
        0.4476704132519611,
        -3.0599721930083112,
        0.9167861421824419,
        3.699752062839041,
        -0.6364438811022168,
        -3.905349846478124,
        3.954325662115499,
        3.415518030767183,
        -0.6512959549917285,
        -1.0156989529329863,
        4.7156482264340625,
        3.6285900699527858,
        -0.8843754375226069,
        4.735145583889077,
        -3.1353020882401497,
        -4.986324400531066
    ],
    "label": {
        "x": [
            1.0,
            1.0,
            0.0,
            0.0,
            1.0,
            1.0,
            0.0,
            1.0,
            1.0,
            1.0,
            1.0,
            0.0
        ],
        "z": [
            1.0,
            1.0,
            -1.0,
            -1.0,
            1.0,
            1.0,
            -1.0,
            1.0,
            1.0,
            1.0,
            1.0,
            -1.0
        ],
        "obj_val": -55.560707624033746
    }
}