{
    "J": [
        [
            0,
            9
        ],
        [
            3,
            7
        ],
        [
            4,
            10
        ],
        [
            5
        ],
        [
            3,
            10
        ],
        [
            1,
            6
        ],
        [
            7,
            8
        ],
        [
            0,
            1
        ],
        [
            0,
            2
        ],
        [
            6,
            11
        ],
        [
            3,
            4
        ],
        [
            6,
            8
        ],
        [
            10
        ],
        [
            3,
            9
        ],
        [
            5,
            9
        ],
        [
            2,
            10
        ],
        [
            3,
            5
        ],
        [
            4,
            11
        ],
        [
            1,
            8
        ],
        [
            2,
            4
        ],
        [
            7,
            10
        ],
        [
            3,
            6
        ],
        [
            4,
            7
        ],
        [
            2,
            9
        ],
        [
            2,
            11
        ],
        [
            8
        ],
        [
            5,
            8
        ],
        [
            8,
            11
        ],
        [
            6
        ],
        [
            8,
            10
        ],
        [
            2,
            5
        ],
        [
            1,
            10
        ],
        [
            4,
            9
        ],
        [
            3,
            8
        ],
        [
            1,
            5
        ],
        [
            5,
            11
        ],
        [
            2,
            3
        ],
        [
            1,
            4
        ],
        [
            7
        ],
        [
            2,
            8
        ],
        [
            3
        ],
        [
            0,
            8
        ],
        [
            4,
            8
        ],
        [
            1,
            11
        ],
        [
            5,
            7
        ],
        [
            1,
            9
        ]
    ],
    "c": [
        0.9045185039663837,
        -0.612839936137699,
        -1.713513969814863,
        -0.6147891934909389,
        -3.8671822991034013,
        -2.8522297424192447,
        -3.6870123312220393,
        3.899760281178926,
        0.008409162093522937,
        -4.70839011753055,
        -4.554072408180408,
        -2.1455726458915647,
        -0.3677845565503537,
        -2.3009783549033616,
        3.4288672034169903,
        -2.5920407455239083,
        0.05315060878020805,
        2.340651857287006,
        -0.5958369670376769,
        2.6803963016310437,
        -0.45467968389870705,
        -4.885725959148176,
        4.955387651679958,
        1.9366819733697946,
        -3.67500032113988,
        -4.947058270293535,
        0.19152804080280816,
        -0.013913987002464268,
        -1.5980366731440778,
        4.616824459139725,
        -3.696218041552374,
        -1.5807447332846083,
        -0.17997806777760328,
        2.9974156604743865,
        -1.2055789972984843,
        -0.0212946752651213,
        -3.0262593140115834,
        1.351820512805709,
        -2.6113928239908955,
        -4.088821254348555,
        -0.07409584520751622,
        1.5330441287826844,
        -3.7783946634248045,
        4.269853334097846,
        2.9712423555151757,
        -0.8617690561066773
    ],
    "label": {
        "x": [
            1.0,
            0.0,
            1.0,
            0.0,
            0.0,
            1.0,
            1.0,
            1.0,
            1.0,
            0.0,
            0.0,
            1.0
        ],
        "z": [
            1.0,
            -1.0,
            1.0,
            -1.0,
            -1.0,
            1.0,
            1.0,
            1.0,
            1.0,
            -1.0,
            -1.0,
            1.0
        ],
        "obj_val": -52.44773644840714
    }
}