{
    "J": [
        [
            4,
            6
        ],
        [
            4,
            10
        ],
        [
            11
        ],
        [
            2
        ],
        [
            7,
            10
        ],
        [
            1,
            8
        ],
        [
            0,
            3
        ],
        [
            8,
            9
        ],
        [
            4
        ],
        [
            8,
            10
        ],
        [
            2,
            6
        ],
        [
            0,
            2
        ],
        [
            3,
            10
        ],
        [
            7
        ],
        [
            2,
            8
        ],
        [
            6
        ],
        [
            4,
            8
        ],
        [
            6,
            11
        ],
        [
            1,
            4
        ],
        [
            1,
            6
        ],
        [
            7,
            11
        ],
        [
            5
        ],
        [
            0,
            11
        ],
        [
            6,
            8
        ],
        [
            2,
            3
        ],
        [
            0
        ],
        [
            7,
            9
        ],
        [
            9,
            11
        ],
        [
            1,
            7
        ],
        [
            1,
            9
        ],
        [
            4,
            9
        ],
        [
            8,
            11
        ],
        [
            3,
            8
        ],
        [
            6,
            7
        ],
        [
            10,
            11
        ],
        [
            3,
            11
        ],
        [
            1,
            2
        ],
        [
            5,
            10
        ],
        [
            2,
            9
        ],
        [
            10
        ],
        [
            2,
            7
        ],
        [
            5,
            6
        ],
        [
            3,
            7
        ],
        [
            1,
            10
        ],
        [
            5,
            11
        ],
        [
            1,
            3
        ]
    ],
    "c": [
        4.994021142326362,
        3.7774321997935445,
        -2.7156530923740574,
        -2.6927847346452327,
        -4.916453541828093,
        -2.695327003261132,
        3.770116829874892,
        0.5295459230499002,
        3.7435843365215256,
        -2.891082627704853,
        -2.681522768487874,
        -3.275276504849356,
        4.480623540112708,
        2.0649001885627634,
        1.5067488309502162,
        -3.6765413969161886,
        4.747142812961977,
        4.529020641172226,
        0.43717864631750203,
        0.7667607037664297,
        1.8578006008190808,
        2.885100495128113,
        1.927691208923715,
        1.9342154873395128,
        1.949739361683429,
        -3.835317010156264,
        0.054387919409439434,
        4.074598297565441,
        -4.882945412336276,
        -4.339855894494786,
        -1.3045331423387205,
        -4.391732560070292,
        0.8012737813766773,
        1.645223251288252,
        2.138437319215896,
        -2.1135955430028774,
        -2.0928366434648185,
        -2.0610261532947103,
        3.657966726200806,
        1.3188527247993056,
        4.120692733041825,
        -1.5571565646739058,
        -1.8457875542077007,
        -1.4678455603131733,
        3.3062965167497627,
        2.115894593514734
    ],
    "label": {
        "x": [
            1.0,
            1.0,
            1.0,
            0.0,
            0.0,
            1.0,
            1.0,
            1.0,
            1.0,
            1.0,
            1.0,
            0.0
        ],
        "z": [
            1.0,
            1.0,
            1.0,
            -1.0,
            -1.0,
            1.0,
            1.0,
            1.0,
            1.0,
            1.0,
            1.0,
            -1.0
        ],
        "obj_val": -63.088317855831676
    }
}