{
    "J": [
        [
            0,
            1
        ],
        [
            4,
            8
        ],
        [
            8,
            11
        ],
        [
            0,
            7
        ],
        [
            6
        ],
        [
            4,
            5
        ],
        [
            2,
            11
        ],
        [
            3,
            10
        ],
        [
            4,
            10
        ],
        [
            4,
            11
        ],
        [
            6,
            7
        ],
        [
            6,
            9
        ],
        [
            1,
            5
        ],
        [
            5
        ],
        [
            1,
            11
        ],
        [
            0,
            4
        ],
        [
            2,
            3
        ],
        [
            0
        ],
        [
            3
        ],
        [
            1,
            8
        ],
        [
            9,
            11
        ],
        [
            3,
            9
        ],
        [
            3,
            4
        ]
    ],
    "c": [
        0.7475736766411991,
        -3.902054661146015,
        4.971518654755606,
        -2.6979186334653713,
        0.35347657346415673,
        -1.686213545258033,
        3.939212670148498,
        -0.25691494019242,
        2.909474175486592,
        4.226483464602547,
        -0.320715478139574,
        1.7513232779164145,
        -0.9657498263057747,
        -3.670309975536262,
        -2.4204339888588677,
        -3.0811775169048596,
        4.720460216956413,
        -0.4578838507136762,
        -4.089328468092651,
        2.365917603149768,
        4.811826809655564,
        -1.2681679740611864,
        -0.06443743260353507
    ],
    "label": {
        "x": [
            0.0,
            1.0,
            0.0,
            1.0,
            0.0,
            1.0,
            1.0,
            0.0,
            0.0,
            0.0,
            1.0,
            1.0
        ],
        "z": [
            -1.0,
            1.0,
            -1.0,
            1.0,
            -1.0,
            1.0,
            1.0,
            -1.0,
            -1.0,
            -1.0,
            1.0,
            1.0
        ],
        "obj_val": -47.37678370557465
    }
}