{
    "J": [
        [
            0,
            11
        ],
        [
            6,
            7
        ],
        [
            2,
            7
        ],
        [
            5,
            7
        ],
        [
            0,
            4
        ],
        [
            9,
            10
        ],
        [
            10
        ],
        [
            2,
            6
        ],
        [
            0,
            2
        ],
        [
            0,
            10
        ],
        [
            1,
            7
        ],
        [
            11
        ],
        [
            6,
            11
        ],
        [
            3,
            5
        ],
        [
            4
        ],
        [
            2,
            9
        ],
        [
            7,
            11
        ],
        [
            3,
            7
        ],
        [
            2,
            10
        ],
        [
            2,
            4
        ],
        [
            5,
            6
        ],
        [
            1,
            5
        ],
        [
            1,
            4
        ],
        [
            9
        ],
        [
            1,
            10
        ],
        [
            0,
            9
        ],
        [
            4,
            9
        ],
        [
            2,
            8
        ],
        [
            3,
            8
        ],
        [
            7,
            9
        ],
        [
            3,
            6
        ],
        [
            4,
            8
        ],
        [
            0,
            7
        ],
        [
            8,
            10
        ],
        [
            9,
            11
        ],
        [
            5,
            10
        ],
        [
            1
        ],
        [
            0
        ],
        [
            3,
            10
        ],
        [
            4,
            5
        ],
        [
            4,
            7
        ],
        [
            6,
            10
        ],
        [
            4,
            10
        ],
        [
            7,
            10
        ],
        [
            2
        ],
        [
            5,
            8
        ]
    ],
    "c": [
        1.2671062431718454,
        2.1918195257271114,
        2.327871748582276,
        0.6709751830840709,
        -4.606806692912522,
        1.3755912526973493,
        0.15434591617910698,
        -3.7832841881931967,
        -4.958792134512335,
        3.810120090336465,
        -3.2836445819435522,
        -0.22893868615262303,
        -3.7317993853700004,
        -3.744966050254402,
        -2.8912546512114714,
        -0.7542053490163401,
        -2.6285917701225268,
        -1.3445786265877944,
        -3.0504182900376566,
        -3.8433059448574625,
        -2.394574068562755,
        3.189710116924646,
        4.385918057664355,
        -2.8685457510131407,
        -4.728737823132542,
        -2.2476941354762667,
        -4.360932012638759,
        3.5383664483179427,
        -0.8487558411131149,
        -4.712599221958268,
        4.881274647596101,
        2.50518015874186,
        4.653018400257764,
        1.0628644883801686,
        -1.6326647185723155,
        -3.045558574805826,
        -1.1956177247902477,
        0.6125026434845191,
        -3.7077149070760473,
        -3.465257179378385,
        -4.116976680982147,
        4.47494709190469,
        -0.4981820934618497,
        -1.7084607979908508,
        -2.0292246508879943,
        -4.948048945688619
    ],
    "label": {
        "x": [
            1.0,
            0.0,
            1.0,
            0.0,
            1.0,
            0.0,
            1.0,
            0.0,
            0.0,
            1.0,
            0.0,
            1.0
        ],
        "z": [
            1.0,
            -1.0,
            1.0,
            -1.0,
            1.0,
            -1.0,
            1.0,
            -1.0,
            -1.0,
            1.0,
            -1.0,
            1.0
        ],
        "obj_val": -70.73099208307312
    }
}