{
    "J": [
        [
            2,
            5
        ],
        [
            0,
            11
        ],
        [
            1,
            2
        ],
        [
            0,
            2
        ],
        [
            1,
            6
        ],
        [
            4,
            5
        ],
        [
            1,
            11
        ],
        [
            0,
            3
        ],
        [
            3,
            8
        ],
        [
            4
        ],
        [
            3,
            11
        ],
        [
            9,
            10
        ],
        [
            1,
            9
        ],
        [
            6,
            7
        ],
        [
            2,
            4
        ],
        [
            8
        ],
        [
            0,
            9
        ],
        [
            5,
            11
        ],
        [
            0
        ],
        [
            0,
            10
        ],
        [
            7
        ],
        [
            3,
            4
        ],
        [
            6,
            11
        ],
        [
            4,
            10
        ],
        [
            3,
            9
        ],
        [
            7,
            8
        ],
        [
            4,
            8
        ],
        [
            2,
            11
        ],
        [
            2,
            10
        ],
        [
            3,
            5
        ],
        [
            5,
            8
        ],
        [
            0,
            1
        ],
        [
            8,
            11
        ],
        [
            0,
            6
        ],
        [
            6
        ],
        [
            1,
            3
        ],
        [
            2,
            9
        ],
        [
            10
        ],
        [
            1
        ],
        [
            1,
            10
        ],
        [
            8,
            9
        ],
        [
            5,
            9
        ],
        [
            3,
            7
        ],
        [
            5,
            10
        ],
        [
            2
        ],
        [
            0,
            7
        ]
    ],
    "c": [
        1.4909730032202226,
        -4.679217949281716,
        4.214972836345112,
        3.460626059452988,
        -4.591425412725089,
        0.01740864139821241,
        -1.0235871034345467,
        2.1877407530714326,
        -2.7171437016092637,
        -4.801655942923279,
        0.6925169999595422,
        1.4183134045259962,
        4.581868722140301,
        -0.8087341006068973,
        4.404062158898498,
        0.8399926757016338,
        4.551687061578283,
        -3.3663430800525163,
        -4.514687902574465,
        -4.570562554295655,
        4.375102249435804,
        0.3124505873304919,
        3.703434778170484,
        -4.355557120833668,
        -3.0628289278325793,
        -0.11355597455568667,
        -2.496308213465154,
        -0.0820227884816358,
        2.5175474177769797,
        0.8356805823336231,
        -0.6990023460240273,
        4.298170614744951,
        0.7347395488101105,
        0.9485878391853593,
        0.6348438631673572,
        -3.810096834413894,
        3.1393077371570364,
        -3.407183668061302,
        -2.219419870694943,
        0.1791962063874264,
        -3.330340662983894,
        0.23379860899386173,
        1.3658096161962296,
        3.934623747985878,
        -4.186529438503036,
        2.7622588020544274
    ],
    "label": {
        "x": [
            1.0,
            0.0,
            1.0,
            0.0,
            1.0,
            0.0,
            0.0,
            0.0,
            0.0,
            0.0,
            1.0,
            1.0
        ],
        "z": [
            1.0,
            -1.0,
            1.0,
            -1.0,
            1.0,
            -1.0,
            -1.0,
            -1.0,
            -1.0,
            -1.0,
            1.0,
            1.0
        ],
        "obj_val": -63.6618152424962
    }
}