{
    "J": [
        [
            0,
            3
        ],
        [
            2,
            7
        ],
        [
            4,
            7
        ],
        [
            7,
            11
        ],
        [
            3,
            8
        ],
        [
            1,
            2
        ],
        [
            8,
            10
        ],
        [
            5,
            7
        ],
        [
            1,
            7
        ],
        [
            3,
            6
        ],
        [
            1
        ],
        [
            6,
            9
        ],
        [
            4,
            5
        ],
        [
            0,
            1
        ],
        [
            4,
            8
        ],
        [
            9,
            11
        ],
        [
            9
        ],
        [
            3,
            5
        ],
        [
            3
        ],
        [
            1,
            4
        ],
        [
            3,
            7
        ],
        [
            0,
            9
        ],
        [
            2,
            9
        ],
        [
            3,
            11
        ],
        [
            6,
            7
        ],
        [
            1,
            3
        ],
        [
            2,
            11
        ],
        [
            1,
            6
        ],
        [
            2,
            8
        ],
        [
            5,
            9
        ],
        [
            7,
            9
        ],
        [
            1,
            10
        ],
        [
            1,
            11
        ],
        [
            0,
            2
        ],
        [
            2
        ],
        [
            2,
            5
        ],
        [
            0,
            5
        ],
        [
            0,
            4
        ],
        [
            2,
            3
        ],
        [
            0
        ],
        [
            5,
            8
        ],
        [
            1,
            8
        ],
        [
            3,
            10
        ],
        [
            7
        ],
        [
            10,
            11
        ],
        [
            4
        ]
    ],
    "c": [
        0.35347657346415673,
        -1.686213545258033,
        3.939212670148498,
        -0.25691494019242,
        2.909474175486592,
        4.226483464602547,
        -0.320715478139574,
        1.7513232779164145,
        -0.9657498263057747,
        -3.670309975536262,
        -2.4204339888588677,
        -3.0811775169048596,
        4.720460216956413,
        -0.4578838507136762,
        -4.089328468092651,
        2.365917603149768,
        4.811826809655564,
        -1.2681679740611864,
        -0.06443743260353507,
        -2.3525926040703284,
        4.840599262952566,
        4.211169498904111,
        2.5885672534180735,
        0.05953023146553793,
        -1.1829860311597562,
        -1.0067473949221197,
        -0.7787112540205987,
        1.7999302546594143,
        0.36623169909179243,
        -4.597474082990884,
        1.8638809909301628,
        -4.596109263634206,
        2.5139135458738124,
        -3.355184523551519,
        -1.1755145773900022,
        -4.985353411540747,
        3.253032418713291,
        0.43937493451054266,
        -3.8420002117173615,
        -1.7901339893930879,
        -4.532675655473919,
        4.093428968274713,
        -1.9437226879377825,
        0.11405705611511419,
        -2.989151661240955,
        -1.9679190714344195
    ],
    "label": {
        "x": [
            1.0,
            1.0,
            1.0,
            1.0,
            1.0,
            0.0,
            0.0,
            0.0,
            0.0,
            0.0,
            1.0,
            1.0
        ],
        "z": [
            1.0,
            1.0,
            1.0,
            1.0,
            1.0,
            -1.0,
            -1.0,
            -1.0,
            -1.0,
            -1.0,
            1.0,
            1.0
        ],
        "obj_val": -53.698027047653966
    }
}