{
    "J": [
        [
            6,
            9
        ],
        [
            2,
            8
        ],
        [
            1,
            11
        ],
        [
            3,
            8
        ],
        [
            2,
            7
        ],
        [
            2,
            5
        ],
        [
            5
        ],
        [
            5,
            10
        ],
        [
            1,
            6
        ],
        [
            1,
            2
        ],
        [
            5,
            7
        ],
        [
            1,
            8
        ],
        [
            5,
            11
        ],
        [
            2,
            9
        ],
        [
            4,
            6
        ],
        [
            2
        ],
        [
            0,
            1
        ],
        [
            5,
            8
        ],
        [
            6,
            8
        ],
        [
            7,
            10
        ],
        [
            1
        ],
        [
            0,
            8
        ],
        [
            6,
            10
        ]
    ],
    "c": [
        -0.8447614824452039,
        -3.6587819801479227,
        0.799335623115156,
        -0.5386598779501641,
        -0.614045450640214,
        2.4255314402774513,
        0.7721326977367413,
        2.923187244842831,
        1.9452053463398684,
        -4.507513077775882,
        -0.564880719131561,
        -0.8165838433566064,
        -0.8001798444536785,
        3.617412110781995,
        -0.701082269437717,
        -2.7088319682551685,
        -0.031246154797816672,
        -3.5446137925929344,
        4.459005180656458,
        3.1306928419507916,
        4.569195835086138,
        -2.953862648109232,
        3.593736621597426
    ],
    "label": {
        "x": [
            0.0,
            0.0,
            0.0,
            0.0,
            1.0,
            1.0,
            1.0,
            1.0,
            0.0,
            1.0,
            0.0,
            1.0
        ],
        "z": [
            -1.0,
            -1.0,
            -1.0,
            -1.0,
            1.0,
            1.0,
            1.0,
            1.0,
            -1.0,
            1.0,
            -1.0,
            1.0
        ],
        "obj_val": -35.241230233028844
    }
}