{
    "J": [
        [
            1
        ],
        [
            2,
            3
        ],
        [
            5,
            7
        ],
        [
            0,
            10
        ],
        [
            9,
            10
        ],
        [
            7,
            11
        ],
        [
            5,
            8
        ],
        [
            0,
            9
        ],
        [
            6,
            9
        ],
        [
            1,
            4
        ],
        [
            1,
            8
        ],
        [
            2,
            11
        ],
        [
            4,
            8
        ],
        [
            0,
            3
        ],
        [
            9,
            11
        ],
        [
            10,
            11
        ],
        [
            5,
            11
        ],
        [
            7,
            8
        ],
        [
            1,
            3
        ],
        [
            1,
            11
        ],
        [
            9
        ],
        [
            3
        ],
        [
            0,
            2
        ]
    ],
    "c": [
        -1.2240614039661457,
        -0.37358279934654437,
        4.461241014407522,
        -1.801071932338647,
        1.0077780445626932,
        1.7008909111405366,
        1.0211150069644725,
        0.9401431972590331,
        3.78099714422064,
        2.2227230133153935,
        -2.3429069525513215,
        0.20876569407520407,
        2.0107245387759454,
        0.49555408865297945,
        -2.36083615265104,
        3.545343381195252,
        -1.0622584066985983,
        -0.8479642424187075,
        -0.45356174096479407,
        1.3915383562938306,
        -4.975121194744259,
        -1.227136085844335,
        4.529308044499981
    ],
    "label": {
        "x": [
            0.0,
            0.0,
            1.0,
            1.0,
            1.0,
            1.0,
            0.0,
            0.0,
            0.0,
            1.0,
            0.0,
            1.0
        ],
        "z": [
            -1.0,
            -1.0,
            1.0,
            1.0,
            1.0,
            1.0,
            -1.0,
            -1.0,
            -1.0,
            1.0,
            -1.0,
            1.0
        ],
        "obj_val": -40.21184566887558
    }
}