{
    "J": [
        [
            4,
            8
        ],
        [
            5,
            7
        ],
        [
            5,
            10
        ],
        [
            8
        ],
        [
            1,
            5
        ],
        [
            3
        ],
        [
            1,
            9
        ],
        [
            2
        ],
        [
            10
        ],
        [
            2,
            11
        ],
        [
            2,
            4
        ],
        [
            0,
            10
        ],
        [
            4,
            6
        ],
        [
            11
        ],
        [
            5,
            8
        ],
        [
            0,
            5
        ],
        [
            1,
            3
        ],
        [
            8,
            11
        ],
        [
            4,
            9
        ],
        [
            4,
            5
        ],
        [
            5
        ],
        [
            0,
            8
        ],
        [
            0,
            2
        ],
        [
            3,
            9
        ],
        [
            0
        ],
        [
            6,
            11
        ],
        [
            10,
            11
        ],
        [
            3,
            4
        ],
        [
            3,
            6
        ],
        [
            1,
            4
        ],
        [
            0,
            6
        ],
        [
            3,
            11
        ],
        [
            1,
            6
        ],
        [
            4,
            10
        ],
        [
            6
        ],
        [
            1,
            10
        ],
        [
            5,
            6
        ],
        [
            8,
            9
        ],
        [
            6,
            10
        ],
        [
            0,
            3
        ],
        [
            0,
            7
        ],
        [
            6,
            7
        ],
        [
            3,
            8
        ],
        [
            2,
            6
        ],
        [
            3,
            5
        ],
        [
            2,
            8
        ]
    ],
    "c": [
        -4.392145888814943,
        2.679411880110216,
        -1.2012113483161602,
        1.557951718894655,
        3.54124104665782,
        0.7437835981468908,
        -2.291002845980757,
        -4.209645470553275,
        -1.1544711247696036,
        -0.4806088412606364,
        -1.0825915117200013,
        -0.22694590288271144,
        -3.7407733275745336,
        3.6758999778186503,
        2.46655777028319,
        -3.0872196421762457,
        3.415283973737834,
        1.2329261024018763,
        2.7165510740768406,
        -4.083304044262773,
        -1.511128942231422,
        -0.9062666749620512,
        -2.2932292203025373,
        0.5845801632844827,
        -2.0526687045923753,
        1.4772974934839045,
        -4.877024389094542,
        -1.9930090427643385,
        -2.2063281205203156,
        3.7339218856250884,
        2.1774358785540286,
        2.441711991928149,
        3.5150924392767298,
        -2.0956573010921575,
        -2.3067258371762156,
        -4.628702976805654,
        -4.259190505736102,
        2.232337079366035,
        -4.368800136674734,
        -4.251994095750838,
        4.06338126319085,
        2.3754954136005226,
        1.0465595940031651,
        -0.18624731194656619,
        -3.41803294307244,
        2.4487167561650827
    ],
    "label": {
        "x": [
            1.0,
            0.0,
            1.0,
            1.0,
            1.0,
            1.0,
            1.0,
            0.0,
            1.0,
            0.0,
            0.0,
            0.0
        ],
        "z": [
            1.0,
            -1.0,
            1.0,
            1.0,
            1.0,
            1.0,
            1.0,
            -1.0,
            1.0,
            -1.0,
            -1.0,
            -1.0
        ],
        "obj_val": -75.49366330955391
    }
}