{
    "J": [
        [
            1,
            2
        ],
        [
            1,
            10
        ],
        [
            1,
            6
        ],
        [
            0,
            9
        ],
        [
            2,
            4
        ],
        [
            1,
            11
        ],
        [
            7,
            8
        ],
        [
            2
        ],
        [
            2,
            11
        ],
        [
            4,
            5
        ],
        [
            5,
            10
        ],
        [
            4,
            9
        ],
        [
            0,
            6
        ],
        [
            6,
            8
        ],
        [
            8,
            10
        ],
        [
            0,
            4
        ],
        [
            7
        ],
        [
            5,
            11
        ],
        [
            5,
            9
        ],
        [
            2,
            9
        ],
        [
            0,
            1
        ],
        [
            6
        ],
        [
            8
        ],
        [
            6,
            11
        ],
        [
            4,
            10
        ],
        [
            11
        ],
        [
            3,
            9
        ],
        [
            6,
            9
        ],
        [
            1,
            4
        ],
        [
            0,
            2
        ],
        [
            5
        ],
        [
            4,
            8
        ],
        [
            4,
            11
        ],
        [
            7,
            9
        ],
        [
            3,
            7
        ],
        [
            4,
            6
        ],
        [
            7,
            11
        ],
        [
            1,
            8
        ],
        [
            8,
            9
        ],
        [
            7,
            10
        ],
        [
            2,
            8
        ],
        [
            0,
            8
        ],
        [
            0,
            10
        ],
        [
            3,
            4
        ],
        [
            0,
            5
        ],
        [
            3,
            5
        ]
    ],
    "c": [
        -4.474242768146355,
        -0.8642233753715374,
        0.0014441572734638086,
        2.206587114266786,
        -3.683586469767728,
        1.9329430761662616,
        -2.360567268118424,
        -2.9735855393491075,
        -0.2864650110911535,
        2.657273454412695,
        -0.7846018499744911,
        -0.39171849910745316,
        1.8367165791827391,
        2.252128708069865,
        -1.644340004534155,
        -3.685908247296835,
        2.8272577093096203,
        -0.2304863462941098,
        3.8563097713248755,
        1.5795691100786726,
        -4.951253016383145,
        -1.6392256272725647,
        2.6474988802544424,
        -0.9131885221912208,
        -2.2116364407465596,
        0.5952358397405568,
        4.518352557178595,
        -2.4431817040958235,
        3.1813565702212347,
        -4.244827141907117,
        3.7621756698152033,
        -3.123686595281848,
        -0.4630326947038039,
        -3.1474889525521266,
        -1.7414159825145337,
        4.066781021363251,
        1.4488321280209906,
        1.985655300920948,
        -4.139180339168952,
        -1.873217761735134,
        -0.9481478470012297,
        -3.9540041020762295,
        -2.722264948972284,
        3.8625360146079633,
        -2.568703596350196,
        1.906210834518288
    ],
    "label": {
        "x": [
            0.0,
            0.0,
            0.0,
            1.0,
            0.0,
            0.0,
            1.0,
            0.0,
            0.0,
            0.0,
            0.0,
            1.0
        ],
        "z": [
            -1.0,
            -1.0,
            -1.0,
            1.0,
            -1.0,
            -1.0,
            1.0,
            -1.0,
            -1.0,
            -1.0,
            -1.0,
            1.0
        ],
        "obj_val": -61.18873627070198
    }
}