{
    "J": [
        [
            5,
            11
        ],
        [
            4,
            5
        ],
        [
            0
        ],
        [
            9,
            10
        ],
        [
            3,
            4
        ],
        [
            6
        ],
        [
            0,
            6
        ],
        [
            7,
            11
        ],
        [
            5,
            8
        ],
        [
            5,
            10
        ],
        [
            0,
            5
        ],
        [
            8,
            9
        ],
        [
            0,
            4
        ],
        [
            5
        ],
        [
            3,
            9
        ],
        [
            1,
            11
        ],
        [
            1,
            8
        ],
        [
            4,
            11
        ],
        [
            3,
            11
        ],
        [
            4,
            9
        ],
        [
            4,
            6
        ],
        [
            1,
            9
        ],
        [
            11
        ],
        [
            0,
            1
        ],
        [
            2,
            9
        ],
        [
            0,
            8
        ],
        [
            1,
            6
        ],
        [
            4,
            7
        ],
        [
            2,
            5
        ],
        [
            0,
            11
        ],
        [
            5,
            7
        ],
        [
            2,
            3
        ],
        [
            2,
            7
        ],
        [
            2,
            6
        ],
        [
            7
        ],
        [
            3,
            5
        ],
        [
            6,
            8
        ],
        [
            7,
            9
        ],
        [
            9,
            11
        ],
        [
            8,
            10
        ],
        [
            0,
            9
        ],
        [
            5,
            6
        ],
        [
            0,
            2
        ],
        [
            6,
            10
        ],
        [
            1,
            4
        ],
        [
            3,
            7
        ]
    ],
    "c": [
        -2.0072601714450924,
        2.918397200821751,
        -1.0035765899360838,
        -3.065835827601494,
        -0.8644325836063116,
        -3.8030094958432334,
        -0.15457339515300994,
        -4.519283955876745,
        3.420977614519572,
        -3.2654514863949045,
        3.5804703664328112,
        -0.6840065335824761,
        4.510954986061986,
        2.693027651520249,
        0.8617958897018525,
        -3.5264622307918634,
        1.0652587980859547,
        2.251029683233683,
        -2.9456201267706863,
        -0.607281686361044,
        2.287027471646411,
        2.1313864947486927,
        3.3110223231357914,
        2.665349029551388,
        -3.7543661596464215,
        -1.0863982398940628,
        4.6121975769635135,
        4.129456679117357,
        -2.633041747877315,
        2.6104322507414315,
        4.180703089345712,
        4.645505830633503,
        -0.8332849264172157,
        2.7363671993600036,
        -1.4895919877136499,
        0.8381625862579698,
        -1.3511796439004664,
        -2.032733352379358,
        0.6279872374126674,
        2.7435099219417127,
        -1.969656907419992,
        4.017295812881059,
        -0.9271120208311787,
        -4.379891118207514,
        -1.6799370351321006,
        -0.9925654129271608
    ],
    "label": {
        "x": [
            1.0,
            0.0,
            1.0,
            0.0,
            0.0,
            0.0,
            1.0,
            1.0,
            1.0,
            1.0,
            1.0,
            0.0
        ],
        "z": [
            1.0,
            -1.0,
            1.0,
            -1.0,
            -1.0,
            -1.0,
            1.0,
            1.0,
            1.0,
            1.0,
            1.0,
            -1.0
        ],
        "obj_val": -65.40468656771988
    }
}