{
    "J": [
        [
            4,
            5
        ],
        [
            3
        ],
        [
            0,
            5
        ],
        [
            5,
            7
        ],
        [
            0
        ],
        [
            1,
            9
        ],
        [
            3,
            4
        ],
        [
            7
        ],
        [
            2,
            3
        ],
        [
            4,
            9
        ],
        [
            0,
            9
        ],
        [
            0,
            4
        ],
        [
            5,
            10
        ],
        [
            0,
            10
        ],
        [
            7,
            10
        ],
        [
            4,
            11
        ],
        [
            2,
            7
        ],
        [
            0,
            8
        ],
        [
            3,
            5
        ],
        [
            5
        ],
        [
            4,
            10
        ],
        [
            7,
            11
        ],
        [
            9
        ]
    ],
    "c": [
        1.1864118676110849,
        -2.3846388438166857,
        -2.6381255806649087,
        4.745306239912921,
        3.123759143335196,
        2.363325657413461,
        3.7786427202917263,
        0.10384485609363647,
        1.552317695559485,
        3.4446226167989593,
        1.8761521300695065,
        -0.32862116487052795,
        -4.439105472578921,
        4.147964259922036,
        -0.2609291782878618,
        -3.905612619228791,
        1.3485569423145316,
        0.08668359981945528,
        1.8774720469958854,
        0.10215389987710743,
        1.2458245114033248,
        3.0230841417785097,
        4.593691817021744
    ],
    "label": {
        "x": [
            0.0,
            1.0,
            1.0,
            0.0,
            1.0,
            1.0,
            0.0,
            0.0,
            1.0,
            0.0,
            1.0,
            1.0
        ],
        "z": [
            -1.0,
            1.0,
            1.0,
            -1.0,
            1.0,
            1.0,
            -1.0,
            -1.0,
            1.0,
            -1.0,
            1.0,
            1.0
        ],
        "obj_val": -32.51113265246426
    }
}