{
    "J": [
        [
            5,
            10
        ],
        [
            4,
            8
        ],
        [
            4,
            7
        ],
        [
            0,
            8
        ],
        [
            8
        ],
        [
            2,
            3
        ],
        [
            8,
            10
        ],
        [
            0
        ],
        [
            8,
            11
        ],
        [
            0,
            3
        ],
        [
            6
        ],
        [
            7,
            8
        ],
        [
            1,
            9
        ],
        [
            5,
            8
        ],
        [
            2,
            10
        ],
        [
            0,
            10
        ],
        [
            4,
            6
        ],
        [
            6,
            9
        ],
        [
            1,
            3
        ],
        [
            2,
            7
        ],
        [
            3,
            11
        ],
        [
            0,
            5
        ],
        [
            5,
            11
        ],
        [
            7,
            10
        ],
        [
            7,
            9
        ],
        [
            3,
            7
        ],
        [
            0,
            6
        ],
        [
            1,
            4
        ],
        [
            7
        ],
        [
            6,
            10
        ],
        [
            9,
            11
        ],
        [
            2,
            8
        ],
        [
            4
        ],
        [
            1,
            10
        ],
        [
            5
        ],
        [
            0,
            2
        ],
        [
            3,
            8
        ],
        [
            3,
            6
        ],
        [
            7,
            11
        ],
        [
            6,
            7
        ],
        [
            0,
            11
        ],
        [
            3,
            9
        ],
        [
            11
        ],
        [
            9,
            10
        ],
        [
            3,
            10
        ],
        [
            8,
            9
        ]
    ],
    "c": [
        0.10791813617368362,
        4.82205832650963,
        0.7107492326046074,
        -4.113125840662301,
        1.344511772316518,
        3.8473640358529835,
        4.372454350741556,
        -0.5536508919883616,
        1.922664015045994,
        -0.6281817260588767,
        -0.3523886034839121,
        -1.0079833747147795,
        -0.07875984924094936,
        2.4845475664210745,
        4.524797309112289,
        -4.489463119127669,
        -2.0512435155502216,
        -4.0789867848694925,
        -2.4292142326287323,
        4.014765628228238,
        -0.26051376860159436,
        -4.51080343714499,
        4.13076899863073,
        -4.235916659023502,
        2.362902574983245,
        -2.2892176260010855,
        -3.184846514313028,
        3.599073158962467,
        2.6084768061358083,
        -0.2253870656485768,
        -3.7047324242518176,
        -0.39743035380237846,
        -4.619342513087262,
        -2.188326249344492,
        4.114681738182718,
        4.721309690616449,
        -4.476516538181572,
        2.4666688234283836,
        -3.2728069854572848,
        2.5510883477218336,
        2.4478308128503814,
        -0.3398842411158647,
        0.21572674852241747,
        3.407448269418312,
        -4.141224738175815,
        2.4126864348316346
    ],
    "label": {
        "x": [
            0.0,
            0.0,
            1.0,
            0.0,
            1.0,
            0.0,
            1.0,
            0.0,
            0.0,
            1.0,
            0.0,
            1.0
        ],
        "z": [
            -1.0,
            -1.0,
            1.0,
            -1.0,
            1.0,
            -1.0,
            1.0,
            -1.0,
            -1.0,
            1.0,
            -1.0,
            1.0
        ],
        "obj_val": -89.83258688571198
    }
}