{
    "J": [
        [
            5
        ],
        [
            11
        ],
        [
            3,
            6
        ],
        [
            0,
            11
        ],
        [
            0,
            7
        ],
        [
            4,
            7
        ],
        [
            4,
            9
        ],
        [
            0,
            1
        ],
        [
            10
        ],
        [
            6,
            11
        ],
        [
            3
        ],
        [
            8,
            9
        ],
        [
            4
        ],
        [
            0,
            4
        ],
        [
            8,
            10
        ],
        [
            3,
            4
        ],
        [
            1,
            2
        ],
        [
            5,
            8
        ],
        [
            1,
            10
        ],
        [
            1,
            11
        ],
        [
            0,
            2
        ],
        [
            6
        ],
        [
            3,
            5
        ]
    ],
    "c": [
        -4.540665862556943,
        -4.173508427655298,
        -0.5204138769821487,
        4.354090506020491,
        4.151706117146054,
        -0.06430052754357263,
        -2.263321751464696,
        -4.413323189767514,
        4.762749502749637,
        -0.29873381670802424,
        -3.139395759697953,
        3.660354914600118,
        -3.30139168221929,
        3.2927704444458,
        4.450336234710768,
        -4.169929307408014,
        -4.579123526978485,
        0.1613866960190009,
        -0.6401719028824822,
        -0.013084029672706166,
        2.542582799986766,
        -3.108195203777695,
        1.2193322187257696
    ],
    "label": {
        "x": [
            0.0,
            0.0,
            0.0,
            1.0,
            1.0,
            1.0,
            1.0,
            1.0,
            1.0,
            0.0,
            0.0,
            1.0
        ],
        "z": [
            -1.0,
            -1.0,
            -1.0,
            1.0,
            1.0,
            1.0,
            1.0,
            1.0,
            1.0,
            -1.0,
            -1.0,
            1.0
        ],
        "obj_val": -51.421453307981345
    }
}