{
    "J": [
        [
            1,
            9
        ],
        [
            7,
            8
        ],
        [
            7,
            11
        ],
        [
            1,
            11
        ],
        [
            1,
            8
        ],
        [
            10
        ],
        [
            0,
            6
        ],
        [
            6,
            9
        ],
        [
            7
        ],
        [
            6
        ],
        [
            8,
            9
        ],
        [
            5,
            9
        ],
        [
            4,
            7
        ],
        [
            9,
            10
        ],
        [
            6,
            11
        ],
        [
            0,
            10
        ],
        [
            6,
            10
        ],
        [
            2,
            5
        ],
        [
            0,
            1
        ],
        [
            4,
            5
        ],
        [
            8,
            11
        ],
        [
            4
        ],
        [
            2,
            8
        ]
    ],
    "c": [
        2.447458875047065,
        -3.0978242353016605,
        -3.1075283779387775,
        -0.5587236984586008,
        -4.555960699771999,
        4.666862115124113,
        -0.6469635006441674,
        -2.1592054192907586,
        2.3647621149560436,
        -1.7260071079261263,
        4.825981506279502,
        2.9784448572741704,
        2.5803735576554088,
        -3.8864925080045887,
        -2.016866622828508,
        0.3122750936206167,
        -2.1582118673169193,
        1.9872780484622066,
        -2.8801549465349408,
        0.46495813149343146,
        -0.8251247238272361,
        -0.14268889063908308,
        3.598626460021313
    ],
    "label": {
        "x": [
            1.0,
            1.0,
            0.0,
            0.0,
            0.0,
            1.0,
            1.0,
            1.0,
            1.0,
            0.0,
            0.0,
            1.0
        ],
        "z": [
            1.0,
            1.0,
            -1.0,
            -1.0,
            -1.0,
            1.0,
            1.0,
            1.0,
            1.0,
            -1.0,
            -1.0,
            1.0
        ],
        "obj_val": -40.339036774011625
    }
}