{
    "J": [
        [
            5,
            9
        ],
        [
            4,
            7
        ],
        [
            0,
            6
        ],
        [
            10
        ],
        [
            3,
            4
        ],
        [
            7,
            10
        ],
        [
            1,
            4
        ],
        [
            6,
            8
        ],
        [
            8
        ],
        [
            1,
            3
        ],
        [
            7,
            8
        ],
        [
            0,
            7
        ],
        [
            4,
            11
        ],
        [
            5,
            8
        ],
        [
            5
        ],
        [
            2,
            8
        ],
        [
            5,
            10
        ],
        [
            1,
            6
        ],
        [
            6,
            9
        ],
        [
            6,
            10
        ],
        [
            10,
            11
        ],
        [
            3,
            9
        ],
        [
            4,
            8
        ],
        [
            0,
            9
        ],
        [
            8,
            9
        ],
        [
            4,
            9
        ],
        [
            4,
            6
        ],
        [
            8,
            11
        ],
        [
            3,
            10
        ],
        [
            2,
            10
        ],
        [
            7
        ],
        [
            2,
            6
        ],
        [
            0,
            8
        ],
        [
            1,
            5
        ],
        [
            2,
            3
        ],
        [
            0,
            11
        ],
        [
            5,
            7
        ],
        [
            1,
            8
        ],
        [
            0,
            2
        ],
        [
            2,
            4
        ],
        [
            7,
            11
        ],
        [
            3,
            6
        ],
        [
            5,
            6
        ],
        [
            1,
            10
        ],
        [
            7,
            9
        ],
        [
            9
        ]
    ],
    "c": [
        -2.572275068052372,
        0.05613129132896777,
        2.9128720469381877,
        -3.76843327015691,
        -2.8210418375909887,
        4.544982719051209,
        -2.8506250364183936,
        -4.529083878508078,
        4.963731968737161,
        -0.007806144865857512,
        -1.1170700397777167,
        -1.1746557743285466,
        4.58374764516118,
        -1.3052619270062191,
        2.644181181760885,
        -4.152431873624587,
        -4.655849192292814,
        -1.3196795836158683,
        1.0563092075298242,
        -2.378652660987121,
        -1.066411190977302,
        0.2277937058370636,
        -2.7514304544776746,
        4.572973141374442,
        4.738536132291415,
        -1.5187428582866316,
        -1.4331056653244687,
        -0.08121191230745861,
        -3.3826478391747994,
        -0.30856300216718857,
        1.033297296702882,
        -0.2556812608381618,
        1.5206891754065444,
        -0.017836236482128953,
        1.6309293138222412,
        -1.2694515150451569,
        -4.564364404287482,
        -3.398836236868611,
        -1.5822467014118335,
        -2.748731246056658,
        -1.5243253021791983,
        4.742429133830894,
        3.8181642782094194,
        -0.6775240014244774,
        -4.442624494381175,
        1.3315189183531997
    ],
    "label": {
        "x": [
            1.0,
            0.0,
            0.0,
            1.0,
            0.0,
            0.0,
            0.0,
            0.0,
            0.0,
            0.0,
            1.0,
            1.0
        ],
        "z": [
            1.0,
            -1.0,
            -1.0,
            1.0,
            -1.0,
            -1.0,
            -1.0,
            -1.0,
            -1.0,
            -1.0,
            1.0,
            1.0
        ],
        "obj_val": -58.29285288742116
    }
}