{
    "J": [
        [
            4,
            8
        ],
        [
            2,
            7
        ],
        [
            8,
            11
        ],
        [
            6,
            11
        ],
        [
            1,
            11
        ],
        [
            0,
            8
        ],
        [
            1,
            3
        ],
        [
            2,
            4
        ],
        [
            5,
            9
        ],
        [
            2,
            3
        ],
        [
            1
        ],
        [
            0,
            2
        ],
        [
            1,
            7
        ],
        [
            3,
            10
        ],
        [
            2
        ],
        [
            10,
            11
        ],
        [
            5,
            8
        ],
        [
            1,
            10
        ],
        [
            7,
            10
        ],
        [
            2,
            10
        ],
        [
            1,
            6
        ],
        [
            1,
            9
        ],
        [
            9,
            11
        ]
    ],
    "c": [
        -4.161921076253289,
        1.77820469227861,
        1.4447184520827392,
        -1.14791639438221,
        1.9248439179034982,
        -2.1085572409712205,
        4.802022299221573,
        -1.9513541362297184,
        1.615427716908834,
        4.723265872220228,
        -2.465271781349977,
        -1.684256140075524,
        -0.2933813983909017,
        1.6002245120171352,
        -2.080881052237876,
        -4.094797004225336,
        -3.4653382189216684,
        -2.7909939587343957,
        1.5931470158200867,
        2.560038387658744,
        2.4894128782232787,
        1.003976154246745,
        1.727960605908427
    ],
    "label": {
        "x": [
            1.0,
            1.0,
            1.0,
            0.0,
            1.0,
            1.0,
            0.0,
            0.0,
            1.0,
            0.0,
            1.0,
            1.0
        ],
        "z": [
            1.0,
            1.0,
            1.0,
            -1.0,
            1.0,
            1.0,
            -1.0,
            -1.0,
            1.0,
            -1.0,
            1.0,
            1.0
        ],
        "obj_val": -38.766113805425825
    }
}