{
    "J": [
        [
            4,
            7
        ],
        [
            8,
            11
        ],
        [
            2,
            7
        ],
        [
            5,
            7
        ],
        [
            2,
            11
        ],
        [
            0
        ],
        [
            11
        ],
        [
            2,
            10
        ],
        [
            9,
            10
        ],
        [
            3
        ],
        [
            10
        ],
        [
            9,
            11
        ],
        [
            5,
            8
        ],
        [
            2
        ],
        [
            6,
            9
        ],
        [
            2,
            4
        ],
        [
            4,
            11
        ],
        [
            5,
            9
        ],
        [
            3,
            5
        ],
        [
            1,
            3
        ],
        [
            9
        ],
        [
            4
        ],
        [
            5,
            11
        ],
        [
            7,
            11
        ],
        [
            7,
            8
        ],
        [
            0,
            3
        ],
        [
            6,
            7
        ],
        [
            7,
            10
        ],
        [
            4,
            8
        ],
        [
            4,
            10
        ],
        [
            0,
            2
        ],
        [
            2,
            8
        ],
        [
            6,
            10
        ],
        [
            3,
            8
        ],
        [
            2,
            6
        ],
        [
            6
        ],
        [
            0,
            10
        ],
        [
            4,
            9
        ],
        [
            0,
            4
        ],
        [
            7
        ],
        [
            1,
            4
        ],
        [
            1
        ],
        [
            5
        ],
        [
            0,
            6
        ],
        [
            8,
            9
        ],
        [
            6,
            11
        ]
    ],
    "c": [
        0.4203454226982064,
        2.6368945263682706,
        -3.8441694677648988,
        1.6074004454452222,
        -2.0919683525274992,
        -3.180126317564266,
        4.927070553430783,
        -2.198686678356742,
        2.8325301895427835,
        -1.9021018341191978,
        -2.6794886619871408,
        -4.246783096775801,
        4.738476323663846,
        1.1109152607738526,
        2.069900950472209,
        2.7870638340148925,
        -1.3705195895018507,
        2.528368017521821,
        2.2776206144899973,
        0.4026237959373997,
        -4.335332614730316,
        0.45419189629380874,
        0.6760757909486736,
        -4.996576635329731,
        2.9288206765707177,
        4.97838599914788,
        -1.8497182381663748,
        -0.9243716822085819,
        2.3721696586803915,
        -1.1468937522788991,
        -0.17883112494844156,
        -0.4467803985878316,
        3.930687147259043,
        0.7112896268348736,
        1.8041370965167536,
        -3.3875749512244804,
        0.826645362472803,
        1.278287929635999,
        2.490931353231426,
        -1.6890001227254103,
        -0.3377036349163687,
        2.8219472975466964,
        -2.3465393629469053,
        0.4567854161916687,
        -0.5608884916711263,
        2.089297291692013
    ],
    "label": {
        "x": [
            1.0,
            0.0,
            0.0,
            0.0,
            0.0,
            0.0,
            1.0,
            0.0,
            1.0,
            1.0,
            0.0,
            0.0
        ],
        "z": [
            1.0,
            -1.0,
            -1.0,
            -1.0,
            -1.0,
            -1.0,
            1.0,
            -1.0,
            1.0,
            1.0,
            -1.0,
            -1.0
        ],
        "obj_val": -47.79879926480315
    }
}