{
    "J": [
        [
            4
        ],
        [
            4,
            11
        ],
        [
            6,
            11
        ],
        [
            5,
            11
        ],
        [
            3,
            8
        ],
        [
            5,
            8
        ],
        [
            4,
            8
        ],
        [
            3,
            4
        ],
        [
            2,
            11
        ],
        [
            4,
            6
        ],
        [
            4,
            7
        ],
        [
            9,
            10
        ],
        [
            1
        ],
        [
            0,
            3
        ],
        [
            0,
            9
        ],
        [
            1,
            2
        ],
        [
            0,
            5
        ],
        [
            11
        ],
        [
            2,
            6
        ],
        [
            1,
            8
        ],
        [
            1,
            4
        ],
        [
            2,
            10
        ],
        [
            6,
            9
        ]
    ],
    "c": [
        -2.8981402515782295,
        0.9796980301700344,
        -1.9854800868181535,
        -3.8629082406484097,
        0.5502494587669435,
        -2.9061019843503932,
        3.308715501687839,
        -4.901283493779908,
        -0.6213596759650395,
        3.3335944080877553,
        4.53408586950713,
        1.6187815995725945,
        4.999611507962156,
        0.6096669948688422,
        2.9453437360443697,
        -0.9339262044965322,
        -2.4915184418697955,
        -2.459871708309401,
        1.5658478219485978,
        -1.9195390678364,
        -2.8510963446432513,
        3.220058757323299,
        -2.7154219573492244
    ],
    "label": {
        "x": [
            1.0,
            0.0,
            0.0,
            0.0,
            0.0,
            1.0,
            1.0,
            1.0,
            1.0,
            0.0,
            1.0,
            1.0
        ],
        "z": [
            1.0,
            -1.0,
            -1.0,
            -1.0,
            -1.0,
            1.0,
            1.0,
            1.0,
            1.0,
            -1.0,
            1.0,
            1.0
        ],
        "obj_val": -41.90337923812651
    }
}