{
    "J": [
        [
            4,
            9
        ],
        [
            8,
            9
        ],
        [
            2,
            4
        ],
        [
            0,
            8
        ],
        [
            0,
            3
        ],
        [
            2,
            3
        ],
        [
            9,
            10
        ],
        [
            7
        ],
        [
            1,
            2
        ],
        [
            2,
            11
        ],
        [
            4,
            10
        ],
        [
            0,
            1
        ],
        [
            6
        ],
        [
            7,
            11
        ],
        [
            1,
            3
        ],
        [
            9,
            11
        ],
        [
            1
        ],
        [
            4,
            7
        ],
        [
            5
        ],
        [
            5,
            11
        ],
        [
            5,
            10
        ],
        [
            7,
            8
        ],
        [
            3,
            9
        ]
    ],
    "c": [
        3.648875693064479,
        -3.0159178006854193,
        -2.709770393030851,
        -0.19743169436349284,
        3.5956895102299633,
        -4.714395355526063,
        4.097655817020856,
        -0.4489410999435446,
        -1.0891535280832496,
        -0.5118746725218513,
        -0.3814494784738738,
        -3.223143592764778,
        2.6054839984864717,
        1.8108019470779713,
        -3.7428454935234265,
        4.05123618268868,
        0.09934750730371089,
        -1.8256485553710133,
        4.5084678784262096,
        -1.136893397795291,
        -1.7070787739518711,
        -3.2534753191055787,
        -0.8454394621940775
    ],
    "label": {
        "x": [
            1.0,
            0.0,
            0.0,
            0.0,
            0.0,
            0.0,
            0.0,
            1.0,
            1.0,
            1.0,
            0.0,
            0.0
        ],
        "z": [
            1.0,
            -1.0,
            -1.0,
            -1.0,
            -1.0,
            -1.0,
            -1.0,
            1.0,
            1.0,
            1.0,
            -1.0,
            -1.0
        ],
        "obj_val": -41.43255393097298
    }
}