{
    "J": [
        [
            4,
            8
        ],
        [
            8,
            11
        ],
        [
            9,
            11
        ],
        [
            0,
            6
        ],
        [
            7,
            8
        ],
        [
            8
        ],
        [
            0,
            11
        ],
        [
            2,
            10
        ],
        [
            1,
            7
        ],
        [
            3
        ],
        [
            6,
            11
        ],
        [
            2,
            7
        ],
        [
            0,
            4
        ],
        [
            2,
            5
        ],
        [
            1,
            9
        ],
        [
            5
        ],
        [
            1,
            3
        ],
        [
            10,
            11
        ],
        [
            4,
            5
        ],
        [
            3,
            7
        ],
        [
            2,
            8
        ],
        [
            2
        ],
        [
            0,
            9
        ],
        [
            6,
            7
        ],
        [
            1,
            2
        ],
        [
            6,
            8
        ],
        [
            3,
            9
        ],
        [
            3,
            6
        ],
        [
            1,
            8
        ],
        [
            0,
            2
        ],
        [
            6,
            10
        ],
        [
            0,
            3
        ],
        [
            0,
            10
        ],
        [
            5,
            8
        ],
        [
            7,
            10
        ],
        [
            11
        ],
        [
            8,
            9
        ],
        [
            3,
            4
        ],
        [
            1
        ],
        [
            0,
            8
        ],
        [
            10
        ],
        [
            5,
            10
        ],
        [
            0,
            1
        ],
        [
            4
        ],
        [
            1,
            6
        ],
        [
            0
        ]
    ],
    "c": [
        2.5444254346003605,
        -2.9220237555015327,
        1.6960064159342982,
        -1.3062149825569946,
        0.3544344489534783,
        -0.15896184757018794,
        -1.5260944802139162,
        -3.4704202453541866,
        1.2860303935472928,
        -0.48055080671011297,
        -4.7359764166899065,
        2.241067578657523,
        -2.5864908783552707,
        -0.6993305383207193,
        2.5677694998215292,
        1.6183194367585685,
        -4.115872731361472,
        -0.6008305184353713,
        -3.903216691434813,
        -4.541795649686083,
        -0.48431978420546695,
        -0.8373876725244784,
        -3.0796031617415007,
        -0.5368735942370755,
        -2.2386097969081478,
        -0.7268312050693693,
        -0.3593957780369106,
        -0.393419025187165,
        -4.3104146300377195,
        0.1190447447502514,
        -1.0570018797967737,
        -1.9758984194329896,
        -3.056674532391457,
        4.728130480223161,
        -3.088105489911218,
        -1.4391008713845332,
        0.6508822398947114,
        3.9812520104004463,
        -3.4241539574268334,
        1.2017553617682841,
        -3.1623735749830297,
        3.5760792953549387,
        0.775480638598049,
        -3.7146344050799884,
        4.325737771456172,
        -4.739648646340729
    ],
    "label": {
        "x": [
            1.0,
            1.0,
            1.0,
            1.0,
            0.0,
            0.0,
            1.0,
            1.0,
            1.0,
            0.0,
            1.0,
            1.0
        ],
        "z": [
            1.0,
            1.0,
            1.0,
            1.0,
            -1.0,
            -1.0,
            1.0,
            1.0,
            1.0,
            -1.0,
            1.0,
            1.0
        ],
        "obj_val": -59.85263031907411
    }
}