{
    "J": [
        [
            8,
            10
        ],
        [
            0,
            5
        ],
        [
            5,
            11
        ],
        [
            0,
            1
        ],
        [
            1,
            7
        ],
        [
            6,
            9
        ],
        [
            4,
            9
        ],
        [
            4,
            5
        ],
        [
            1,
            2
        ],
        [
            3,
            4
        ],
        [
            2,
            9
        ],
        [
            10,
            11
        ],
        [
            8,
            9
        ],
        [
            8
        ],
        [
            1,
            6
        ],
        [
            6,
            10
        ],
        [
            4,
            11
        ],
        [
            9,
            10
        ],
        [
            5,
            10
        ],
        [
            1
        ],
        [
            0,
            8
        ],
        [
            0,
            3
        ],
        [
            6,
            11
        ],
        [
            2,
            11
        ],
        [
            0
        ],
        [
            11
        ],
        [
            2,
            6
        ],
        [
            3,
            8
        ],
        [
            0,
            9
        ],
        [
            0,
            10
        ],
        [
            5,
            9
        ],
        [
            1,
            4
        ],
        [
            10
        ],
        [
            1,
            5
        ],
        [
            6
        ],
        [
            3
        ],
        [
            5,
            7
        ],
        [
            4,
            10
        ],
        [
            4,
            6
        ],
        [
            0,
            2
        ],
        [
            9
        ],
        [
            0,
            7
        ],
        [
            7,
            8
        ],
        [
            5,
            8
        ],
        [
            4,
            8
        ],
        [
            1,
            8
        ]
    ],
    "c": [
        -3.1655863385818583,
        -1.0975852212508164,
        -0.12354006360176406,
        1.190525330314367,
        4.19570213732089,
        -0.470219599899119,
        2.3305376973433116,
        -0.885853097395831,
        3.3693658259415233,
        4.496037207771707,
        -3.144685480136631,
        2.5233974664605094,
        -0.12158473718381657,
        3.122213467311587,
        1.5198619712944375,
        -4.054307975357255,
        3.934085355101752,
        2.4254616626410463,
        -1.240753807571846,
        1.0039852775913092,
        2.1353180156955887,
        0.707343567980427,
        4.589304736573036,
        4.4529938433880325,
        -1.598100177485564,
        -2.666404117238489,
        3.9620168329301215,
        4.661854305582745,
        -4.4563397166857355,
        -0.3937999049271115,
        -3.8183335736809862,
        0.5280983787693794,
        -4.6798508649690405,
        2.922875236292839,
        2.2662140695907915,
        0.3624352907867836,
        1.9005552589408534,
        -0.6259103406501616,
        -0.10540428586355599,
        -0.021420758953128782,
        0.7666194011911038,
        3.2246844926843625,
        4.670056338899872,
        -4.157143309110437,
        -4.598330093733555,
        -1.4133518023378544
    ],
    "label": {
        "x": [
            0.0,
            1.0,
            0.0,
            1.0,
            0.0,
            0.0,
            0.0,
            1.0,
            0.0,
            0.0,
            0.0,
            1.0
        ],
        "z": [
            -1.0,
            1.0,
            -1.0,
            1.0,
            -1.0,
            -1.0,
            -1.0,
            1.0,
            -1.0,
            -1.0,
            -1.0,
            1.0
        ],
        "obj_val": -61.63944878960639
    }
}