{
    "J": [
        [
            4,
            7
        ],
        [
            9,
            10
        ],
        [
            7,
            9
        ],
        [
            0
        ],
        [
            5,
            11
        ],
        [
            8,
            10
        ],
        [
            0,
            2
        ],
        [
            11
        ],
        [
            0,
            9
        ],
        [
            4
        ],
        [
            2
        ],
        [
            6,
            9
        ],
        [
            0,
            5
        ],
        [
            6,
            8
        ],
        [
            9
        ],
        [
            0,
            6
        ],
        [
            4,
            10
        ],
        [
            4,
            8
        ],
        [
            3,
            8
        ],
        [
            6,
            10
        ],
        [
            4,
            9
        ],
        [
            4,
            6
        ],
        [
            0,
            3
        ],
        [
            2,
            8
        ],
        [
            0,
            11
        ],
        [
            5,
            10
        ],
        [
            3,
            9
        ],
        [
            2,
            3
        ],
        [
            5,
            7
        ],
        [
            2,
            7
        ],
        [
            3,
            11
        ],
        [
            2,
            10
        ],
        [
            0,
            7
        ],
        [
            2,
            5
        ],
        [
            2,
            9
        ],
        [
            1,
            11
        ],
        [
            0,
            8
        ],
        [
            1
        ],
        [
            8,
            11
        ],
        [
            5,
            9
        ],
        [
            1,
            9
        ],
        [
            7
        ],
        [
            6,
            11
        ],
        [
            9,
            11
        ],
        [
            3,
            7
        ],
        [
            7,
            11
        ]
    ],
    "c": [
        -3.4559071652950424,
        -4.83002222536543,
        2.5983036638095065,
        3.6563269374590686,
        4.568473421785292,
        -4.223776875374476,
        -0.774108628658472,
        2.0393001496953875,
        -0.3105538127673242,
        -0.15935470572216026,
        2.1446547128543045,
        -4.2543711822319805,
        2.2841485948962967,
        -3.7894945059086025,
        -1.9044067410123522,
        2.6551017989141004,
        3.5378778284060246,
        -0.33868182106320344,
        -2.0420876090282514,
        -3.8445910226971214,
        -1.6812621168162147,
        -1.1683299014807966,
        4.555138849556679,
        4.522344022009673,
        1.7718501314505852,
        2.9013064673951643,
        1.8106861408439388,
        -1.0133960870928291,
        3.9079102220744026,
        4.298583898781647,
        1.210224636865017,
        0.18174133819959692,
        4.723904718867173,
        4.76086399039065,
        -3.9530442824653433,
        -3.511376754965384,
        -1.3169865422789706,
        4.133359677775536,
        3.5776685550490424,
        -3.6665100142916596,
        1.7574375544682646,
        -4.412771809780999,
        -4.190216475781217,
        -2.043636272988145,
        1.3852233662844178,
        -3.9803427267319114
    ],
    "label": {
        "x": [
            0.0,
            0.0,
            0.0,
            1.0,
            1.0,
            1.0,
            0.0,
            1.0,
            1.0,
            0.0,
            0.0,
            0.0
        ],
        "z": [
            -1.0,
            -1.0,
            -1.0,
            1.0,
            1.0,
            1.0,
            -1.0,
            1.0,
            1.0,
            -1.0,
            -1.0,
            -1.0
        ],
        "obj_val": -61.040120112871286
    }
}