{
    "J": [
        [
            4,
            9
        ],
        [
            0,
            2
        ],
        [
            5
        ],
        [
            0,
            11
        ],
        [
            7,
            9
        ],
        [
            6,
            10
        ],
        [
            0,
            10
        ],
        [
            9,
            10
        ],
        [
            8,
            11
        ],
        [
            3,
            9
        ],
        [
            7,
            11
        ],
        [
            4,
            10
        ],
        [
            1,
            11
        ],
        [
            7,
            8
        ],
        [
            11
        ],
        [
            5,
            7
        ],
        [
            1,
            10
        ],
        [
            7,
            10
        ],
        [
            1,
            8
        ],
        [
            5,
            8
        ],
        [
            4
        ],
        [
            2,
            6
        ],
        [
            8,
            9
        ],
        [
            2
        ],
        [
            2,
            8
        ],
        [
            3,
            4
        ],
        [
            4,
            7
        ],
        [
            2,
            3
        ],
        [
            6,
            11
        ],
        [
            1,
            4
        ],
        [
            2,
            4
        ],
        [
            0,
            5
        ],
        [
            3,
            5
        ],
        [
            3,
            8
        ],
        [
            3,
            7
        ],
        [
            0,
            6
        ],
        [
            5,
            6
        ],
        [
            0
        ],
        [
            6,
            9
        ],
        [
            6,
            8
        ],
        [
            5,
            10
        ],
        [
            8,
            10
        ],
        [
            10,
            11
        ],
        [
            7
        ],
        [
            9,
            11
        ],
        [
            1,
            7
        ]
    ],
    "c": [
        1.9422508698832264,
        0.5808825689083088,
        -0.4132631053731197,
        2.6276983025753147,
        -4.791288757533334,
        2.7347692203037237,
        1.5825914903380598,
        3.1326871318705045,
        4.678602144591624,
        -4.881801338868804,
        -0.10981160196408712,
        -4.47984222936785,
        0.0185183804229041,
        2.9768193374176892,
        -2.6330486451208968,
        4.0026394806152314,
        -4.261539286399242,
        -4.588610134692235,
        1.331338115073768,
        -2.248915420844675,
        3.203717612798746,
        -3.802254126323883,
        2.197841560831492,
        2.1501204985937097,
        3.927939698045682,
        4.504877940081808,
        -1.1398306594409977,
        -2.1864372144689836,
        2.273211853968937,
        4.783199998753595,
        -2.399700457433588,
        2.007764968787269,
        -3.0473386673847704,
        1.986151581303261,
        -3.026387065132493,
        3.971096619142916,
        -4.064294372694635,
        1.2317134770869913,
        1.6904682223336733,
        -0.5367567876672732,
        4.690574332299985,
        1.549003036278921,
        0.3906538725668902,
        -4.172485378113806,
        4.4836931978430705,
        4.312333485484142
    ],
    "label": {
        "x": [
            1.0,
            1.0,
            0.0,
            1.0,
            0.0,
            0.0,
            0.0,
            1.0,
            0.0,
            1.0,
            1.0,
            1.0
        ],
        "z": [
            1.0,
            1.0,
            -1.0,
            1.0,
            -1.0,
            -1.0,
            -1.0,
            1.0,
            -1.0,
            1.0,
            1.0,
            1.0
        ],
        "obj_val": -61.797682422487554
    }
}