{
    "J": [
        [
            1,
            6
        ],
        [
            7,
            9
        ],
        [
            8
        ],
        [
            3
        ],
        [
            1,
            5
        ],
        [
            5,
            9
        ],
        [
            2,
            6
        ],
        [
            2,
            8
        ],
        [
            2,
            9
        ],
        [
            1,
            2
        ],
        [
            9,
            10
        ],
        [
            7,
            10
        ],
        [
            0,
            11
        ],
        [
            2,
            11
        ],
        [
            6
        ],
        [
            0
        ],
        [
            4
        ],
        [
            5,
            8
        ],
        [
            1,
            3
        ],
        [
            5,
            11
        ],
        [
            9
        ],
        [
            1
        ],
        [
            5,
            7
        ]
    ],
    "c": [
        -3.8559375275031584,
        -4.66189853576716,
        4.739510505599926,
        4.983598665408083,
        -2.557281349745617,
        4.5559820187027,
        -1.1802853122316934,
        1.2161675914070056,
        2.784732629772268,
        4.05314084778237,
        1.9938223748596906,
        -2.633073273151778,
        -3.9924107540594713,
        -3.145789511774695,
        0.28726002091216785,
        2.553063824753476,
        4.036902280261202,
        -3.057221484368174,
        -1.2653944318330677,
        1.7107407312051626,
        0.1059815984898238,
        3.4955842984053564,
        4.4906065777219695
    ],
    "label": {
        "x": [
            1.0,
            0.0,
            1.0,
            0.0,
            0.0,
            0.0,
            0.0,
            1.0,
            0.0,
            1.0,
            1.0,
            1.0
        ],
        "z": [
            1.0,
            -1.0,
            1.0,
            -1.0,
            -1.0,
            -1.0,
            -1.0,
            1.0,
            -1.0,
            1.0,
            1.0,
            1.0
        ],
        "obj_val": -50.1206146655021
    }
}