{
    "J": [
        [
            9,
            11
        ],
        [
            11
        ],
        [
            4,
            8
        ],
        [
            4,
            11
        ],
        [
            8,
            11
        ],
        [
            0,
            6
        ],
        [
            9
        ],
        [
            8,
            9
        ],
        [
            8
        ],
        [
            2,
            10
        ],
        [
            0,
            8
        ],
        [
            3
        ],
        [
            5,
            11
        ],
        [
            0,
            5
        ],
        [
            2,
            11
        ],
        [
            5,
            7
        ],
        [
            0,
            9
        ],
        [
            2,
            8
        ],
        [
            6,
            11
        ],
        [
            0,
            2
        ],
        [
            1,
            2
        ],
        [
            0,
            1
        ],
        [
            4,
            10
        ]
    ],
    "c": [
        -1.153334575461764,
        0.6607393885036377,
        4.04791168533669,
        -0.36693741555836823,
        1.6156356955776499,
        0.5985599143163478,
        -4.758116029010936,
        -3.564687425334615,
        4.37847793712994,
        1.7290741479253278,
        3.7433217655866127,
        -1.1430872554591454,
        2.609931912123086,
        4.5217887751996795,
        -4.634810464027314,
        -4.320513155380751,
        0.5196739126166863,
        -4.817582485688272,
        -1.2050043734318647,
        1.3899537045635766,
        1.764262417745667,
        -4.333115010349905,
        -0.41271297654487604
    ],
    "label": {
        "x": [
            1.0,
            1.0,
            0.0,
            1.0,
            1.0,
            0.0,
            0.0,
            0.0,
            0.0,
            0.0,
            1.0,
            0.0
        ],
        "z": [
            1.0,
            1.0,
            -1.0,
            1.0,
            1.0,
            -1.0,
            -1.0,
            -1.0,
            -1.0,
            -1.0,
            1.0,
            -1.0
        ],
        "obj_val": -39.58799031833263
    }
}