{
    "J": [
        [
            6,
            10
        ],
        [
            6,
            11
        ],
        [
            0,
            5
        ],
        [
            1,
            5
        ],
        [
            3,
            4
        ],
        [
            5,
            6
        ],
        [
            4,
            10
        ],
        [
            0,
            2
        ],
        [
            5
        ],
        [
            3,
            8
        ],
        [
            4,
            8
        ],
        [
            0,
            1
        ],
        [
            1
        ],
        [
            3,
            6
        ],
        [
            3,
            5
        ],
        [
            7
        ],
        [
            8,
            9
        ],
        [
            2,
            8
        ],
        [
            1,
            11
        ],
        [
            0,
            7
        ],
        [
            3
        ],
        [
            0,
            4
        ],
        [
            2,
            5
        ],
        [
            5,
            9
        ],
        [
            6,
            8
        ],
        [
            2,
            6
        ],
        [
            0
        ],
        [
            10
        ],
        [
            5,
            11
        ],
        [
            4,
            5
        ],
        [
            2,
            7
        ],
        [
            6,
            9
        ],
        [
            1,
            2
        ],
        [
            8,
            10
        ],
        [
            2,
            11
        ],
        [
            0,
            10
        ],
        [
            0,
            6
        ],
        [
            7,
            9
        ],
        [
            1,
            6
        ],
        [
            2
        ],
        [
            4
        ],
        [
            3,
            10
        ],
        [
            4,
            7
        ],
        [
            6
        ],
        [
            4,
            6
        ],
        [
            1,
            9
        ]
    ],
    "c": [
        0.49176189448323093,
        2.1286639559923177,
        -1.7873996796614922,
        2.4318197866343976,
        -2.2800169904125545,
        -4.857169761897381,
        -1.575443967091262,
        -2.431389671509133,
        -2.4005790662768502,
        1.5286193035438655,
        -2.612223080837537,
        2.022885362582799,
        4.26750265214276,
        1.0852821513266413,
        -3.6352513392672448,
        -3.128444042906864,
        -1.2355909678867905,
        -4.086253401100405,
        -2.134181519109084,
        -3.748615993122587,
        -1.3531825568416989,
        1.2847959914071136,
        0.4963688149936054,
        -3.52799819491921,
        -3.7494628877656444,
        -1.5967776178890603,
        3.4126254301876138,
        4.207095961823976,
        0.8860043721525592,
        3.5150604365327816,
        4.940123764059329,
        4.397746793391683,
        4.683495900107905,
        -1.275348581933736,
        -4.149834619791454,
        -2.218197413841918,
        -1.7557159315971438,
        1.9912951353067712,
        -2.1013451244099732,
        -1.8370688431443307,
        -3.820963968541723,
        -0.16728943675552266,
        3.23169167729748,
        -3.648754808293815,
        -0.6213929226339889,
        -1.4129167736077566
    ],
    "label": {
        "x": [
            0.0,
            0.0,
            1.0,
            1.0,
            1.0,
            1.0,
            1.0,
            0.0,
            1.0,
            1.0,
            0.0,
            0.0
        ],
        "z": [
            -1.0,
            -1.0,
            1.0,
            1.0,
            1.0,
            1.0,
            1.0,
            -1.0,
            1.0,
            1.0,
            -1.0,
            -1.0
        ],
        "obj_val": -50.489467163741566
    }
}