{
    "J": [
        [
            6,
            7
        ],
        [
            6,
            11
        ],
        [
            1,
            6
        ],
        [
            6,
            8
        ],
        [
            5,
            11
        ],
        [
            5,
            10
        ],
        [
            2,
            5
        ],
        [
            4
        ],
        [
            4,
            9
        ],
        [
            2,
            9
        ],
        [
            11
        ],
        [
            1,
            4
        ],
        [
            7,
            8
        ],
        [
            2
        ],
        [
            1,
            2
        ],
        [
            2,
            6
        ],
        [
            5,
            6
        ],
        [
            9,
            10
        ],
        [
            3,
            9
        ],
        [
            1,
            11
        ],
        [
            6,
            9
        ],
        [
            7
        ],
        [
            2,
            8
        ],
        [
            1
        ],
        [
            3,
            5
        ],
        [
            0,
            2
        ],
        [
            0,
            3
        ],
        [
            4,
            11
        ],
        [
            1,
            3
        ],
        [
            2,
            10
        ],
        [
            8,
            9
        ],
        [
            9
        ],
        [
            1,
            5
        ],
        [
            7,
            11
        ],
        [
            10
        ],
        [
            0,
            5
        ],
        [
            1,
            9
        ],
        [
            2,
            7
        ],
        [
            5,
            8
        ],
        [
            9,
            11
        ],
        [
            3,
            8
        ],
        [
            3,
            4
        ],
        [
            2,
            4
        ],
        [
            7,
            9
        ],
        [
            3,
            6
        ],
        [
            2,
            3
        ]
    ],
    "c": [
        -0.7891660469703101,
        -4.148119341077761,
        3.5383203789363904,
        0.12534762928350407,
        -1.2237677100477748,
        3.507336102569603,
        -4.369763367078975,
        2.0664587671328114,
        -2.5052373097898495,
        0.6191253075959304,
        0.554419838076444,
        1.6063728767753718,
        -3.996707301996177,
        1.8780154672879954,
        -4.15198079264843,
        2.0440186549934216,
        -0.46687441644324323,
        -0.8228242750088057,
        -2.4773269498476647,
        0.8818163474206875,
        0.9591060275392191,
        -4.411467532997976,
        2.5116979763202245,
        -2.3032715530304193,
        -2.3911619793605707,
        1.497980873123657,
        3.8811741473600865,
        -1.484358711608075,
        -3.399203491907853,
        0.2650108475533619,
        -0.2716586328022004,
        2.4357813378333626,
        -4.958068228956888,
        -2.6260542904124917,
        -0.45921528596020345,
        -1.5663902674914354,
        -3.1980262438769245,
        -1.7142243777061172,
        -0.11333304738756134,
        -3.6081417524267687,
        2.941029127410445,
        -2.342674463257004,
        0.05429924972092337,
        -0.17110207373605846,
        2.235604769084347,
        -3.187656758541361
    ],
    "label": {
        "x": [
            1.0,
            0.0,
            0.0,
            0.0,
            0.0,
            0.0,
            1.0,
            1.0,
            1.0,
            0.0,
            1.0,
            1.0
        ],
        "z": [
            1.0,
            -1.0,
            -1.0,
            -1.0,
            -1.0,
            -1.0,
            1.0,
            1.0,
            1.0,
            -1.0,
            1.0,
            1.0
        ],
        "obj_val": -63.349668490105415
    }
}