{
    "J": [
        [
            0,
            5
        ],
        [
            8,
            10
        ],
        [
            7,
            10
        ],
        [
            3,
            9
        ],
        [
            0,
            11
        ],
        [
            0,
            3
        ],
        [
            2,
            3
        ],
        [
            1,
            5
        ],
        [
            11
        ],
        [
            1,
            6
        ],
        [
            7,
            11
        ],
        [
            6,
            8
        ],
        [
            4
        ],
        [
            3,
            7
        ],
        [
            4,
            5
        ],
        [
            5
        ],
        [
            2,
            9
        ],
        [
            0,
            10
        ],
        [
            8
        ],
        [
            9,
            11
        ],
        [
            1,
            9
        ],
        [
            1,
            11
        ],
        [
            4,
            8
        ],
        [
            5,
            6
        ],
        [
            2,
            7
        ],
        [
            4,
            6
        ],
        [
            3,
            11
        ],
        [
            0,
            9
        ],
        [
            1,
            4
        ],
        [
            0,
            7
        ],
        [
            8,
            9
        ],
        [
            0,
            8
        ],
        [
            6,
            9
        ],
        [
            2
        ],
        [
            3,
            4
        ],
        [
            1,
            8
        ],
        [
            1,
            7
        ],
        [
            7,
            8
        ],
        [
            2,
            5
        ],
        [
            4,
            9
        ],
        [
            0,
            6
        ],
        [
            3,
            5
        ],
        [
            7,
            9
        ],
        [
            10,
            11
        ],
        [
            2,
            8
        ],
        [
            9,
            10
        ]
    ],
    "c": [
        -3.524255151170217,
        3.5815267440164273,
        4.0345928772695245,
        -2.8225919086741036,
        0.41549779943708565,
        2.0906285960551063,
        -2.9212119078487686,
        -2.121193610031098,
        -1.8888589914352716,
        -3.141827680206929,
        -4.318055562476701,
        -3.2770884540313308,
        0.08709540413951533,
        4.8881601331723985,
        1.872390661517402,
        -4.914853492905509,
        4.266907526309028,
        4.236366376642273,
        -3.5003691146442417,
        -4.889432034313214,
        0.7485885943330928,
        -4.63719494834907,
        -3.106246665242325,
        -4.865094777623425,
        2.3803699728547176,
        0.35913000866558153,
        2.000491590918358,
        -4.014119298869874,
        1.6554991830374357,
        0.8533437326090212,
        4.189232009402861,
        2.620045028683462,
        4.347371100293177,
        3.963371331149787,
        2.3520637121279817,
        0.997401841259764,
        -2.7853222046585504,
        3.375316141058546,
        -0.664485195944156,
        -0.8605842656941594,
        4.359112445232155,
        -2.4355588891311997,
        -2.79630169787092,
        1.6686821021777822,
        -1.3650593480397943,
        3.468388333495472
    ],
    "label": {
        "x": [
            1.0,
            1.0,
            0.0,
            0.0,
            0.0,
            1.0,
            0.0,
            1.0,
            0.0,
            1.0,
            0.0,
            1.0
        ],
        "z": [
            1.0,
            1.0,
            -1.0,
            -1.0,
            -1.0,
            1.0,
            -1.0,
            1.0,
            -1.0,
            1.0,
            -1.0,
            1.0
        ],
        "obj_val": -76.45995359880399
    }
}