{
    "J": [
        [
            7,
            8
        ],
        [
            5
        ],
        [
            3,
            4
        ],
        [
            2,
            3
        ],
        [
            4,
            6
        ],
        [
            0,
            11
        ],
        [
            2,
            4
        ],
        [
            4
        ],
        [
            2
        ],
        [
            1,
            10
        ],
        [
            1,
            6
        ],
        [
            0,
            10
        ],
        [
            7,
            10
        ],
        [
            5,
            7
        ],
        [
            9
        ],
        [
            3,
            10
        ],
        [
            1,
            4
        ],
        [
            3,
            7
        ],
        [
            7,
            11
        ],
        [
            1
        ],
        [
            0,
            8
        ],
        [
            4,
            10
        ],
        [
            6
        ],
        [
            3,
            5
        ],
        [
            7,
            9
        ],
        [
            1,
            11
        ],
        [
            8,
            9
        ],
        [
            2,
            11
        ],
        [
            8
        ],
        [
            4,
            8
        ],
        [
            0,
            5
        ],
        [
            1,
            2
        ],
        [
            11
        ],
        [
            8,
            10
        ],
        [
            10
        ],
        [
            7
        ],
        [
            0,
            9
        ],
        [
            5,
            6
        ],
        [
            5,
            10
        ],
        [
            4,
            9
        ],
        [
            1,
            7
        ],
        [
            0,
            3
        ],
        [
            2,
            10
        ],
        [
            0,
            1
        ],
        [
            4,
            7
        ],
        [
            6,
            7
        ]
    ],
    "c": [
        2.9474937666652457,
        3.940410070631904,
        4.513702182726341,
        0.16125678755391615,
        2.934978866412573,
        3.252111831510053,
        1.8515648471326793,
        3.623116295986078,
        2.5656926977147156,
        1.5004160156829798,
        4.031481151907586,
        4.777775575654555,
        -1.3940900039771376,
        -3.888825405306137,
        4.971914896774198,
        4.854125117360621,
        2.832790978950128,
        1.480762971777759,
        0.989992094151515,
        -0.4139764135492623,
        -0.49747549605999986,
        4.603005544056288,
        -4.08909139546897,
        4.986616198739439,
        -0.6015561850001223,
        4.410735402274893,
        0.6405522198301021,
        4.873318777686617,
        4.284673040346348,
        1.7931974845938212,
        -1.1369825020612314,
        4.597825585830135,
        -3.092317843966328,
        3.679124966205773,
        4.32766079372483,
        -3.7215294983193714,
        4.9052858671959925,
        -1.4442543603300173,
        -1.7237157579811635,
        3.7240034504420585,
        -4.661881498913768,
        2.9964119163325087,
        -3.6536646462561895,
        -0.31769883279933353,
        -2.804319246445802,
        1.2031542644319355
    ],
    "label": {
        "x": [
            1.0,
            0.0,
            0.0,
            1.0,
            0.0,
            0.0,
            1.0,
            0.0,
            1.0,
            0.0,
            0.0,
            1.0
        ],
        "z": [
            1.0,
            -1.0,
            -1.0,
            1.0,
            -1.0,
            -1.0,
            1.0,
            -1.0,
            1.0,
            -1.0,
            -1.0,
            1.0
        ],
        "obj_val": -62.34204111203362
    }
}