{
    "J": [
        [
            10,
            11
        ],
        [
            6,
            10
        ],
        [
            10
        ],
        [
            2,
            6
        ],
        [
            2
        ],
        [
            2,
            3
        ],
        [
            1,
            3
        ],
        [
            1,
            11
        ],
        [
            6,
            7
        ],
        [
            2,
            5
        ],
        [
            3,
            8
        ],
        [
            7
        ],
        [
            5
        ],
        [
            5,
            6
        ],
        [
            7,
            11
        ],
        [
            4,
            6
        ],
        [
            1,
            5
        ],
        [
            9,
            11
        ],
        [
            0,
            10
        ],
        [
            2,
            4
        ],
        [
            0,
            1
        ],
        [
            3,
            6
        ],
        [
            3,
            7
        ],
        [
            6,
            11
        ],
        [
            1,
            6
        ],
        [
            2,
            7
        ],
        [
            3,
            10
        ],
        [
            5,
            7
        ],
        [
            3,
            5
        ],
        [
            3,
            9
        ],
        [
            0,
            7
        ],
        [
            2,
            9
        ],
        [
            6,
            9
        ],
        [
            4,
            11
        ],
        [
            0,
            11
        ],
        [
            0,
            3
        ],
        [
            7,
            8
        ],
        [
            2,
            11
        ],
        [
            7,
            10
        ],
        [
            3,
            11
        ],
        [
            0,
            8
        ],
        [
            4
        ],
        [
            3
        ],
        [
            1,
            7
        ],
        [
            6
        ],
        [
            0,
            2
        ]
    ],
    "c": [
        -3.4316144973106444,
        0.8893288179803012,
        -0.9519925030896736,
        -3.515617045563064,
        -0.5154916420470412,
        4.595954865544517,
        -4.943062229124994,
        -0.08147852985178439,
        4.99942370738313,
        -2.111119513018785,
        2.394563232659883,
        1.6743153720215247,
        -2.221007077131889,
        -2.028483479302594,
        3.317982882331087,
        0.336500315546294,
        0.8270287863160295,
        2.735468398320556,
        0.3484244609358065,
        -1.9320478857467727,
        -2.767859128221395,
        -3.3663781907036725,
        -4.7581555231670025,
        -0.4923343228678858,
        -2.957515978609803,
        -1.3021996858356455,
        2.770394408917416,
        -1.2378710501653956,
        0.3403900974041658,
        -0.1561270174457512,
        3.0297567653109816,
        -4.9335383539654964,
        -2.25204927019052,
        -0.9476825480764397,
        -2.4871649011135433,
        -3.918807789092348,
        -2.7751241238938364,
        -1.7280416176653643,
        -1.050657360167154,
        3.391226179865418,
        -1.8043099104727789,
        3.5655387992368563,
        1.8017842768591352,
        -1.743505556794256,
        -2.352817140091968,
        -0.5651787633214314
    ],
    "label": {
        "x": [
            0.0,
            0.0,
            1.0,
            0.0,
            0.0,
            1.0,
            1.0,
            0.0,
            0.0,
            1.0,
            1.0,
            1.0
        ],
        "z": [
            -1.0,
            -1.0,
            1.0,
            -1.0,
            -1.0,
            1.0,
            1.0,
            -1.0,
            -1.0,
            1.0,
            1.0,
            1.0
        ],
        "obj_val": -52.08047575006381
    }
}