{
    "J": [
        [
            4,
            6
        ],
        [
            7
        ],
        [
            2,
            7
        ],
        [
            7,
            11
        ],
        [
            6,
            8
        ],
        [
            1,
            2
        ],
        [
            0,
            11
        ],
        [
            11
        ],
        [
            3,
            11
        ],
        [
            0,
            2
        ],
        [
            1,
            11
        ],
        [
            7,
            8
        ],
        [
            1,
            6
        ],
        [
            1,
            8
        ],
        [
            4,
            9
        ],
        [
            6,
            10
        ],
        [
            1,
            4
        ],
        [
            2,
            8
        ],
        [
            8,
            9
        ],
        [
            10
        ],
        [
            4,
            11
        ],
        [
            3,
            4
        ],
        [
            2,
            5
        ]
    ],
    "c": [
        2.4991048343407885,
        1.1537386318039964,
        0.9407966556922069,
        -1.984187065749905,
        2.0170903229468475,
        2.7608570630758233,
        -2.495839213112254,
        -3.3859885760748263,
        2.8179077741501075,
        -0.23912344416145448,
        -0.5689238515514639,
        -3.5400349458552127,
        4.655165536392838,
        1.2700637796953256,
        2.2934325527981034,
        1.414121411188777,
        -0.39705104202566144,
        2.7923418054687685,
        3.7558124274911098,
        -2.180996082477764,
        -3.354205597159,
        4.05582064575807,
        3.753813288258856
    ],
    "label": {
        "x": [
            1.0,
            1.0,
            0.0,
            0.0,
            1.0,
            1.0,
            0.0,
            1.0,
            1.0,
            0.0,
            1.0,
            1.0
        ],
        "z": [
            1.0,
            1.0,
            -1.0,
            -1.0,
            1.0,
            1.0,
            -1.0,
            1.0,
            1.0,
            -1.0,
            1.0,
            1.0
        ],
        "obj_val": -49.00056483590761
    }
}