{
    "J": [
        [
            3
        ],
        [
            3,
            11
        ],
        [
            3,
            7
        ],
        [
            3,
            8
        ],
        [
            6,
            7
        ],
        [
            1,
            11
        ],
        [
            4,
            9
        ],
        [
            11
        ],
        [
            2,
            4
        ],
        [
            8,
            10
        ],
        [
            5,
            6
        ],
        [
            9,
            11
        ],
        [
            7,
            9
        ],
        [
            0,
            4
        ],
        [
            1,
            3
        ],
        [
            6,
            9
        ],
        [
            6
        ],
        [
            3,
            10
        ],
        [
            2,
            7
        ],
        [
            10,
            11
        ],
        [
            2,
            6
        ],
        [
            0,
            6
        ],
        [
            5,
            9
        ],
        [
            2
        ],
        [
            0,
            9
        ],
        [
            2,
            5
        ],
        [
            5,
            10
        ],
        [
            1
        ],
        [
            6,
            10
        ],
        [
            0,
            2
        ],
        [
            1,
            6
        ],
        [
            4,
            11
        ],
        [
            2,
            10
        ],
        [
            8,
            11
        ],
        [
            5,
            8
        ],
        [
            1,
            2
        ],
        [
            9
        ],
        [
            2,
            8
        ],
        [
            0,
            1
        ],
        [
            2,
            11
        ],
        [
            0,
            11
        ],
        [
            4,
            8
        ],
        [
            1,
            5
        ],
        [
            5
        ],
        [
            0,
            5
        ],
        [
            2,
            9
        ]
    ],
    "c": [
        -2.624349934487684,
        -0.5715502799994798,
        4.214154069338852,
        -4.842301533608156,
        -1.4885840600912226,
        0.3113134428054041,
        -2.006208863821468,
        4.5803180211444054,
        -0.12862122216638383,
        2.8299287711027468,
        1.4752137314956322,
        -3.1760111791183707,
        1.3236697344854509,
        4.855966034098335,
        1.9528776881078596,
        2.69452657401785,
        1.3407562435457887,
        3.0698807163570567,
        3.4181151926444002,
        1.5153898779676656,
        2.8082039838394346,
        -0.7723733897903795,
        1.1395605027839109,
        1.7657218316394019,
        4.09296717067625,
        0.8694899297852308,
        4.91313341528037,
        4.622432655355709,
        3.5535163006554207,
        -3.325796466779148,
        -1.1547596305357386,
        -4.699239682800661,
        -3.1564243424979708,
        -2.7420127870974174,
        1.658591737306856,
        3.546851137342978,
        2.540917300910783,
        -4.785744921751807,
        2.8805051587106023,
        -4.007425362215688,
        4.139996010382616,
        3.5201480759592503,
        4.615656959434233,
        1.4069576967206574,
        -4.954272379770734,
        0.8212972182178389
    ],
    "label": {
        "x": [
            1.0,
            0.0,
            1.0,
            1.0,
            0.0,
            1.0,
            0.0,
            0.0,
            1.0,
            0.0,
            0.0,
            0.0
        ],
        "z": [
            1.0,
            -1.0,
            1.0,
            1.0,
            -1.0,
            1.0,
            -1.0,
            -1.0,
            1.0,
            -1.0,
            -1.0,
            -1.0
        ],
        "obj_val": -73.95856420034276
    }
}